0.382,0.441,0.370,0.324,0.278,0.332,0.373,0.360,0.299,0.197,0.179,0.234,0.242,0.363,0.512,0.419,0.345,0.320,0.304,0.296,0.440,0.508,0.545,0.711,0.627,0.487,0.363,0.318,0.376,0.296,0.183,0.047,0.101,0.225,0.429,0.582,0.437,0.310,0.314,0.442,0.495,0.338,0.266,0.232,0.052,-0.068,0.002,0.154,0.145,0.044,0.047,-0.004,0.049,0.199,0.334,0.536,0.534,0.344,0.275,0.378,0.477,0.530,0.508,0.519,0.656,0.755,0.723,0.743,0.703,0.628,0.535,0.493,0.567,0.518,0.403,0.313,0.194,0.131,0.050,-0.028,0.038,0.140,0.233,0.306,0.288,0.295,0.386,0.386,0.424,0.511,0.534,0.438,0.415,0.496,0.588,0.541,0.447,0.475,0.457,0.342,0.299,0.405,0.337,0.207,0.194,0.168,0.088,0.072,0.260
0.509,0.583,0.564,0.347,0.354,0.441,0.461,0.369,0.268,0.401,0.339,0.364,0.227,0.126,0.180,0.293,0.117,0.223,0.430,0.563,0.526,0.498,0.578,0.364,0.150,0.030,0.029,0.081,0.191,0.294,0.012,-0.038,0.024,0.369,0.582,0.401,0.253,0.325,0.393,0.410,0.550,0.627,0.691,0.600,0.558,0.334,0.291,0.102,0.253,0.314,0.312,0.421,0.415,0.315,0.398,0.404,0.437,0.215,0.200,0.296,0.403,0.448,0.435,0.296,0.228,0.230,0.316,0.453,0.504,0.385,0.357,0.292,0.397,0.295,0.152,-0.028,-0.078,-0.070,-0.017,-0.041,0.014,0.183,0.221,0.124,-0.019,-0.015,0.180,0.320,0.424,0.407,0.325,0.140,-0.120,-0.097,0.114,0.388,0.477,0.390,0.329,0.246,0.223,0.288,0.406,0.426,0.395,0.335,0.200,0.119,0.360
0.073,0.168,0.254,0.194,0.376,0.638,0.636,0.520,0.469,0.402,0.335,0.335,0.338,0.343,0.505,0.452,0.188,0.073,0.106,0.225,0.483,0.526,0.464,0.519,0.497,0.484,0.431,0.284,0.189,0.167,0.273,0.394,0.319,0.321,0.258,0.115,0.089,0.073,0.193,0.337,0.414,0.572,0.495,0.222,0.077,0.071,0.086,0.154,0.171,0.159,0.253,0.468,0.550,0.351,0.316,0.344,0.205,0.126,0.218,0.381,0.432,0.519,0.529,0.380,0.285,0.205,0.190,0.323,0.389,0.282,0.268,0.389,0.389,0.136,-0.026,0.002,0.013,0.074,0.130,0.060,-0.005,0.018,0.143,0.241,0.230,0.152,0.107,0.132,0.133,0.170,0.168,0.094,0.031,0.032,0.063,0.123,0.205,0.246,0.222,0.177,0.085,-0.047,-0.127,-0.082,-0.026,0.001,0.106,0.206,0.281
0.322,0.501,0.392,0.170,0.098,0.171,0.441,0.682,0.743,0.636,0.363,0.224,0.093,0.191,0.340,0.612,0.339,0.048,0.094,0.251,0.324,0.354,0.141,0.089,0.104,0.274,0.433,0.304,0.271,0.410,0.440,0.395,0.335,0.450,0.589,0.640,0.450,0.435,0.136,0.050,0.128,0.317,0.381,0.418,0.420,0.268,0.445,0.354,0.351,0.293,0.217,0.149,0.209,0.248,0.240,0.261,0.319,0.484,0.563,0.527,0.501,0.326,0.334,0.380,0.587,0.665,0.568,0.388,0.477,0.559,0.312,-0.071,-0.141,-0.043,0.046,0.063,0.037,0.020,0.071,0.024,-0.002,0.078,0.199,0.201,0.269,0.323,0.231,0.114,0.228,0.276,0.192,0.093,-0.002,0.087,0.051,0.102,0.160,0.227,0.180,0.116,0.068,0.022,0.012,0.134,0.132,0.181,0.212,0.231,0.231
0.833,0.805,0.544,0.385,0.427,0.634,0.807,0.743,0.796,0.871,0.728,0.615,0.615,0.704,0.665,0.482,0.562,0.610,0.702,0.536,0.289,0.187,0.183,0.301,0.255,0.361,0.497,0.731,0.796,0.745,0.790,0.738,0.588,0.536,0.431,0.487,0.435,0.673,0.695,0.650,0.516,0.670,0.669,0.685,0.647,0.589,0.654,0.594,0.542,0.563,0.640,0.617,0.634,0.583,0.504,0.386,0.451,0.538,0.528,0.619,0.531,0.569,0.603,0.553,0.445,0.400,0.294,0.207,0.403,0.469,0.464,0.214,0.077,-0.045,0.043,-0.026,-0.031,0.010,0.071,0.083,0.092,0.274,0.308,0.291,0.193,0.106,0.082,0.058,0.119,0.226,0.276,0.252,0.287,0.171,0.114,0.084,0.150,0.080,0.137,0.177,0.167,0.137,0.046,-0.109,-0.166,-0.195,-0.284,-0.250,-0.049
0.453,0.381,0.315,0.395,0.458,0.497,0.530,0.567,0.581,0.368,0.369,0.395,0.201,-0.074,0.045,0.322,0.387,0.367,0.360,0.463,0.487,0.378,0.261,0.259,0.301,0.223,0.224,0.359,0.546,0.625,0.351,0.205,0.331,0.361,0.536,0.538,0.494,0.558,0.571,0.525,0.608,0.655,0.695,0.766,0.698,0.629,0.502,0.444,0.421,0.403,0.326,0.373,0.396,0.462,0.514,0.497,0.229,0.236,0.378,0.515,0.598,0.532,0.468,0.573,0.677,0.694,0.529,0.486,0.543,0.481,0.382,0.184,0.074,0.070,0.085,0.172,0.199,0.261,0.189,0.264,0.380,0.389,0.219,0.223,0.219,0.207,0.258,0.200,0.154,0.102,0.101,0.173,0.174,0.129,0.165,0.281,0.322,0.266,0.230,0.200,0.288,0.319,0.376,0.308,0.277,0.255,0.287,0.363,0.543
0.484,0.403,0.406,0.214,0.133,0.141,0.077,0.091,0.402,0.653,0.629,0.518,0.105,0.083,0.153,0.394,0.307,0.316,0.475,0.463,0.704,0.487,0.371,0.301,0.285,0.324,0.310,0.257,0.056,0.001,0.103,0.249,0.358,0.319,0.349,0.385,0.449,0.272,0.311,0.280,0.307,0.151,0.071,0.133,0.233,0.139,0.198,0.257,0.490,0.553,0.424,0.329,0.336,0.212,0.309,0.230,0.205,0.247,0.348,0.351,0.354,0.316,0.327,0.299,0.244,0.125,0.160,0.195,0.186,0.101,0.069,0.108,0.233,0.277,0.212,0.245,0.238,0.031,-0.088,-0.015,0.106,0.161,0.165,0.161,0.159,0.184,0.268,0.276,0.115,0.146,0.214,0.358,0.456,0.508,0.538,0.635,0.598,0.496,0.288,0.239,0.394,0.499,0.497,0.397,0.224,0.177,0.137,0.054,-0.069
0.492,0.587,0.719,0.588,0.478,0.313,0.055,-0.042,0.144,0.270,0.251,0.274,0.461,0.581,0.502,0.519,0.551,0.489,0.476,0.548,0.318,0.139,0.262,0.324,0.182,0.160,0.095,-0.030,0.032,0.207,0.348,0.318,0.300,0.370,0.422,0.482,0.476,0.440,0.436,0.418,0.530,0.653,0.448,0.380,0.348,0.238,0.262,0.306,0.364,0.416,0.532,0.660,0.560,0.404,0.344,0.246,0.173,0.229,0.381,0.508,0.545,0.572,0.716,0.855,0.835,0.606,0.310,0.283,0.429,0.519,0.527,0.343,0.137,0.081,0.029,-0.033,-0.033,-0.079,-0.035,0.071,0.097,0.179,0.194,0.237,0.330,0.462,0.562,0.606,0.534,0.480,0.515,0.452,0.466,0.464,0.263,0.063,0.089,0.187,0.346,0.474,0.432,0.333,0.279,0.330,0.393,0.385,0.304,0.117,-0.043
0.159,0.131,0.029,0.065,0.243,0.216,0.274,0.390,0.411,0.483,0.259,0.182,0.262,0.397,0.451,0.289,0.044,0.151,0.165,0.322,0.361,0.348,0.469,0.392,0.377,0.532,0.499,0.420,0.082,0.009,0.003,-0.120,0.000,0.217,0.356,0.372,0.253,0.188,0.067,-0.055,0.090,0.159,0.127,0.134,0.188,0.272,0.333,0.479,0.536,0.605,0.452,0.496,0.533,0.498,0.385,0.255,0.130,0.162,0.220,0.481,0.556,0.539,0.521,0.514,0.360,0.336,0.278,0.326,0.433,0.441,0.462,0.437,0.380,0.258,0.148,-0.011,-0.056,-0.063,0.047,0.112,0.090,0.104,0.143,0.241,0.297,0.324,0.271,0.233,0.324,0.352,0.357,0.433,0.329,0.275,0.400,0.340,0.324,0.286,0.212,0.128,0.309,0.491,0.527,0.307,0.142,0.128,0.231,0.217,0.250
0.229,0.263,0.183,0.252,0.302,0.355,0.323,0.329,0.435,0.463,0.487,0.476,0.554,0.558,0.505,0.486,0.443,0.442,0.470,0.608,0.653,0.493,0.433,0.394,0.346,0.333,0.334,0.304,0.093,0.214,0.337,0.235,0.276,0.443,0.595,0.495,0.294,0.292,0.398,0.400,0.463,0.433,0.458,0.587,0.561,0.332,0.195,0.324,0.310,0.116,0.073,0.305,0.416,0.287,0.153,0.053,-0.006,0.078,0.177,0.217,0.255,0.255,0.288,0.401,0.355,0.267,0.412,0.691,0.653,0.477,0.516,0.577,0.501,0.336,0.270,0.198,0.084,0.073,0.150,0.192,0.271,0.360,0.264,0.111,0.118,0.147,0.099,0.090,0.068,0.178,0.360,0.487,0.614,0.637,0.516,0.340,0.245,0.207,0.313,0.376,0.325,0.246,0.153,0.321,0.566,0.539,0.349,0.344,0.469
0.310,0.298,0.230,0.282,0.206,0.328,0.184,0.178,0.242,0.336,0.450,0.375,0.280,0.216,0.291,0.342,0.438,0.568,0.524,0.348,0.206,0.334,0.400,0.277,0.181,0.148,0.395,0.442,0.228,0.261,0.465,0.462,0.208,0.389,0.409,0.249,0.187,0.341,0.368,0.460,0.554,0.349,0.345,0.368,0.541,0.450,0.277,0.291,0.463,0.627,0.589,0.552,0.471,0.326,0.285,0.270,0.296,0.233,0.244,0.310,0.320,0.435,0.410,0.415,0.385,0.391,0.263,0.298,0.329,0.370,0.387,0.385,0.162,0.072,0.105,0.078,-0.010,-0.065,-0.079,0.079,0.239,0.302,0.362,0.276,0.115,0.009,0.054,0.127,0.333,0.376,0.305,0.067,0.012,0.090,0.085,0.255,0.260,0.209,0.119,0.068,-0.030,-0.010,-0.031,-0.051,-0.062,-0.090,-0.042,0.013,-0.003
0.115,0.383,0.527,0.462,0.381,0.185,0.184,0.253,0.362,0.432,0.303,0.362,0.530,0.536,0.431,0.490,0.615,0.527,0.532,0.344,0.394,0.423,0.230,0.454,0.550,0.523,0.453,0.272,0.294,0.367,0.479,0.664,0.696,0.701,0.516,0.482,0.412,0.410,0.419,0.195,0.073,0.151,0.255,0.152,0.169,0.452,0.541,0.478,0.504,0.506,0.561,0.489,0.362,0.364,0.460,0.341,0.272,0.391,0.455,0.505,0.647,0.658,0.412,0.240,0.193,0.126,0.081,0.066,0.237,0.443,0.591,0.688,0.623,0.429,0.347,0.214,0.137,0.183,0.238,0.177,0.050,0.051,0.148,0.223,0.235,0.309,0.423,0.376,0.296,0.252,0.280,0.243,0.314,0.493,0.550,0.545,0.475,0.324,0.095,-0.059,-0.116,-0.058,-0.041,-0.082,-0.179,-0.233,-0.269,-0.199,-0.157
0.742,0.679,0.524,0.395,0.377,0.506,0.259,0.251,0.308,0.536,0.615,0.621,0.445,0.401,0.484,0.296,0.349,0.535,0.677,0.268,0.017,0.345,0.629,0.507,0.333,0.215,0.289,0.156,0.206,0.502,0.607,0.463,0.312,0.325,0.311,0.299,0.399,0.459,0.322,0.185,0.153,0.134,0.249,0.329,0.281,0.205,0.153,0.182,0.337,0.418,0.448,0.252,0.306,0.487,0.530,0.417,0.246,0.256,0.500,0.690,0.765,0.715,0.677,0.459,0.474,0.488,0.300,0.281,0.404,0.521,0.454,0.338,0.127,0.105,0.139,0.080,0.151,0.140,0.073,-0.061,-0.065,-0.056,-0.018,0.012,-0.077,-0.068,-0.138,-0.079,-0.049,0.003,-0.028,0.031,-0.088,-0.169,-0.109,-0.119,-0.089,-0.103,-0.136,-0.131,-0.156,-0.060,-0.194,-0.214,-0.288,-0.308,-0.211,-0.170,-0.202
0.395,0.350,0.467,0.726,0.753,0.601,0.360,0.337,0.474,0.427,0.333,0.378,0.277,0.060,-0.007,0.075,0.226,0.318,0.288,0.459,0.633,0.522,0.481,0.428,0.381,0.433,0.342,0.107,0.008,0.235,0.366,0.324,0.445,0.444,0.233,0.266,0.430,0.454,0.504,0.488,0.311,0.308,0.346,0.355,0.235,0.331,0.500,0.350,0.333,0.334,0.350,0.437,0.481,0.522,0.478,0.388,0.496,0.677,0.713,0.673,0.492,0.291,0.238,0.220,0.253,0.284,0.182,0.132,0.209,0.288,0.272,0.175,0.046,-0.114,-0.226,-0.316,-0.274,-0.120,-0.137,-0.120,-0.026,0.038,0.002,-0.150,-0.193,-0.130,-0.114,-0.091,-0.081,-0.134,-0.177,-0.070,0.082,0.266,0.289,0.231,0.135,-0.055,-0.156,-0.174,-0.169,-0.201,-0.200,-0.161,-0.229,-0.241,-0.196,-0.216,-0.234
0.311,0.494,0.520,0.425,0.351,0.268,0.255,0.444,0.751,0.611,0.324,0.301,0.329,0.303,0.302,0.249,0.138,0.032,0.077,0.344,0.231,0.201,0.279,0.237,0.189,0.054,0.086,0.054,0.172,0.322,0.334,0.463,0.457,0.301,0.330,0.317,0.207,0.153,0.269,0.310,0.234,0.150,0.145,0.379,0.326,0.485,0.713,0.525,0.235,0.291,0.472,0.729,0.513,0.421,0.261,0.379,0.359,0.401,0.474,0.545,0.575,0.487,0.337,0.386,0.308,0.191,0.176,0.112,0.010,-0.035,-0.030,-0.243,-0.245,-0.325,-0.267,-0.182,-0.193,-0.199,-0.192,-0.183,-0.076,-0.008,-0.062,-0.205,-0.227,-0.140,-0.102,-0.225,-0.200,-0.035,0.114,0.142,0.194,0.120,-0.017,-0.151,-0.088,-0.216,-0.214,-0.117,-0.030,0.018,-0.033,-0.147,-0.208,-0.225,-0.203,-0.227,-0.254
0.300,0.365,0.434,0.348,0.291,0.178,0.032,0.115,0.201,0.270,0.366,0.366,0.344,0.484,0.392,0.124,0.138,0.510,0.904,0.877,0.668,0.459,0.568,0.648,0.527,0.413,0.288,0.204,0.157,0.366,0.577,0.545,0.423,0.510,0.497,0.306,0.233,0.349,0.501,0.395,0.235,0.217,0.259,0.515,0.723,0.622,0.362,0.339,0.574,0.683,0.690,0.561,0.464,0.438,0.508,0.618,0.658,0.481,0.269,0.284,0.378,0.382,0.245,0.174,0.108,0.080,0.055,-0.102,-0.087,-0.031,-0.022,0.034,0.033,-0.008,-0.001,-0.025,-0.140,-0.187,-0.156,-0.253,-0.259,-0.190,-0.197,-0.196,-0.164,-0.184,-0.213,-0.200,-0.151,-0.047,0.061,0.138,0.164,0.035,-0.044,-0.119,-0.202,-0.186,-0.207,-0.229,-0.241,-0.242,-0.152,-0.144,-0.172,-0.204,-0.303,-0.337,-0.305
0.018,-0.109,-0.005,-0.031,0.069,0.216,0.267,0.226,0.098,0.057,0.074,0.012,-0.016,-0.003,0.041,-0.138,-0.141,-0.210,-0.072,0.039,0.176,0.207,0.306,0.298,0.256,0.287,0.449,0.508,0.311,0.141,0.087,0.184,0.362,0.420,0.498,0.423,0.400,0.361,0.282,0.130,0.224,0.419,0.373,0.283,0.252,0.299,0.374,0.610,0.740,0.775,0.766,0.703,0.568,0.315,0.175,0.210,0.285,0.296,0.208,0.228,0.436,0.473,0.267,0.203,0.176,0.085,0.003,-0.082,-0.018,0.019,-0.050,-0.090,-0.103,-0.075,-0.203,-0.331,-0.353,-0.365,-0.289,-0.172,-0.098,-0.053,-0.065,-0.224,-0.335,-0.268,-0.185,-0.123,-0.055,0.022,0.108,0.268,0.351,0.297,0.183,0.062,-0.098,-0.031,0.008,-0.033,-0.096,-0.149,-0.104,-0.021,-0.175,-0.308,-0.267,-0.295,-0.258
-0.332,-0.191,-0.063,-0.136,-0.148,0.035,0.008,0.065,-0.026,-0.082,-0.022,0.012,0.032,0.067,-0.004,-0.153,-0.281,-0.239,-0.233,-0.095,0.011,0.046,0.059,-0.052,-0.146,0.103,0.109,0.037,0.088,0.005,-0.076,-0.136,-0.154,-0.185,-0.105,-0.021,0.190,0.307,0.349,0.210,0.306,0.270,0.252,0.311,0.399,0.459,0.475,0.530,0.438,0.582,0.702,0.672,0.692,0.508,0.430,0.512,0.533,0.448,0.141,0.191,0.451,0.540,0.611,0.519,0.198,0.096,0.217,0.195,0.053,-0.011,-0.066,-0.145,-0.123,-0.143,-0.204,-0.219,-0.110,-0.187,-0.214,-0.278,-0.375,-0.302,-0.203,-0.267,-0.348,-0.251,-0.209,-0.175,-0.135,-0.033,0.100,0.173,0.140,-0.001,0.057,0.172,0.117,0.003,-0.067,-0.058,-0.196,-0.143,-0.071,-0.061,-0.129,-0.229,-0.318,-0.292,-0.318
0.026,-0.000,0.032,0.015,0.068,0.078,-0.026,0.020,0.052,0.064,0.090,0.095,0.059,-0.057,-0.192,-0.052,0.013,-0.092,0.004,-0.049,-0.069,-0.059,0.055,0.175,0.204,0.122,0.163,0.159,0.073,0.063,-0.043,-0.044,-0.133,-0.171,-0.156,-0.237,-0.292,-0.137,-0.014,0.015,0.065,0.165,0.141,0.036,0.070,0.046,-0.089,0.133,0.076,0.221,0.394,0.488,0.497,0.574,0.494,0.216,0.180,0.159,0.173,0.039,-0.039,0.006,-0.031,0.091,0.231,0.369,0.300,0.117,0.021,-0.107,-0.070,-0.032,-0.062,-0.142,-0.252,-0.227,-0.097,-0.116,-0.184,-0.318,-0.464,-0.394,-0.343,-0.418,-0.434,-0.168,-0.040,-0.121,-0.091,0.059,0.116,0.143,0.163,0.125,0.149,0.118,0.013,0.087,0.128,0.008,-0.046,-0.101,-0.162,-0.127,-0.107,-0.206,-0.269,-0.208,-0.056
-0.013,0.035,-0.043,-0.176,-0.248,-0.160,-0.104,0.128,0.111,-0.087,-0.087,-0.054,0.001,0.005,-0.141,-0.152,-0.087,-0.103,-0.057,-0.014,-0.011,-0.046,-0.050,-0.033,0.041,0.049,0.150,0.131,0.019,0.041,0.026,-0.088,-0.150,-0.033,0.041,0.008,-0.114,-0.221,-0.182,-0.028,0.070,0.117,0.139,0.038,-0.106,-0.186,-0.122,-0.007,-0.040,0.016,0.355,0.543,0.358,0.186,0.052,-0.024,-0.057,-0.062,-0.029,-0.035,0.106,0.210,0.084,0.059,0.048,-0.005,-0.128,-0.198,-0.195,-0.126,-0.161,-0.152,-0.033,-0.069,-0.262,-0.357,-0.293,-0.301,-0.353,-0.342,-0.258,-0.272,-0.319,-0.350,-0.257,-0.215,-0.157,-0.098,-0.112,-0.066,0.012,0.102,0.190,0.201,0.100,-0.007,0.078,0.239,0.232,0.055,0.015,0.043,0.101,0.064,-0.030,-0.013,-0.047,-0.139,-0.119
0.037,0.146,0.148,0.007,0.032,0.025,-0.086,-0.123,-0.184,-0.207,-0.143,-0.063,0.002,-0.074,-0.134,0.014,0.022,0.018,0.089,0.009,0.056,0.027,-0.170,-0.137,0.158,0.275,0.269,0.332,0.181,0.096,-0.014,-0.127,-0.161,-0.195,-0.183,-0.181,-0.163,-0.289,-0.435,-0.330,-0.189,-0.165,-0.168,-0.152,-0.072,0.010,-0.050,-0.072,0.073,0.247,0.334,0.374,0.265,0.136,0.073,-0.060,-0.162,-0.101,0.002,-0.135,-0.236,-0.218,-0.133,0.039,0.099,0.076,-0.034,-0.110,-0.104,-0.133,-0.213,-0.269,-0.260,-0.264,-0.242,-0.219,-0.216,-0.226,-0.252,-0.199,-0.161,-0.188,-0.229,-0.217,-0.161,-0.128,-0.190,-0.167,-0.062,-0.057,-0.024,0.109,0.136,0.013,-0.062,0.000,0.009,0.034,0.253,0.307,0.238,0.089,-0.138,-0.261,-0.275,-0.266,-0.181,-0.071,-0.142
0.026,0.130,0.178,0.026,-0.054,-0.124,-0.205,-0.165,-0.079,-0.067,-0.005,-0.119,-0.179,-0.142,-0.148,-0.152,-0.067,0.086,0.062,-0.070,-0.152,-0.089,0.002,0.057,0.045,-0.101,-0.054,-0.143,-0.163,-0.073,-0.161,-0.127,-0.219,-0.147,-0.097,-0.142,-0.226,-0.232,-0.183,-0.175,-0.046,-0.006,0.019,-0.027,-0.009,-0.028,0.003,0.060,0.002,0.042,0.235,0.232,0.170,0.139,0.096,-0.044,-0.149,-0.169,-0.184,-0.211,-0.181,-0.160,-0.097,-0.034,-0.125,-0.107,0.057,0.023,-0.111,-0.185,-0.187,-0.105,-0.089,-0.229,-0.207,-0.236,-0.206,-0.258,-0.210,-0.207,-0.179,-0.078,-0.129,-0.183,-0.295,-0.240,-0.109,-0.044,-0.020,0.003,0.121,0.210,0.273,0.245,0.070,-0.013,-0.085,0.058,0.124,0.123,0.008,-0.046,-0.181,-0.322,-0.382,-0.262,-0.151,-0.188,-0.252
0.101,0.071,-0.038,0.008,-0.011,-0.088,0.011,-0.068,-0.243,-0.122,0.017,-0.020,-0.017,-0.149,-0.136,-0.114,-0.139,-0.046,0.042,-0.030,-0.048,-0.020,0.001,0.062,0.125,0.272,0.194,0.061,-0.082,-0.114,-0.105,-0.162,-0.165,-0.085,-0.109,-0.223,-0.246,-0.209,-0.169,-0.162,-0.242,-0.084,0.124,0.027,-0.062,-0.090,-0.082,-0.044,0.008,0.148,0.152,0.065,-0.080,-0.079,-0.146,-0.296,-0.353,-0.257,-0.151,-0.150,-0.167,-0.137,-0.076,-0.026,-0.110,-0.107,-0.025,-0.000,-0.049,-0.153,-0.161,-0.064,-0.088,-0.243,-0.248,-0.206,-0.200,-0.131,-0.065,0.006,-0.058,-0.177,-0.161,-0.134,-0.148,-0.148,-0.098,-0.014,0.085,0.165,0.285,0.284,0.218,0.168,0.233,0.326,0.316,0.193,0.148,0.168,0.106,-0.008,-0.127,-0.199,-0.268,-0.258,-0.085,0.018,-0.142
-0.190,-0.182,-0.135,-0.089,-0.061,0.019,-0.049,-0.031,-0.046,-0.023,-0.047,-0.152,-0.095,-0.094,-0.146,-0.075,-0.096,-0.033,-0.096,-0.062,0.074,0.106,0.043,-0.074,0.146,0.169,-0.009,-0.157,-0.142,-0.122,-0.103,-0.182,-0.168,-0.293,-0.300,-0.245,-0.049,-0.089,-0.283,-0.332,-0.291,-0.227,-0.077,-0.032,-0.036,-0.014,-0.078,-0.094,0.014,0.233,0.194,0.206,0.336,0.273,0.072,-0.059,-0.119,-0.084,-0.164,-0.248,-0.194,-0.123,-0.048,-0.182,-0.356,-0.307,-0.177,-0.078,0.008,-0.056,-0.232,-0.195,-0.172,-0.266,-0.315,-0.214,-0.202,-0.184,-0.265,-0.339,-0.283,-0.216,-0.219,-0.287,-0.302,-0.215,-0.191,-0.124,0.028,0.041,0.035,0.068,0.079,0.046,0.118,0.110,0.104,0.012,-0.062,-0.035,0.034,0.007,-0.032,-0.090,-0.116,-0.148,-0.109,-0.143,-0.227
-0.125,-0.039,-0.170,-0.022,-0.035,-0.149,-0.046,-0.046,-0.218,-0.100,-0.070,-0.130,-0.080,-0.091,-0.243,-0.220,-0.110,-0.131,-0.098,-0.085,-0.009,-0.079,-0.088,-0.140,-0.035,-0.032,-0.062,-0.242,-0.360,-0.244,-0.103,-0.092,-0.102,-0.175,-0.202,-0.168,-0.215,-0.176,-0.188,-0.196,-0.200,-0.206,-0.146,-0.142,-0.134,-0.172,-0.196,-0.141,-0.052,0.074,0.079,0.164,0.090,-0.016,-0.137,-0.141,-0.098,-0.029,-0.121,-0.062,-0.026,-0.133,-0.081,-0.093,-0.070,-0.039,0.113,0.080,-0.053,-0.190,-0.220,-0.299,-0.306,-0.178,-0.186,-0.116,-0.043,-0.057,-0.146,-0.260,-0.350,-0.332,-0.297,-0.223,-0.116,-0.090,-0.080,-0.082,-0.091,-0.001,0.172,0.294,0.408,0.310,0.205,0.153,0.119,0.043,0.038,0.027,-0.048,-0.158,-0.183,-0.212,-0.204,-0.144,-0.243,-0.338,-0.284
-0.169,-0.197,-0.067,-0.021,-0.173,-0.198,-0.038,-0.015,-0.138,0.016,0.104,-0.079,-0.232,-0.295,-0.390,-0.266,-0.094,-0.060,-0.028,0.039,-0.017,0.032,0.114,0.039,-0.014,0.040,0.058,-0.066,-0.179,-0.269,-0.256,-0.142,-0.186,-0.168,-0.108,-0.142,-0.167,-0.121,-0.149,-0.248,-0.217,-0.071,0.047,0.017,-0.098,-0.121,-0.140,-0.156,-0.162,-0.033,0.092,0.027,-0.014,-0.010,0.007,-0.012,-0.154,-0.171,-0.175,-0.152,-0.101,-0.159,-0.208,-0.196,-0.233,-0.151,-0.049,-0.070,0.013,0.049,-0.133,-0.278,-0.148,-0.129,-0.138,-0.205,-0.276,-0.230,-0.169,-0.202,-0.286,-0.303,-0.333,-0.363,-0.315,-0.193,-0.179,-0.187,-0.046,0.097,0.030,-0.063,0.062,0.227,0.189,0.223,0.314,0.254,0.082,-0.065,-0.129,-0.139,-0.099,0.002,-0.041,-0.136,-0.116,-0.081,-0.200
-0.279,-0.227,-0.167,-0.189,-0.111,-0.033,-0.077,0.020,-0.028,-0.004,-0.037,0.022,-0.144,-0.134,-0.092,-0.137,-0.092,0.018,-0.025,0.031,-0.004,0.032,0.014,0.100,-0.039,0.079,0.179,0.025,0.015,0.036,-0.145,-0.282,-0.240,-0.263,-0.225,0.012,0.005,-0.111,-0.155,-0.207,-0.219,-0.195,-0.138,-0.127,0.052,0.129,-0.031,-0.061,-0.037,0.004,0.109,0.199,0.271,0.144,0.013,-0.048,-0.083,-0.171,-0.071,-0.031,-0.049,-0.155,-0.199,-0.089,0.007,-0.032,-0.053,0.001,0.019,-0.022,-0.163,-0.302,-0.117,0.009,-0.068,-0.273,-0.387,-0.425,-0.310,-0.163,-0.252,-0.425,-0.356,-0.383,-0.291,-0.103,-0.071,-0.154,-0.229,-0.185,0.002,0.095,0.255,0.304,0.198,0.134,0.128,0.138,0.021,0.048,0.014,-0.226,-0.283,-0.222,-0.197,-0.203,-0.183,-0.151,-0.394
-0.068,0.015,-0.101,-0.067,0.008,-0.070,-0.115,-0.126,-0.099,-0.074,0.021,0.113,0.017,-0.119,-0.102,-0.139,-0.229,-0.125,0.021,0.260,0.271,0.077,-0.057,-0.058,-0.027,0.097,0.154,0.086,0.029,-0.114,-0.222,-0.184,-0.080,-0.115,-0.160,-0.121,-0.267,-0.265,-0.194,-0.173,-0.144,-0.223,-0.163,-0.076,-0.118,-0.166,-0.141,-0.035,0.064,0.153,0.160,0.148,0.070,0.065,0.040,-0.117,-0.242,-0.127,-0.070,-0.177,-0.151,-0.051,-0.106,-0.225,-0.178,-0.060,-0.037,0.017,0.039,-0.066,-0.095,-0.117,-0.145,-0.190,-0.266,-0.266,-0.207,-0.260,-0.267,-0.174,-0.224,-0.350,-0.354,-0.308,-0.216,-0.116,-0.087,-0.082,-0.130,-0.221,-0.083,0.085,-0.003,-0.063,0.148,0.374,0.323,0.174,0.090,-0.033,-0.205,-0.270,-0.219,-0.191,-0.189,-0.203,-0.224,-0.212,-0.137
-0.209,-0.180,-0.028,0.047,0.112,0.102,-0.126,-0.312,-0.211,-0.076,-0.027,0.015,0.103,-0.014,-0.097,-0.087,-0.000,0.003,-0.110,-0.051,0.026,0.024,-0.006,-0.033,-0.043,0.060,0.190,0.222,0.157,0.110,-0.046,0.008,0.038,-0.001,0.052,0.049,-0.012,-0.183,-0.201,-0.151,-0.141,-0.023,-0.076,-0.096,-0.070,-0.116,-0.212,-0.201,-0.032,0.112,0.211,0.243,0.232,0.192,0.081,0.018,-0.021,-0.111,-0.199,-0.222,-0.183,-0.135,-0.060,0.013,0.090,0.064,-0.016,-0.049,-0.083,-0.119,-0.163,-0.170,-0.094,-0.074,-0.135,-0.067,-0.139,-0.273,-0.385,-0.402,-0.353,-0.293,-0.194,-0.259,-0.296,-0.198,-0.069,-0.039,-0.080,-0.108,-0.091,-0.010,0.117,0.215,0.263,0.248,0.099,0.059,0.051,-0.070,-0.154,-0.125,-0.138,-0.104,-0.085,-0.088,-0.009,0.064,-0.098
-0.074,-0.313,-0.158,-0.183,-0.220,-0.122,-0.121,-0.134,-0.019,0.115,0.092,0.011,-0.185,-0.223,-0.126,-0.016,0.090,0.050,-0.042,-0.197,-0.310,-0.207,-0.068,0.105,0.214,0.148,0.094,-0.054,-0.028,-0.029,-0.171,-0.201,-0.213,-0.203,-0.151,-0.175,-0.214,-0.144,-0.182,-0.286,-0.232,-0.146,-0.198,-0.265,-0.184,-0.030,0.100,0.188,0.132,0.016,-0.003,0.083,0.191,0.111,0.013,-0.010,-0.028,-0.083,-0.077,0.008,-0.001,-0.146,-0.298,-0.247,-0.163,-0.099,-0.045,-0.022,-0.010,-0.085,-0.102,-0.025,-0.024,-0.102,-0.184,-0.217,-0.176,-0.221,-0.302,-0.295,-0.317,-0.275,-0.279,-0.331,-0.231,-0.166,-0.166,-0.149,-0.129,-0.045,0.019,0.052,0.112,0.182,0.244,0.311,0.312,0.180,0.050,0.019,-0.016,-0.095,-0.144,-0.158,-0.145,-0.229,-0.363,-0.348,-0.143
-0.006,-0.100,-0.179,-0.052,0.004,-0.037,-0.132,-0.202,-0.135,-0.088,-0.032,-0.025,-0.135,-0.251,-0.264,-0.105,-0.162,-0.156,-0.189,-0.194,-0.062,-0.012,0.027,-0.036,0.064,0.252,0.255,0.306,0.192,-0.044,-0.015,-0.017,-0.043,-0.052,-0.067,-0.202,-0.209,-0.103,-0.080,-0.079,-0.137,-0.152,-0.131,-0.037,-0.008,-0.019,-0.093,-0.065,0.147,0.229,0.064,-0.029,-0.008,-0.065,-0.071,0.019,-0.013,-0.128,-0.083,-0.015,-0.036,-0.047,0.017,-0.045,-0.014,-0.027,-0.051,0.038,0.057,0.001,-0.102,-0.057,-0.065,-0.110,-0.108,-0.049,-0.013,-0.124,-0.203,-0.313,-0.275,-0.128,-0.150,-0.209,-0.165,-0.106,0.012,0.006,-0.113,-0.109,0.103,0.323,0.314,0.235,0.283,0.141,-0.085,-0.090,-0.027,-0.053,-0.117,-0.133,-0.136,-0.188,-0.225,-0.178,-0.136,-0.105,-0.164
-0.074,0.049,0.029,-0.041,-0.035,0.007,-0.033,-0.094,0.013,0.084,-0.006,-0.100,-0.255,-0.157,-0.063,-0.024,0.102,0.201,0.241,0.312,0.244,0.225,-0.009,-0.107,0.001,0.153,0.230,0.203,0.028,-0.047,-0.101,-0.076,-0.028,-0.124,-0.228,-0.158,-0.163,-0.261,-0.248,-0.249,-0.203,-0.189,-0.258,-0.275,-0.139,-0.058,-0.027,-0.117,-0.116,-0.029,-0.009,0.073,-0.011,0.009,-0.019,-0.053,-0.084,-0.132,-0.090,-0.009,-0.051,-0.153,-0.138,-0.112,-0.032,-0.007,-0.020,-0.085,-0.064,0.044,0.116,0.033,-0.121,-0.129,-0.071,-0.173,-0.311,-0.297,-0.253,-0.235,-0.255,-0.303,-0.167,-0.078,-0.119,-0.070,-0.042,-0.027,0.050,0.166,0.323,0.378,0.442,0.428,0.286,0.067,0.029,-0.096,-0.145,-0.032,0.043,-0.052,-0.132,-0.197,-0.301,-0.207,-0.064,-0.014,-0.137
-0.089,-0.056,-0.086,0.027,-0.016,-0.020,-0.017,-0.031,-0.044,-0.090,-0.090,0.013,-0.025,-0.087,-0.069,-0.064,-0.070,-0.057,-0.001,0.075,0.005,-0.105,-0.012,0.105,0.150,0.190,0.061,0.097,0.099,-0.040,-0.084,-0.074,-0.129,-0.130,-0.143,-0.112,-0.093,-0.187,-0.262,-0.203,-0.077,-0.003,-0.033,-0.057,-0.008,-0.104,-0.160,-0.155,-0.130,-0.085,0.081,0.110,0.015,-0.024,-0.044,-0.030,-0.007,0.006,-0.037,-0.106,-0.091,-0.048,-0.058,-0.081,0.022,0.066,-0.014,-0.191,-0.183,-0.056,-0.073,-0.081,-0.098,-0.001,0.042,0.034,-0.076,-0.093,-0.019,-0.015,-0.094,-0.299,-0.284,-0.239,-0.220,-0.148,-0.180,-0.170,0.010,0.031,0.154,0.315,0.447,0.302,0.263,0.211,0.191,0.253,0.127,-0.046,-0.101,-0.079,-0.151,-0.202,-0.182,-0.205,-0.237,-0.201,-0.072
0.093,0.190,0.189,0.091,0.080,-0.021,-0.064,-0.077,-0.138,-0.219,-0.257,-0.243,-0.112,-0.113,-0.067,-0.118,-0.079,-0.066,-0.063,-0.112,-0.114,0.024,0.068,0.174,0.362,0.417,0.335,0.220,0.065,-0.140,-0.201,-0.081,0.077,0.045,-0.093,-0.171,-0.181,-0.080,-0.175,-0.159,-0.243,-0.279,-0.236,-0.178,-0.235,-0.261,-0.156,-0.000,-0.024,-0.075,0.022,0.060,-0.085,-0.121,-0.077,-0.169,-0.260,-0.176,-0.009,-0.037,-0.045,-0.105,-0.130,-0.127,-0.208,-0.221,-0.093,-0.074,-0.170,-0.189,-0.129,-0.119,-0.078,-0.026,0.012,-0.061,-0.097,-0.062,-0.101,-0.229,-0.257,-0.259,-0.367,-0.329,-0.247,-0.295,-0.187,-0.043,0.147,0.214,0.264,0.406,0.442,0.441,0.348,0.229,0.118,0.024,-0.057,0.004,0.008,0.002,0.019,-0.054,-0.099,-0.148,-0.282,-0.306,-0.156
-0.168,-0.379,-0.277,-0.147,0.030,0.082,0.081,-0.013,-0.033,-0.014,-0.076,-0.107,-0.085,-0.078,-0.102,0.061,0.020,0.214,0.170,0.084,-0.004,0.153,0.087,0.151,0.263,0.286,0.255,0.190,0.020,0.031,-0.072,-0.068,0.013,-0.005,0.037,0.012,0.029,-0.007,-0.081,-0.064,0.048,-0.034,-0.071,0.016,0.009,-0.105,-0.055,-0.044,-0.068,-0.048,-0.053,0.013,-0.022,-0.095,-0.091,-0.054,-0.041,-0.085,-0.067,-0.104,-0.091,-0.129,-0.119,-0.102,-0.065,-0.054,-0.074,-0.043,0.083,0.073,-0.027,-0.093,-0.086,-0.076,-0.183,-0.206,-0.134,-0.089,-0.065,-0.127,-0.177,-0.264,-0.232,-0.126,-0.097,-0.142,-0.126,-0.145,-0.056,0.128,0.198,0.243,0.327,0.272,0.088,0.070,0.061,0.039,0.062,0.079,0.105,0.059,-0.038,-0.078,-0.201,-0.275,-0.275,-0.247,-0.071
-0.107,-0.104,-0.044,0.061,0.058,0.029,-0.132,-0.124,-0.025,-0.141,-0.137,-0.127,-0.010,-0.056,-0.193,-0.237,-0.057,0.053,-0.097,-0.116,0.047,0.100,0.045,-0.075,-0.067,0.021,0.121,0.008,-0.007,-0.106,-0.133,-0.064,-0.166,-0.185,-0.170,-0.106,-0.100,-0.189,-0.224,-0.165,-0.142,-0.119,-0.142,-0.116,-0.161,-0.113,-0.194,-0.163,-0.103,-0.020,-0.082,-0.110,-0.062,-0.042,0.002,-0.040,-0.132,-0.100,-0.141,-0.131,-0.105,-0.131,-0.105,-0.125,-0.147,-0.095,-0.115,-0.209,-0.204,-0.105,-0.034,0.046,0.107,0.118,0.058,0.002,-0.131,-0.179,-0.193,-0.257,-0.317,-0.213,-0.239,-0.301,-0.288,-0.228,-0.067,0.003,0.020,0.029,0.181,0.301,0.335,0.378,0.320,0.232,0.236,0.207,0.035,-0.120,-0.137,-0.249,-0.247,-0.162,-0.077,-0.045,-0.080,-0.115,-0.126
-0.241,-0.220,-0.073,-0.039,-0.020,0.001,-0.074,0.006,0.056,-0.039,0.031,0.064,-0.062,-0.131,-0.093,0.009,0.080,0.046,0.004,-0.066,-0.062,0.013,0.082,0.119,0.097,0.068,0.037,-0.055,-0.069,-0.105,-0.118,-0.054,0.000,-0.023,-0.019,0.013,-0.035,-0.105,-0.200,-0.220,-0.171,-0.117,-0.096,-0.095,-0.094,-0.111,-0.104,-0.119,-0.119,-0.054,0.037,0.017,-0.077,-0.177,-0.130,-0.036,0.028,0.049,0.000,-0.038,-0.047,-0.048,-0.123,-0.112,-0.019,-0.024,-0.023,-0.134,-0.300,-0.215,0.036,0.166,0.106,-0.022,-0.090,-0.185,-0.214,-0.198,-0.227,-0.197,-0.173,-0.264,-0.303,-0.220,-0.147,-0.177,-0.168,-0.087,-0.008,0.077,0.203,0.303,0.423,0.493,0.486,0.438,0.285,0.093,0.008,-0.015,-0.110,-0.084,0.054,-0.039,-0.151,-0.190,-0.240,-0.272,-0.344
-0.070,-0.089,-0.010,-0.076,-0.039,-0.080,-0.092,-0.137,-0.081,-0.069,-0.182,-0.130,-0.138,-0.176,-0.037,-0.043,-0.145,-0.133,-0.047,-0.095,-0.125,-0.066,0.025,0.094,0.110,0.025,-0.071,-0.102,-0.033,0.070,0.058,-0.047,-0.119,-0.121,-0.146,-0.215,-0.179,-0.125,-0.055,-0.086,-0.070,-0.073,-0.172,-0.197,-0.139,-0.123,-0.104,-0.051,-0.104,-0.166,-0.097,0.017,0.080,0.030,-0.098,-0.281,-0.279,-0.170,-0.066,-0.091,-0.096,-0.046,-0.040,-0.089,-0.081,-0.115,-0.139,-0.064,-0.013,0.048,0.020,0.100,0.171,0.087,0.040,-0.055,-0.215,-0.204,-0.138,-0.193,-0.262,-0.307,-0.289,-0.252,-0.150,-0.106,-0.127,-0.061,-0.025,0.038,0.191,0.306,0.406,0.517,0.502,0.392,0.244,0.012,-0.136,-0.119,-0.060,-0.030,-0.075,-0.080,0.090,0.044,-0.170,-0.196,-0.177
-0.157,0.023,0.004,-0.049,0.040,0.027,-0.211,-0.260,-0.188,-0.155,0.002,0.063,-0.090,-0.218,-0.050,-0.015,-0.054,0.067,0.021,-0.090,-0.096,-0.063,-0.038,-0.057,0.098,0.052,-0.030,0.092,-0.084,-0.132,-0.026,-0.042,0.016,-0.065,-0.220,-0.246,-0.211,-0.144,-0.077,-0.063,-0.123,-0.134,-0.140,-0.132,-0.157,-0.165,-0.116,-0.066,-0.003,0.011,-0.040,-0.012,-0.012,-0.058,-0.065,0.007,0.007,-0.048,-0.048,-0.085,-0.155,-0.151,-0.072,-0.136,-0.050,0.078,-0.009,-0.111,-0.222,-0.183,-0.041,0.125,0.066,-0.047,-0.189,-0.143,-0.185,-0.229,-0.265,-0.247,-0.282,-0.200,-0.131,-0.177,-0.147,-0.149,-0.064,-0.016,0.057,0.165,0.265,0.402,0.448,0.403,0.390,0.296,0.161,0.240,0.228,0.097,0.019,-0.002,-0.046,0.008,-0.073,-0.126,-0.091,-0.051,0.004
-0.013,-0.041,-0.113,0.025,0.068,-0.094,-0.146,-0.023,-0.054,-0.041,0.012,0.067,0.138,0.162,-0.033,-0.046,0.010,-0.030,-0.170,-0.158,-0.081,-0.080,0.024,0.160,0.282,0.413,0.299,0.080,0.007,-0.036,-0.113,-0.208,-0.212,-0.235,-0.193,-0.248,-0.325,-0.214,-0.105,0.010,-0.001,0.056,0.020,0.001,-0.057,-0.107,-0.101,-0.070,0.002,-0.021,-0.000,0.004,-0.072,-0.185,-0.163,-0.085,-0.127,-0.115,-0.160,-0.022,0.073,-0.045,-0.141,0.023,0.061,0.005,-0.025,-0.179,-0.100,-0.115,0.008,0.119,0.093,0.019,-0.078,-0.166,-0.118,-0.142,-0.189,-0.183,-0.265,-0.339,-0.295,-0.286,-0.281,-0.233,-0.130,-0.036,0.005,0.144,0.318,0.326,0.338,0.259,0.242,0.201,0.129,0.043,0.041,0.016,-0.019,-0.001,-0.027,-0.082,-0.112,-0.121,-0.194,-0.284,-0.194
0.032,-0.041,0.007,0.005,0.049,0.087,0.059,-0.039,-0.033,-0.025,-0.012,-0.061,-0.030,-0.141,-0.113,-0.078,-0.021,0.059,0.117,0.099,0.080,0.024,-0.056,-0.088,0.099,0.212,0.134,0.012,-0.059,-0.039,-0.060,-0.089,-0.091,-0.101,-0.071,0.029,-0.053,-0.111,-0.121,-0.148,-0.186,-0.247,-0.192,-0.081,0.020,-0.048,-0.106,-0.124,-0.067,-0.029,-0.038,-0.016,-0.032,-0.100,-0.092,-0.065,-0.117,-0.162,-0.111,-0.054,-0.068,0.034,0.064,-0.010,-0.114,-0.074,-0.102,-0.099,-0.100,-0.123,-0.127,-0.069,-0.098,-0.148,-0.152,-0.090,-0.108,-0.135,-0.129,-0.194,-0.310,-0.375,-0.297,-0.242,-0.192,-0.104,-0.099,-0.069,0.002,0.155,0.263,0.323,0.209,0.154,0.199,0.204,0.283,0.252,0.095,0.047,0.021,0.022,0.003,-0.061,-0.157,-0.166,-0.063,-0.067,0.003
-0.015,0.059,-0.018,-0.061,0.013,-0.031,-0.131,-0.030,0.036,-0.088,-0.209,-0.138,-0.103,-0.149,-0.070,-0.121,-0.118,-0.040,-0.058,0.039,0.044,-0.018,0.078,0.104,0.057,-0.036,-0.083,-0.013,0.058,0.074,-0.005,-0.043,-0.032,-0.006,-0.038,-0.080,-0.116,-0.114,-0.105,-0.023,0.066,-0.064,-0.090,0.042,0.131,0.148,-0.076,-0.208,-0.169,-0.102,-0.021,-0.079,-0.087,-0.001,0.077,0.010,-0.168,-0.270,-0.245,-0.164,-0.147,-0.217,-0.178,-0.037,0.038,-0.019,0.031,0.101,0.050,-0.024,-0.084,-0.040,0.031,0.069,0.016,-0.058,-0.084,-0.122,-0.096,-0.106,-0.208,-0.241,-0.234,-0.270,-0.270,-0.212,-0.147,-0.116,-0.108,-0.014,0.161,0.226,0.207,0.247,0.322,0.317,0.187,0.013,-0.012,0.059,0.060,0.017,-0.003,-0.061,-0.158,-0.077,-0.021,-0.093,-0.089
-0.093,-0.118,-0.114,-0.068,-0.021,0.021,-0.049,-0.038,-0.058,-0.067,-0.035,-0.135,-0.178,-0.159,-0.186,-0.080,-0.049,-0.007,0.071,0.062,-0.032,-0.170,-0.124,-0.036,0.041,0.097,0.027,0.039,0.146,0.061,0.061,0.013,-0.093,-0.157,-0.120,0.010,0.007,0.042,-0.071,-0.156,-0.070,-0.102,-0.064,-0.051,-0.098,-0.083,-0.060,-0.149,-0.163,-0.272,-0.160,-0.046,-0.021,-0.096,-0.147,-0.073,-0.060,-0.124,-0.052,-0.113,-0.081,-0.076,-0.066,-0.046,-0.052,-0.069,-0.119,-0.126,-0.244,-0.170,-0.032,-0.056,-0.200,-0.213,-0.249,-0.226,-0.215,-0.267,-0.250,-0.263,-0.249,-0.270,-0.316,-0.322,-0.260,-0.224,-0.180,-0.136,-0.097,-0.066,0.019,0.205,0.335,0.428,0.430,0.431,0.383,0.181,0.079,-0.002,-0.070,-0.079,-0.098,-0.169,-0.125,-0.119,-0.156,-0.159,-0.255
0.155,0.079,-0.010,0.008,-0.079,-0.107,-0.133,-0.161,-0.134,-0.061,0.014,-0.094,-0.089,-0.105,-0.181,-0.129,-0.008,0.031,0.079,0.123,0.112,-0.008,-0.130,-0.074,-0.003,-0.014,-0.022,-0.030,-0.035,-0.028,0.034,0.052,0.017,-0.051,-0.092,-0.079,-0.064,-0.197,-0.209,-0.037,-0.014,-0.053,-0.032,-0.063,-0.082,0.006,-0.027,-0.140,-0.079,-0.029,-0.138,-0.150,-0.129,-0.068,0.003,-0.065,-0.151,-0.160,-0.139,-0.164,-0.103,-0.103,-0.102,-0.130,-0.078,-0.016,-0.081,-0.077,0.045,0.054,-0.042,-0.113,-0.142,-0.125,-0.109,-0.172,-0.216,-0.211,-0.265,-0.283,-0.280,-0.220,-0.217,-0.336,-0.329,-0.313,-0.271,-0.144,-0.057,0.051,0.182,0.331,0.336,0.250,0.226,0.341,0.354,0.257,0.176,0.114,0.143,0.076,-0.074,-0.080,-0.093,-0.141,-0.126,-0.096,-0.228
-0.081,-0.017,-0.195,-0.150,-0.068,-0.075,0.059,-0.105,-0.159,-0.070,-0.047,-0.009,-0.066,-0.163,-0.155,-0.155,-0.125,-0.130,-0.079,0.159,0.336,0.292,0.136,0.020,0.143,0.188,0.057,-0.006,-0.077,-0.117,-0.065,-0.045,-0.052,-0.025,-0.073,-0.150,-0.198,-0.158,-0.196,-0.172,-0.170,-0.127,-0.104,-0.052,-0.075,-0.095,-0.112,-0.130,-0.123,-0.033,-0.058,-0.088,-0.099,-0.125,-0.167,-0.194,-0.159,-0.118,-0.144,-0.096,-0.134,-0.172,-0.127,-0.072,-0.026,-0.022,-0.015,0.003,-0.021,-0.070,-0.132,-0.133,-0.145,-0.116,-0.136,-0.206,-0.266,-0.258,-0.149,-0.168,-0.241,-0.305,-0.293,-0.215,-0.273,-0.320,-0.233,-0.122,0.057,0.238,0.191,0.106,0.342,0.453,0.397,0.310,0.160,0.109,0.089,0.001,-0.056,-0.051,-0.038,0.032,0.041,-0.054,-0.175,-0.206,-0.139
-0.023,-0.046,-0.001,0.129,0.056,-0.008,-0.026,-0.085,-0.059,-0.034,-0.011,0.117,0.112,0.061,0.028,0.013,0.063,0.065,0.093,0.080,0.006,0.034,-0.024,-0.069,-0.087,-0.102,-0.044,0.046,0.051,0.029,-0.074,-0.104,-0.145,-0.128,-0.161,-0.209,-0.140,-0.136,-0.178,-0.148,-0.087,-0.130,-0.128,-0.142,-0.200,-0.195,-0.158,-0.116,-0.063,-0.148,-0.133,-0.059,-0.060,-0.073,-0.100,-0.132,-0.169,-0.178,-0.125,-0.132,-0.165,-0.139,-0.106,-0.062,-0.041,-0.067,-0.073,-0.051,-0.036,-0.050,-0.145,-0.176,-0.201,-0.227,-0.193,-0.171,-0.191,-0.299,-0.250,-0.222,-0.260,-0.290,-0.338,-0.289,-0.191,-0.126,-0.094,-0.077,-0.161,-0.105,0.030,0.141,0.275,0.361,0.312,0.200,0.024,-0.060,-0.030,0.017,0.143,0.204,0.146,0.105,0.062,-0.035,-0.062,-0.115,-0.131
-0.166,-0.136,-0.139,-0.119,-0.037,-0.152,-0.165,-0.110,-0.015,0.030,-0.017,0.028,0.046,0.021,0.088,-0.046,-0.053,0.147,0.105,-0.036,-0.024,0.113,0.176,0.048,0.038,0.030,-0.073,-0.017,0.034,-0.094,-0.213,-0.229,-0.163,-0.055,-0.102,-0.106,-0.171,-0.154,-0.110,-0.190,-0.127,-0.071,-0.088,-0.073,-0.079,-0.029,-0.115,-0.170,-0.132,-0.105,-0.165,-0.108,-0.066,0.056,-0.067,-0.144,-0.180,-0.158,-0.022,-0.060,-0.171,-0.092,-0.029,0.042,-0.011,-0.026,-0.019,-0.030,-0.062,-0.110,-0.155,-0.044,-0.101,-0.268,-0.300,-0.193,-0.175,-0.244,-0.192,-0.221,-0.275,-0.213,-0.272,-0.258,-0.162,-0.154,-0.151,-0.158,-0.155,-0.006,0.226,0.265,0.205,0.240,0.232,0.209,0.098,0.027,-0.007,0.013,-0.059,-0.043,-0.041,-0.056,-0.030,-0.006,0.056,0.058,-0.024
-0.315,-0.282,-0.189,-0.131,-0.067,-0.100,-0.230,-0.221,-0.131,-0.078,-0.078,-0.053,0.032,-0.016,0.041,-0.002,0.109,0.040,-0.056,-0.088,-0.060,0.019,-0.077,-0.021,0.041,-0.090,-0.165,0.011,-0.078,-0.204,-0.278,-0.221,-0.168,-0.190,-0.182,-0.052,-0.136,-0.153,-0.100,-0.138,-0.092,-0.151,-0.079,-0.085,-0.129,-0.066,-0.107,-0.139,-0.068,-0.074,-0.131,-0.067,0.020,-0.106,-0.058,-0.048,-0.155,-0.253,-0.276,-0.206,-0.230,-0.172,-0.128,-0.093,-0.035,0.034,0.023,0.031,0.007,-0.023,-0.005,-0.061,-0.115,-0.135,-0.077,-0.135,-0.188,-0.213,-0.231,-0.136,-0.141,-0.152,-0.215,-0.241,-0.139,-0.074,-0.169,-0.179,-0.098,-0.004,0.109,0.134,0.218,0.465,0.415,0.263,0.121,0.062,0.075,0.049,0.036,0.044,-0.025,-0.118,-0.091,-0.015,0.035,0.000,-0.105
0.090,-0.034,-0.171,-0.075,0.023,-0.018,-0.014,-0.017,-0.114,0.032,0.052,-0.030,-0.199,-0.114,-0.067,-0.238,-0.129,-0.008,0.064,-0.022,-0.135,-0.074,-0.036,-0.123,-0.183,-0.083,0.065,-0.039,-0.326,-0.206,-0.113,-0.111,-0.059,-0.087,-0.207,-0.298,-0.134,-0.085,-0.096,-0.022,-0.086,-0.068,-0.018,-0.090,-0.055,-0.040,-0.042,-0.003,-0.025,-0.067,-0.175,-0.130,-0.045,-0.140,-0.203,-0.171,-0.112,-0.103,-0.208,-0.239,-0.165,-0.099,-0.133,-0.114,0.006,-0.127,-0.291,-0.318,-0.163,-0.042,-0.151,-0.186,-0.242,-0.255,-0.131,-0.144,-0.268,-0.235,-0.092,-0.128,-0.226,-0.302,-0.308,-0.252,-0.180,-0.199,-0.227,-0.118,-0.008,0.031,0.052,0.210,0.348,0.381,0.315,0.188,0.122,0.082,0.032,0.000,-0.053,-0.043,-0.086,-0.016,0.122,0.072,-0.018,-0.015,-0.052
-0.243,-0.218,-0.103,-0.113,-0.163,-0.120,-0.161,-0.267,-0.248,-0.096,-0.012,-0.040,-0.031,-0.067,-0.129,-0.102,-0.088,-0.087,-0.115,-0.083,-0.015,-0.116,-0.082,-0.056,-0.146,-0.010,0.006,-0.178,-0.230,-0.197,-0.060,-0.045,0.008,0.013,-0.042,-0.107,-0.161,-0.171,-0.153,-0.102,-0.055,0.007,0.011,0.093,-0.004,-0.128,-0.112,-0.102,-0.228,-0.299,-0.176,-0.063,-0.060,-0.076,-0.002,-0.040,-0.132,-0.044,-0.067,-0.099,-0.115,-0.099,-0.119,-0.142,-0.081,-0.170,-0.212,-0.221,-0.233,-0.168,-0.118,-0.163,-0.157,-0.175,-0.145,-0.173,-0.167,-0.100,-0.167,-0.307,-0.345,-0.281,-0.304,-0.362,-0.247,-0.170,-0.157,-0.106,-0.099,-0.011,0.143,0.200,0.235,0.256,0.155,0.056,0.028,0.046,0.055,-0.008,-0.077,-0.140,-0.169,-0.084,-0.054,-0.158,-0.100,0.020,-0.080
0.069,-0.031,-0.034,-0.023,-0.055,-0.185,-0.219,-0.074,-0.127,-0.260,-0.149,-0.082,-0.013,0.130,0.217,0.152,-0.004,-0.004,0.056,0.044,-0.033,-0.131,-0.207,-0.129,-0.146,-0.162,-0.154,-0.160,-0.127,-0.139,-0.161,-0.219,-0.120,0.009,-0.078,-0.148,-0.046,-0.041,-0.086,-0.170,-0.257,-0.224,-0.194,-0.209,-0.238,-0.206,-0.124,-0.093,-0.062,-0.102,-0.225,-0.201,-0.059,-0.026,-0.104,-0.148,-0.110,-0.198,-0.210,-0.129,-0.110,-0.104,-0.097,-0.048,-0.073,-0.124,-0.137,-0.167,-0.204,-0.188,-0.157,-0.136,-0.225,-0.311,-0.294,-0.239,-0.100,-0.108,-0.162,-0.100,-0.139,-0.184,-0.253,-0.336,-0.323,-0.182,-0.048,-0.010,-0.017,0.060,0.115,0.224,0.336,0.279,0.232,0.199,0.145,0.063,0.007,-0.053,-0.089,-0.099,-0.103,-0.075,-0.077,-0.061,0.004,0.096,0.014
-0.025,-0.132,-0.111,-0.151,-0.002,0.018,-0.128,-0.098,-0.012,0.034,-0.079,-0.138,-0.167,-0.281,-0.095,0.034,0.074,0.278,0.308,0.303,0.170,-0.063,0.065,0.130,0.097,0.128,0.183,0.170,0.079,-0.071,-0.171,-0.193,-0.196,-0.140,-0.170,-0.071,-0.075,-0.119,-0.131,-0.179,-0.212,-0.235,-0.155,-0.096,-0.204,-0.099,-0.083,-0.192,-0.150,-0.039,-0.093,-0.098,-0.076,0.018,-0.009,0.027,-0.041,-0.032,-0.057,-0.117,-0.230,-0.159,-0.097,-0.128,-0.132,-0.094,-0.059,-0.121,-0.151,-0.140,-0.201,-0.178,-0.195,-0.269,-0.265,-0.271,-0.334,-0.341,-0.290,-0.223,-0.192,-0.205,-0.194,-0.155,-0.233,-0.260,-0.210,-0.099,0.002,-0.033,0.017,0.192,0.292,0.292,0.268,0.210,0.085,0.032,0.031,0.016,-0.072,-0.054,-0.118,-0.165,-0.118,-0.052,-0.046,-0.142,-0.084
0.111,0.150,-0.025,-0.058,-0.101,-0.152,-0.085,-0.022,0.053,-0.030,-0.144,-0.084,0.044,0.072,-0.017,0.018,0.155,0.100,0.002,-0.012,0.107,0.193,0.193,0.182,0.033,-0.059,-0.052,0.010,0.046,-0.104,-0.161,-0.165,-0.138,-0.079,-0.060,-0.043,-0.087,-0.137,-0.226,-0.208,-0.127,-0.090,-0.057,-0.101,-0.354,-0.328,-0.145,-0.144,-0.184,-0.100,0.019,-0.048,-0.037,-0.022,-0.024,0.033,-0.088,-0.160,-0.116,-0.094,-0.097,-0.075,-0.077,-0.128,-0.108,-0.037,-0.091,-0.123,-0.129,-0.189,-0.182,-0.136,-0.089,-0.138,-0.216,-0.218,-0.226,-0.227,-0.202,-0.292,-0.261,-0.118,-0.182,-0.203,-0.153,-0.194,-0.198,-0.144,-0.095,-0.095,-0.046,0.129,0.255,0.279,0.326,0.311,0.214,0.104,0.027,-0.017,-0.078,-0.097,-0.103,-0.134,-0.137,-0.196,-0.264,-0.227,-0.055
-0.031,-0.106,0.023,0.007,-0.024,-0.103,-0.071,-0.133,-0.141,-0.078,-0.165,-0.179,-0.155,-0.141,-0.034,0.104,0.047,-0.018,-0.024,0.113,0.202,0.095,-0.028,-0.005,-0.024,-0.058,-0.050,0.001,-0.043,-0.034,-0.069,-0.018,-0.062,0.004,-0.007,0.015,-0.148,-0.083,-0.066,-0.055,-0.115,-0.211,-0.125,-0.171,-0.092,-0.053,-0.065,-0.106,-0.212,-0.226,-0.050,0.033,0.008,0.017,0.058,-0.065,-0.234,-0.194,-0.228,-0.277,-0.246,-0.246,-0.217,-0.206,-0.048,0.010,-0.150,-0.174,-0.231,-0.098,-0.157,-0.153,-0.246,-0.286,-0.192,-0.099,-0.195,-0.293,-0.217,-0.189,-0.177,-0.165,-0.223,-0.173,-0.183,-0.198,-0.158,-0.040,-0.027,0.042,0.106,0.274,0.354,0.366,0.309,0.219,0.221,0.123,0.014,-0.027,-0.014,0.015,0.015,-0.006,-0.094,-0.118,-0.124,-0.022,-0.085
0.092,0.086,-0.022,0.026,-0.030,0.009,-0.124,-0.182,-0.194,-0.214,-0.151,-0.091,-0.034,-0.023,0.004,0.060,0.062,0.113,0.094,0.142,0.214,0.196,0.140,0.058,-0.052,-0.043,-0.171,-0.113,-0.170,-0.154,-0.125,-0.162,-0.078,0.041,0.097,0.002,-0.059,-0.065,-0.063,-0.104,-0.135,-0.157,-0.123,-0.129,-0.136,-0.094,-0.140,-0.154,-0.176,-0.244,-0.231,-0.123,-0.060,-0.046,0.063,0.114,0.113,-0.041,-0.145,-0.180,-0.126,-0.039,-0.098,-0.162,-0.155,-0.118,-0.031,-0.055,-0.158,-0.190,-0.194,-0.156,-0.174,-0.178,-0.135,-0.106,-0.143,-0.148,-0.180,-0.179,-0.140,-0.082,-0.095,-0.109,-0.093,-0.131,-0.088,-0.032,0.109,0.223,0.239,0.259,0.357,0.364,0.384,0.303,0.166,0.068,0.028,0.001,-0.056,-0.095,-0.142,-0.111,-0.076,-0.134,-0.181,-0.155,-0.016
-0.052,-0.044,-0.067,-0.157,-0.113,0.041,0.028,-0.046,-0.121,-0.279,-0.290,-0.191,-0.114,-0.034,0.011,-0.074,-0.003,0.115,0.050,-0.065,-0.102,-0.105,-0.017,0.126,0.131,0.088,0.091,-0.003,-0.228,-0.288,-0.085,-0.069,-0.109,-0.107,-0.107,-0.063,-0.076,-0.193,-0.280,-0.205,-0.217,-0.250,-0.131,-0.092,-0.051,-0.051,-0.105,-0.164,-0.144,-0.113,-0.092,-0.117,-0.105,-0.066,-0.107,-0.189,-0.166,-0.195,-0.183,-0.155,-0.172,-0.155,-0.148,-0.174,-0.160,-0.095,0.074,0.089,-0.028,-0.012,0.048,-0.086,-0.158,-0.168,-0.229,-0.208,-0.229,-0.194,-0.089,-0.057,-0.059,-0.130,-0.199,-0.177,-0.147,-0.141,-0.075,-0.052,-0.006,0.120,0.247,0.382,0.396,0.333,0.317,0.339,0.235,0.056,0.004,-0.014,-0.014,-0.029,-0.066,-0.119,-0.139,-0.144,-0.088,-0.075,-0.085
0.069,0.072,0.131,0.037,0.026,-0.008,-0.097,-0.091,-0.121,-0.184,-0.182,-0.158,-0.001,0.111,0.121,0.055,0.055,0.100,0.031,-0.032,-0.052,-0.052,-0.003,0.118,0.240,0.193,0.010,-0.076,-0.060,-0.048,-0.052,-0.053,-0.084,-0.125,-0.133,-0.109,-0.022,0.013,-0.061,-0.088,-0.067,-0.018,-0.046,-0.151,-0.130,-0.129,-0.134,-0.143,-0.158,-0.158,-0.121,-0.013,0.072,-0.013,-0.132,-0.199,-0.190,-0.199,-0.241,-0.246,-0.265,-0.197,-0.054,0.017,-0.095,-0.218,-0.190,-0.057,-0.038,-0.140,-0.057,0.057,-0.030,-0.155,-0.173,-0.114,-0.069,-0.083,-0.142,-0.255,-0.331,-0.290,-0.245,-0.232,-0.143,-0.111,-0.154,-0.131,-0.040,0.091,0.238,0.296,0.296,0.298,0.229,0.161,0.071,-0.013,0.053,0.066,-0.047,-0.074,-0.098,-0.110,-0.119,-0.093,-0.050,-0.048,-0.071
0.163,0.038,0.066,-0.073,-0.150,-0.062,0.083,0.058,0.130,0.096,-0.021,-0.029,-0.084,-0.022,-0.046,-0.050,-0.078,0.040,0.179,0.111,0.010,0.006,0.016,-0.102,-0.054,0.003,-0.096,-0.091,0.120,0.126,-0.022,-0.084,-0.123,-0.196,-0.173,-0.109,-0.133,-0.063,-0.075,-0.116,-0.088,-0.150,-0.228,-0.093,0.032,-0.086,-0.121,-0.083,-0.035,-0.029,-0.139,-0.201,-0.097,0.013,0.086,0.037,-0.006,-0.071,-0.199,-0.202,-0.117,-0.152,-0.098,-0.059,-0.070,-0.128,-0.156,-0.202,-0.208,-0.156,-0.068,-0.067,-0.076,-0.085,-0.030,0.042,0.066,-0.050,-0.183,-0.213,-0.218,-0.248,-0.279,-0.313,-0.246,-0.207,-0.062,0.076,0.022,-0.084,0.006,0.138,0.241,0.294,0.299,0.192,0.004,-0.059,-0.080,-0.009,0.035,0.020,-0.017,-0.003,-0.025,-0.080,-0.019,0.043,0.038
0.024,-0.055,0.006,-0.026,-0.148,-0.119,-0.063,-0.089,-0.027,-0.056,-0.136,-0.059,-0.073,0.005,0.003,-0.009,-0.026,0.082,0.002,0.015,0.063,0.075,-0.020,-0.004,0.030,-0.107,-0.041,-0.070,-0.066,-0.084,-0.112,-0.040,-0.004,-0.011,-0.099,-0.065,0.002,-0.093,-0.050,-0.066,-0.153,-0.131,-0.063,-0.077,-0.054,-0.058,-0.096,-0.065,-0.021,-0.059,-0.069,-0.127,-0.038,0.004,-0.121,-0.080,-0.175,-0.177,-0.114,-0.112,-0.021,0.055,0.018,-0.134,-0.083,0.003,-0.089,-0.225,-0.230,-0.140,-0.080,-0.024,0.012,-0.076,-0.147,-0.056,0.009,-0.106,-0.133,-0.125,-0.134,-0.191,-0.231,-0.161,-0.113,-0.084,0.006,0.050,0.052,0.159,0.197,0.138,0.104,0.182,0.139,0.007,0.026,0.046,0.108,0.100,0.007,-0.047,-0.064,-0.056,-0.004,-0.087,-0.192,-0.138,-0.149
0.121,0.019,-0.113,-0.085,-0.070,-0.054,-0.059,-0.122,-0.170,-0.127,-0.085,-0.088,-0.102,-0.103,-0.136,-0.081,-0.108,-0.123,-0.016,0.097,0.164,0.034,-0.024,-0.049,-0.184,-0.166,-0.098,-0.065,-0.076,-0.133,-0.156,-0.099,-0.104,-0.174,-0.109,-0.090,-0.090,0.037,0.070,-0.022,-0.119,-0.171,-0.134,-0.124,-0.223,-0.184,-0.126,-0.211,-0.249,-0.167,-0.111,-0.087,-0.001,-0.044,-0.068,-0.019,-0.019,-0.100,-0.158,-0.140,-0.074,-0.056,-0.139,-0.141,-0.099,-0.054,-0.065,-0.115,-0.037,0.125,0.144,0.111,0.077,-0.081,-0.203,-0.177,-0.177,-0.215,-0.184,-0.130,-0.079,-0.093,-0.177,-0.239,-0.254,-0.197,-0.153,-0.074,-0.071,-0.070,0.057,0.157,0.148,0.184,0.242,0.240,0.203,0.173,0.092,0.019,0.024,-0.074,-0.134,-0.104,-0.116,-0.073,-0.059,-0.087,-0.146
-0.017,0.027,0.038,-0.010,0.083,-0.027,-0.031,-0.102,-0.111,-0.172,-0.196,-0.155,-0.211,-0.186,0.013,0.034,0.016,-0.072,-0.033,0.110,0.161,0.085,-0.082,-0.070,-0.052,-0.066,-0.093,-0.081,-0.050,-0.210,-0.196,-0.058,-0.095,-0.073,-0.132,-0.212,-0.123,-0.155,-0.217,-0.198,-0.161,-0.215,-0.260,-0.225,-0.200,-0.197,-0.154,-0.113,-0.105,-0.138,-0.058,-0.043,-0.072,0.010,0.061,0.043,-0.005,0.009,0.002,-0.036,-0.144,-0.124,-0.144,-0.185,-0.173,-0.166,-0.013,0.097,0.023,0.033,0.062,0.021,-0.021,-0.024,-0.132,-0.194,-0.178,-0.229,-0.253,-0.209,-0.211,-0.241,-0.197,-0.139,-0.149,-0.198,-0.107,-0.023,0.015,0.097,0.181,0.343,0.403,0.240,0.096,0.034,-0.032,-0.036,-0.050,0.008,0.104,0.140,0.028,-0.053,-0.125,-0.179,-0.121,-0.105,-0.155
-0.096,-0.018,-0.029,-0.022,-0.052,-0.062,0.031,-0.043,-0.057,0.011,-0.007,-0.073,-0.112,-0.099,-0.021,-0.005,-0.074,-0.081,-0.031,-0.013,-0.067,-0.079,-0.085,-0.108,-0.017,0.022,-0.134,-0.260,-0.195,-0.078,-0.031,0.015,0.035,0.006,-0.101,-0.134,-0.164,-0.191,-0.174,-0.176,-0.178,-0.152,-0.135,-0.171,-0.147,-0.188,-0.239,-0.184,-0.176,-0.206,-0.170,-0.074,-0.094,-0.130,-0.127,-0.068,0.031,-0.043,-0.152,-0.112,-0.050,-0.117,-0.172,-0.112,-0.062,-0.106,-0.188,-0.270,-0.190,-0.021,0.106,0.179,0.159,0.030,-0.114,-0.172,-0.251,-0.313,-0.300,-0.289,-0.295,-0.278,-0.234,-0.201,-0.229,-0.238,-0.189,-0.139,-0.122,-0.117,-0.095,0.044,0.225,0.210,0.109,0.100,0.115,0.102,0.058,0.098,0.106,0.084,0.022,-0.077,-0.056,-0.016,-0.023,-0.075,-0.230
-0.007,-0.019,-0.074,-0.117,-0.045,-0.020,-0.058,0.022,0.056,-0.069,-0.220,-0.071,-0.018,0.009,-0.031,-0.009,-0.039,0.094,0.113,0.102,0.110,0.035,-0.049,-0.089,-0.007,-0.072,-0.121,-0.089,-0.036,-0.102,-0.059,-0.132,-0.129,-0.072,-0.093,-0.186,-0.280,-0.282,-0.134,-0.130,-0.139,-0.113,-0.077,-0.051,-0.049,-0.067,-0.156,-0.191,-0.184,-0.123,-0.144,-0.086,-0.007,-0.056,-0.063,-0.073,-0.070,-0.146,-0.133,-0.127,-0.114,-0.102,-0.098,-0.207,-0.253,-0.128,-0.090,-0.166,-0.142,-0.023,-0.021,-0.071,-0.124,-0.191,-0.162,-0.152,-0.073,-0.155,-0.248,-0.235,-0.150,-0.194,-0.274,-0.254,-0.242,-0.203,-0.135,-0.062,-0.136,-0.090,-0.086,0.046,0.221,0.306,0.245,0.259,0.237,0.104,0.020,-0.013,-0.054,-0.131,-0.147,-0.072,-0.051,-0.131,-0.111,-0.080,-0.105
0.038,-0.068,-0.115,-0.130,-0.036,0.005,0.012,-0.004,-0.039,-0.106,-0.049,0.027,-0.070,-0.224,-0.070,0.048,-0.062,-0.131,-0.031,0.116,0.136,0.005,-0.094,-0.084,-0.049,-0.111,-0.079,-0.049,-0.096,-0.123,-0.075,-0.088,-0.095,-0.133,-0.240,-0.190,-0.154,-0.161,-0.221,-0.179,-0.175,-0.244,-0.141,-0.160,-0.273,-0.206,-0.099,-0.102,-0.153,-0.118,-0.051,0.012,0.076,0.092,-0.043,-0.123,-0.139,-0.167,-0.194,-0.141,-0.113,-0.118,-0.038,0.035,-0.096,-0.271,-0.266,-0.209,-0.052,0.054,-0.014,-0.139,-0.225,-0.239,-0.248,-0.254,-0.139,-0.139,-0.231,-0.292,-0.309,-0.212,-0.137,-0.197,-0.245,-0.178,-0.202,-0.251,-0.076,0.039,0.065,0.058,0.045,0.051,0.022,-0.003,0.001,0.041,-0.025,-0.084,-0.040,-0.020,-0.016,0.030,-0.009,-0.136,-0.155,-0.106,-0.194
0.028,-0.039,-0.187,0.014,-0.010,-0.039,0.007,-0.000,-0.140,-0.199,-0.038,-0.021,-0.035,-0.175,-0.148,-0.061,0.010,0.132,0.129,0.005,-0.159,-0.227,-0.306,-0.236,-0.277,-0.359,-0.323,-0.277,-0.196,-0.085,-0.059,-0.113,-0.079,0.010,-0.036,-0.056,-0.029,-0.042,-0.072,-0.124,-0.144,-0.179,-0.150,-0.169,-0.036,-0.028,-0.152,-0.236,-0.175,-0.100,-0.091,-0.123,-0.126,-0.109,-0.077,-0.146,-0.202,-0.235,-0.166,-0.016,-0.069,-0.131,-0.095,-0.027,0.044,0.083,-0.012,-0.122,-0.137,-0.038,-0.119,-0.217,-0.128,-0.111,-0.138,-0.135,-0.119,-0.203,-0.229,-0.149,-0.092,-0.118,-0.198,-0.243,-0.227,-0.152,-0.180,-0.119,-0.016,0.020,0.042,0.046,-0.010,-0.014,-0.016,-0.004,0.055,0.075,-0.036,-0.081,0.000,0.031,-0.015,-0.025,-0.069,-0.080,-0.092,-0.108,-0.163
0.086,0.149,0.010,0.089,-0.028,-0.125,-0.139,-0.060,0.069,0.030,-0.139,-0.008,-0.014,0.016,0.011,0.196,0.218,0.157,0.113,-0.051,-0.070,-0.139,-0.196,-0.251,-0.242,-0.239,-0.258,-0.269,-0.191,-0.181,-0.186,-0.031,-0.048,-0.018,-0.110,-0.090,-0.079,-0.144,-0.261,-0.215,-0.159,-0.237,-0.176,-0.110,-0.157,-0.232,-0.196,-0.293,-0.296,-0.256,-0.029,0.107,0.169,0.023,-0.097,-0.080,-0.099,-0.193,-0.177,-0.145,-0.102,-0.069,0.080,0.078,0.084,0.131,0.072,0.018,0.031,-0.026,-0.146,-0.236,-0.177,-0.158,-0.179,-0.143,-0.221,-0.151,-0.088,-0.174,-0.200,-0.205,-0.193,-0.220,-0.263,-0.243,-0.162,-0.120,-0.117,-0.053,0.039,0.175,0.223,0.154,0.089,0.147,0.082,0.042,0.037,-0.001,0.032,0.066,0.070,0.030,-0.001,-0.119,-0.098,-0.082,-0.191
-0.058,-0.091,-0.057,-0.109,-0.046,0.034,-0.093,-0.114,-0.114,-0.091,-0.114,-0.074,-0.077,0.002,-0.039,0.095,0.202,0.187,0.051,-0.013,-0.085,-0.098,-0.054,-0.108,-0.277,-0.282,-0.235,-0.208,-0.201,-0.131,-0.177,-0.193,-0.179,-0.126,-0.086,-0.111,-0.079,-0.049,-0.133,-0.066,-0.083,-0.102,-0.007,-0.006,-0.085,-0.119,-0.173,-0.168,-0.150,-0.159,-0.092,0.030,0.104,-0.045,-0.048,-0.025,-0.120,-0.233,-0.132,-0.041,-0.120,-0.087,0.010,-0.094,-0.136,-0.047,-0.084,-0.066,-0.054,-0.062,-0.016,-0.020,-0.033,-0.096,-0.108,-0.046,-0.009,-0.032,-0.164,-0.226,-0.192,-0.226,-0.231,-0.205,-0.184,-0.139,-0.126,-0.063,0.017,0.082,0.096,0.132,0.100,0.111,0.154,0.147,0.114,0.025,-0.072,-0.041,-0.069,-0.081,-0.006,-0.025,-0.056,-0.035,0.003,-0.102,-0.247
-0.031,-0.046,-0.060,-0.078,-0.125,-0.123,-0.080,-0.063,-0.180,-0.226,-0.109,0.044,0.063,-0.087,-0.123,-0.059,-0.023,-0.055,-0.009,-0.010,-0.107,-0.110,-0.119,-0.176,-0.139,-0.121,-0.188,-0.236,-0.190,-0.237,-0.250,-0.161,-0.144,-0.105,-0.091,-0.153,-0.119,-0.074,-0.103,-0.100,-0.162,-0.159,-0.131,-0.182,-0.181,-0.262,-0.285,-0.149,-0.124,0.054,0.074,-0.020,-0.036,-0.027,-0.062,-0.115,-0.126,-0.118,-0.054,-0.027,-0.070,-0.026,0.007,-0.077,-0.196,-0.180,-0.204,-0.223,-0.196,-0.122,-0.115,-0.075,-0.081,-0.152,-0.120,-0.154,-0.199,-0.177,-0.174,-0.202,-0.146,-0.214,-0.325,-0.338,-0.235,-0.126,-0.074,-0.077,-0.123,-0.166,-0.058,0.089,0.127,0.179,0.212,0.104,-0.035,-0.181,-0.166,-0.079,-0.052,-0.053,-0.039,-0.012,-0.009,-0.062,-0.010,0.070,-0.065
-0.046,-0.079,-0.053,-0.067,-0.053,-0.043,-0.010,-0.037,0.030,0.066,0.000,0.072,0.017,-0.027,-0.019,-0.046,-0.065,-0.064,-0.078,-0.071,-0.126,-0.171,-0.079,-0.097,-0.109,-0.134,-0.204,-0.241,-0.241,-0.227,-0.194,-0.137,-0.150,-0.154,-0.059,-0.089,-0.127,-0.088,-0.142,-0.122,-0.126,-0.210,-0.239,-0.220,-0.277,-0.243,-0.131,-0.156,-0.168,-0.038,-0.009,-0.108,-0.082,0.032,-0.010,-0.158,-0.143,-0.072,-0.067,-0.009,-0.064,-0.091,0.012,0.049,0.084,-0.054,-0.137,-0.176,-0.200,-0.150,-0.198,-0.214,-0.193,-0.126,-0.040,-0.076,-0.196,-0.280,-0.284,-0.301,-0.317,-0.369,-0.256,-0.100,-0.115,-0.204,-0.209,-0.163,-0.095,-0.095,-0.034,0.085,0.088,0.056,0.121,0.171,0.048,-0.045,-0.090,-0.077,-0.003,-0.018,-0.030,-0.014,-0.052,-0.059,-0.117,-0.231,-0.261
-0.025,0.024,0.036,-0.102,0.056,0.068,0.086,0.185,0.142,0.043,-0.117,-0.194,-0.154,-0.065,-0.137,-0.120,-0.022,0.048,0.007,-0.063,-0.169,-0.146,-0.138,-0.210,-0.110,0.051,0.003,-0.068,-0.278,-0.188,-0.194,-0.207,-0.164,-0.033,-0.028,-0.113,-0.070,-0.040,-0.051,0.025,-0.102,-0.217,-0.198,-0.291,-0.269,-0.231,-0.128,-0.084,0.110,0.075,0.036,0.047,-0.065,-0.037,-0.088,-0.065,-0.118,-0.160,-0.224,-0.223,-0.257,-0.302,-0.187,-0.042,0.127,0.064,0.031,-0.084,-0.050,-0.112,-0.163,-0.057,-0.081,0.070,-0.106,-0.078,-0.032,0.103,0.155,-0.104,-0.177,-0.146,-0.169,-0.242,-0.151,-0.080,-0.068,-0.084,-0.052,-0.005,-0.074,0.001,0.133,0.194,0.200,0.182,-0.010,-0.148,-0.195,-0.066,-0.079,-0.104,-0.010,-0.055,-0.018,-0.055,-0.104,-0.033,-0.029
-0.087,-0.033,-0.007,0.078,0.102,0.006,-0.030,-0.110,-0.169,-0.206,-0.127,-0.138,-0.205,-0.082,-0.136,-0.087,0.108,0.147,0.210,0.082,-0.087,-0.175,-0.149,-0.113,-0.123,-0.218,-0.206,-0.139,-0.114,-0.089,0.021,0.012,-0.041,-0.031,-0.013,-0.061,-0.082,-0.115,-0.194,-0.157,-0.064,-0.123,-0.152,-0.141,-0.176,-0.140,-0.116,-0.201,-0.193,-0.084,0.028,-0.034,-0.169,-0.095,-0.028,-0.073,-0.140,-0.122,-0.083,-0.080,-0.110,-0.042,-0.006,-0.026,-0.041,-0.020,-0.023,-0.028,-0.021,-0.001,0.038,0.003,-0.032,-0.060,-0.104,-0.105,-0.063,-0.095,-0.142,-0.196,-0.223,-0.175,-0.116,-0.107,-0.169,-0.152,-0.020,-0.066,-0.134,-0.123,-0.072,0.006,0.092,0.118,0.087,0.075,0.018,-0.070,-0.215,-0.303,-0.202,-0.089,-0.015,0.006,-0.020,0.010,-0.013,-0.049,0.018
-0.088,0.001,0.128,0.218,0.177,0.041,-0.008,-0.043,-0.012,0.005,-0.071,-0.079,-0.074,-0.066,-0.089,0.035,0.052,-0.143,-0.123,-0.018,-0.168,-0.126,-0.066,-0.135,-0.172,-0.155,-0.163,-0.171,-0.228,-0.060,0.001,-0.010,-0.002,0.086,0.058,-0.048,-0.035,-0.071,-0.074,-0.053,-0.182,-0.202,-0.159,-0.122,-0.145,-0.206,-0.178,-0.143,-0.082,-0.064,-0.182,-0.175,-0.144,-0.038,-0.041,-0.099,-0.181,-0.207,-0.164,-0.107,0.013,-0.030,-0.056,-0.001,0.008,-0.010,-0.033,-0.069,-0.151,-0.025,0.052,0.014,-0.045,-0.111,-0.116,-0.096,-0.155,-0.241,-0.183,-0.140,-0.134,-0.187,-0.171,-0.209,-0.183,-0.131,-0.144,-0.128,-0.058,-0.042,-0.083,-0.028,0.040,0.197,0.233,0.250,0.191,0.026,-0.121,-0.167,-0.115,-0.069,-0.033,-0.058,0.003,0.001,-0.131,-0.149,-0.084
-0.015,-0.045,-0.046,0.055,0.147,0.077,-0.001,-0.019,-0.125,-0.134,-0.253,-0.285,-0.174,-0.069,-0.069,0.044,0.119,0.127,0.039,-0.082,-0.151,-0.180,-0.005,0.040,-0.083,-0.169,-0.132,-0.158,-0.231,-0.230,-0.165,-0.191,-0.144,-0.062,-0.082,-0.047,-0.035,-0.076,-0.070,-0.102,-0.133,-0.099,-0.076,-0.064,-0.154,-0.245,-0.142,-0.076,-0.045,-0.059,-0.075,0.006,0.044,0.001,-0.031,-0.066,-0.141,-0.203,-0.173,-0.150,-0.134,-0.110,-0.099,-0.137,-0.090,-0.024,-0.048,-0.129,-0.054,0.064,0.044,-0.009,-0.058,-0.114,-0.168,-0.152,-0.133,-0.077,-0.091,-0.212,-0.283,-0.230,-0.158,-0.116,-0.108,-0.161,-0.198,-0.084,-0.058,0.004,0.096,0.131,0.125,-0.014,-0.066,0.025,0.049,0.035,-0.052,-0.121,-0.094,-0.087,-0.061,-0.042,-0.069,-0.074,-0.084,-0.102,-0.059
0.089,-0.102,-0.081,0.040,0.026,-0.098,-0.144,-0.105,-0.084,-0.013,0.062,0.004,-0.080,0.007,-0.068,-0.192,-0.015,0.174,0.140,-0.063,-0.125,-0.034,-0.040,-0.159,-0.234,-0.225,-0.201,-0.173,-0.147,-0.123,-0.149,-0.120,-0.028,-0.019,-0.076,0.003,0.017,-0.136,-0.151,-0.090,-0.068,-0.081,-0.062,-0.095,-0.193,-0.168,-0.135,-0.153,-0.103,-0.070,-0.050,-0.042,-0.084,-0.061,-0.042,-0.106,-0.180,-0.169,-0.158,-0.236,-0.231,-0.176,-0.135,-0.069,-0.047,-0.035,-0.040,-0.042,-0.048,-0.132,-0.158,-0.148,-0.109,-0.031,-0.080,-0.211,-0.292,-0.261,-0.229,-0.240,-0.202,-0.081,-0.054,-0.105,-0.111,-0.133,-0.134,-0.090,-0.122,-0.156,-0.176,-0.111,-0.035,-0.084,-0.141,-0.115,-0.065,-0.014,-0.001,-0.069,-0.108,-0.031,0.017,-0.036,-0.056,-0.139,-0.154,-0.077,-0.140
0.028,-0.122,-0.157,-0.057,0.068,0.075,0.066,0.009,-0.043,-0.110,-0.158,-0.207,-0.177,-0.132,-0.140,-0.129,-0.077,-0.111,-0.082,-0.101,-0.115,-0.164,-0.064,-0.169,-0.190,-0.177,-0.247,-0.257,-0.078,-0.072,-0.212,-0.248,-0.185,-0.126,-0.142,-0.089,-0.121,-0.116,-0.077,-0.107,-0.186,-0.153,-0.093,-0.097,-0.175,-0.220,-0.082,0.062,0.011,-0.072,-0.050,0.011,0.000,-0.048,-0.166,-0.245,-0.140,-0.007,0.038,-0.086,-0.170,-0.096,-0.097,-0.149,-0.117,-0.132,-0.101,-0.079,-0.128,-0.171,-0.115,0.048,0.008,-0.101,-0.188,-0.209,-0.169,-0.091,-0.068,-0.118,-0.173,-0.190,-0.221,-0.219,-0.178,-0.155,-0.081,0.019,0.025,-0.017,0.014,0.081,0.105,0.134,0.156,0.138,0.060,-0.010,-0.080,-0.097,-0.090,-0.003,0.085,0.057,-0.032,-0.098,-0.122,-0.196,-0.199
0.012,-0.082,-0.174,-0.053,0.070,0.036,-0.015,-0.070,-0.164,-0.169,-0.118,-0.119,-0.104,-0.059,-0.121,-0.285,-0.190,-0.110,-0.102,-0.084,-0.095,-0.157,-0.189,-0.207,-0.217,-0.208,-0.195,-0.146,-0.159,-0.184,-0.183,-0.172,-0.128,-0.085,-0.053,-0.071,-0.057,-0.113,-0.139,-0.106,-0.198,-0.184,-0.134,-0.195,-0.262,-0.230,-0.183,-0.136,-0.156,-0.087,-0.005,-0.037,-0.074,-0.066,-0.052,-0.095,-0.194,-0.189,-0.151,-0.174,-0.118,-0.080,-0.060,0.043,0.053,0.031,-0.052,-0.093,-0.074,-0.036,0.030,-0.032,-0.165,-0.118,-0.112,-0.194,-0.175,-0.129,-0.119,-0.089,-0.088,-0.121,-0.190,-0.220,-0.154,-0.113,-0.138,-0.134,-0.146,-0.136,-0.098,-0.062,0.018,0.084,0.041,0.012,0.012,0.010,0.024,0.052,-0.019,-0.128,-0.075,-0.015,-0.061,-0.126,-0.112,-0.127,-0.236
0.086,0.069,-0.032,-0.108,-0.078,-0.031,-0.093,-0.105,-0.111,-0.185,-0.185,-0.136,-0.194,-0.134,-0.041,-0.128,-0.173,-0.151,-0.193,-0.144,-0.182,-0.235,-0.215,-0.177,-0.151,-0.084,-0.132,-0.253,-0.151,-0.135,-0.197,-0.067,0.059,-0.054,-0.157,-0.205,-0.273,-0.267,-0.183,-0.103,-0.122,-0.163,-0.173,-0.177,-0.176,-0.135,-0.100,-0.157,-0.184,-0.090,-0.060,-0.162,-0.151,-0.143,-0.154,-0.126,-0.114,-0.085,-0.107,-0.137,-0.162,-0.113,-0.037,-0.016,-0.051,-0.031,-0.022,-0.016,0.016,-0.084,-0.181,-0.139,-0.108,-0.141,-0.101,-0.136,-0.181,-0.167,-0.070,0.048,0.010,-0.114,-0.169,-0.210,-0.330,-0.324,-0.179,-0.131,-0.166,-0.097,0.027,0.061,0.090,0.123,0.139,0.113,0.029,-0.015,-0.048,-0.058,-0.050,-0.029,-0.021,-0.085,-0.171,-0.141,-0.071,-0.098,-0.074
-0.196,-0.269,-0.215,-0.146,-0.001,-0.024,-0.132,-0.074,-0.120,-0.073,-0.071,-0.179,-0.130,-0.134,-0.143,-0.059,-0.011,-0.018,0.045,0.131,-0.062,-0.168,-0.194,-0.227,-0.142,-0.104,-0.166,-0.231,-0.183,-0.153,-0.207,-0.253,-0.073,-0.088,-0.061,-0.155,-0.172,-0.072,-0.148,-0.142,-0.049,-0.039,-0.038,-0.107,-0.111,-0.095,-0.081,-0.037,-0.023,0.085,0.083,0.027,0.135,0.106,-0.028,-0.051,-0.068,-0.124,-0.157,-0.075,-0.022,-0.074,-0.210,-0.205,-0.147,-0.065,-0.065,-0.033,-0.104,-0.230,-0.175,-0.136,-0.131,-0.109,-0.077,-0.127,-0.185,-0.293,-0.249,-0.159,-0.181,-0.169,-0.215,-0.207,-0.131,-0.136,-0.129,-0.132,-0.062,-0.038,-0.035,-0.042,0.039,0.007,-0.015,-0.056,0.021,0.023,0.071,0.004,-0.052,-0.022,-0.005,-0.072,-0.081,-0.110,-0.061,-0.089,-0.152
-0.058,-0.052,0.018,0.013,-0.112,-0.093,-0.009,-0.048,-0.108,-0.129,-0.158,-0.195,-0.223,-0.180,-0.152,-0.078,0.019,0.006,0.013,-0.024,-0.131,-0.185,-0.192,-0.105,-0.057,-0.183,-0.228,-0.219,-0.246,-0.188,-0.171,-0.160,0.006,0.047,-0.174,-0.250,-0.209,-0.221,-0.193,-0.128,-0.152,-0.197,-0.240,-0.261,-0.133,-0.062,-0.180,-0.190,-0.213,-0.203,-0.127,-0.120,-0.003,0.060,-0.002,-0.082,-0.136,-0.147,-0.129,-0.126,-0.173,-0.165,-0.030,-0.065,-0.151,-0.143,-0.126,-0.058,0.016,-0.057,-0.140,-0.139,-0.165,-0.142,-0.060,-0.033,-0.047,-0.031,-0.016,-0.107,-0.146,-0.164,-0.153,-0.091,-0.147,-0.204,-0.107,-0.038,-0.094,-0.096,-0.034,-0.053,-0.132,0.005,0.106,0.075,0.058,-0.016,-0.101,-0.109,-0.108,-0.151,-0.194,-0.130,-0.059,-0.073,-0.127,-0.213,-0.238
-0.008,-0.031,-0.062,-0.040,-0.037,-0.047,-0.094,-0.075,-0.017,-0.004,0.068,0.050,-0.064,-0.190,-0.150,-0.087,-0.112,-0.035,-0.005,0.071,-0.026,-0.172,-0.194,-0.132,-0.098,-0.195,-0.337,-0.364,-0.284,-0.175,-0.182,-0.157,-0.046,-0.020,-0.074,-0.118,-0.108,-0.117,-0.200,-0.218,-0.277,-0.262,-0.214,-0.192,-0.148,-0.112,-0.134,-0.172,-0.180,-0.091,-0.055,-0.113,-0.062,-0.049,-0.016,-0.027,-0.158,-0.170,-0.158,-0.170,-0.236,-0.224,-0.149,-0.032,0.111,0.028,-0.094,-0.114,-0.123,-0.114,-0.056,-0.043,-0.097,-0.164,-0.198,-0.249,-0.196,-0.131,-0.183,-0.120,-0.163,-0.188,-0.113,-0.156,-0.231,-0.178,-0.060,0.012,0.049,0.042,0.009,0.006,-0.029,0.072,0.186,0.156,0.121,0.005,-0.108,-0.196,-0.082,-0.016,-0.086,-0.046,0.026,-0.052,-0.161,-0.226,-0.088
0.017,0.011,-0.011,0.045,0.018,-0.055,-0.019,-0.044,-0.125,-0.099,-0.046,-0.119,-0.115,-0.131,-0.243,-0.208,-0.152,-0.017,0.034,0.034,-0.099,-0.199,-0.165,-0.241,-0.154,-0.118,-0.256,-0.246,-0.199,-0.234,-0.152,-0.153,-0.100,-0.085,-0.112,-0.175,-0.053,-0.016,-0.059,-0.080,-0.091,-0.048,0.082,0.111,-0.058,-0.199,-0.222,-0.176,-0.016,0.083,0.102,-0.024,-0.132,-0.191,-0.165,-0.160,-0.260,-0.213,-0.150,-0.098,-0.047,-0.010,-0.018,-0.005,-0.049,-0.064,-0.019,-0.109,-0.143,-0.041,-0.049,-0.016,-0.054,-0.111,-0.148,-0.178,-0.190,-0.168,-0.211,-0.231,-0.217,-0.234,-0.176,-0.239,-0.238,-0.209,-0.189,-0.124,-0.117,-0.203,-0.100,-0.026,0.027,0.106,0.053,0.001,0.032,0.013,-0.073,-0.123,-0.095,-0.063,-0.056,-0.051,-0.077,-0.140,-0.160,-0.162,-0.094
-0.084,-0.040,-0.083,-0.121,-0.003,0.087,-0.014,0.005,0.006,-0.054,-0.102,-0.100,-0.120,-0.080,-0.134,-0.160,-0.030,0.046,0.035,0.014,-0.021,-0.119,-0.197,-0.211,-0.193,-0.133,-0.212,-0.257,-0.187,-0.106,-0.049,-0.150,-0.160,-0.167,-0.069,-0.064,-0.044,-0.145,-0.222,-0.230,-0.231,-0.168,-0.092,-0.049,-0.090,-0.168,-0.178,-0.020,-0.040,0.019,0.072,0.019,-0.065,-0.071,-0.027,0.013,-0.040,-0.039,-0.050,-0.136,-0.026,0.059,-0.042,-0.092,0.023,0.063,0.005,-0.024,0.029,0.086,0.034,-0.025,-0.093,-0.098,-0.145,-0.167,-0.174,-0.189,-0.169,-0.195,-0.175,-0.149,-0.199,-0.182,-0.172,-0.158,-0.132,-0.104,-0.110,-0.054,-0.044,-0.031,-0.030,-0.002,0.074,0.154,0.100,-0.067,-0.108,-0.019,0.015,-0.044,-0.056,-0.057,-0.055,-0.032,-0.142,-0.159,-0.087
0.033,-0.002,0.001,0.032,0.077,0.012,-0.059,0.002,-0.090,-0.185,-0.124,-0.103,-0.171,-0.140,-0.071,-0.094,-0.058,0.036,0.008,0.030,0.072,-0.082,-0.105,-0.113,-0.166,-0.170,-0.217,-0.209,-0.189,-0.173,-0.089,-0.101,-0.122,-0.130,-0.108,-0.106,-0.180,-0.191,-0.142,-0.151,-0.202,-0.213,-0.124,-0.080,-0.099,-0.163,-0.145,-0.058,-0.104,-0.101,-0.062,-0.129,-0.019,0.145,0.025,-0.117,-0.145,-0.151,-0.165,-0.039,0.032,-0.019,-0.027,-0.010,-0.029,-0.090,-0.043,0.021,0.031,-0.039,-0.146,-0.102,-0.059,-0.100,-0.106,-0.122,-0.176,-0.197,-0.112,-0.170,-0.224,-0.213,-0.228,-0.213,-0.220,-0.183,-0.111,-0.072,-0.074,-0.031,-0.066,-0.086,-0.016,0.065,0.066,-0.018,-0.069,-0.064,-0.048,-0.102,-0.099,-0.078,-0.113,-0.059,0.058,0.039,-0.021,-0.091,-0.201
0.004,-0.112,-0.096,-0.036,0.015,-0.038,-0.102,-0.071,-0.076,-0.185,-0.231,-0.211,-0.141,-0.086,-0.021,0.036,0.020,-0.022,0.126,0.242,0.150,0.013,-0.147,-0.044,-0.057,-0.006,0.128,0.083,-0.036,-0.097,0.007,-0.016,0.033,0.185,0.211,0.132,-0.046,-0.050,-0.005,-0.042,-0.017,-0.077,-0.048,0.066,0.018,-0.127,-0.026,-0.003,-0.155,-0.156,-0.158,-0.163,-0.157,-0.170,-0.214,-0.154,-0.140,-0.120,0.011,0.032,0.019,0.040,0.105,0.064,-0.001,-0.033,-0.086,-0.121,-0.099,-0.059,-0.065,0.020,0.077,0.075,-0.050,-0.081,0.109,0.194,0.176,0.036,-0.084,-0.057,-0.051,-0.215,-0.333,-0.198,-0.079,-0.083,0.028,0.219,0.277,0.291,0.289,0.232,0.084,-0.060,-0.164,-0.210,-0.135,-0.117,-0.057,-0.042,-0.103,-0.038,0.087,0.099,-0.048,-0.126,-0.046
-0.113,-0.169,0.017,-0.059,0.013,0.054,0.002,-0.005,-0.035,-0.048,-0.076,-0.133,-0.079,-0.161,-0.092,-0.026,-0.101,-0.164,-0.091,-0.162,-0.105,-0.161,-0.055,-0.056,-0.042,0.000,-0.123,-0.190,-0.215,-0.225,-0.170,-0.137,-0.113,-0.074,-0.134,-0.173,-0.111,-0.147,-0.130,-0.039,-0.050,-0.161,-0.201,-0.149,-0.180,-0.070,-0.097,-0.180,-0.087,0.046,-0.051,-0.040,-0.005,-0.015,-0.053,-0.008,-0.029,-0.121,-0.168,-0.192,-0.063,0.013,0.091,0.167,0.156,0.085,0.032,-0.065,-0.136,-0.152,-0.130,-0.157,-0.142,-0.149,-0.135,-0.089,-0.025,-0.129,-0.241,-0.237,-0.220,-0.188,-0.136,-0.109,-0.124,-0.010,0.010,-0.028,-0.019,0.047,0.140,0.109,0.041,0.093,0.214,0.322,0.199,-0.014,-0.138,-0.190,-0.221,-0.252,-0.171,-0.114,-0.041,0.081,0.049,-0.079,-0.215
-0.110,0.018,-0.036,-0.111,0.025,0.115,0.053,-0.034,-0.042,-0.054,-0.029,-0.091,-0.237,-0.266,-0.120,-0.025,0.012,0.061,0.050,-0.023,-0.114,-0.168,-0.122,-0.042,-0.088,-0.124,-0.073,-0.092,-0.100,-0.042,-0.044,-0.097,-0.066,-0.114,-0.119,-0.049,-0.128,-0.271,-0.281,-0.120,-0.098,-0.189,-0.150,-0.160,-0.134,-0.115,-0.040,-0.013,-0.029,-0.024,-0.094,-0.120,-0.120,-0.104,-0.141,-0.160,-0.118,-0.148,-0.186,-0.140,-0.190,-0.271,-0.117,-0.094,-0.141,-0.114,-0.125,-0.071,-0.049,-0.056,-0.102,-0.120,-0.124,-0.122,-0.099,-0.132,-0.298,-0.328,-0.239,-0.108,-0.086,-0.214,-0.227,-0.163,-0.174,-0.307,-0.373,-0.316,-0.265,-0.109,0.049,0.176,0.231,0.240,0.180,0.064,0.033,-0.021,-0.078,-0.108,-0.188,-0.125,0.094,0.251,0.255,0.148,0.132,0.113,-0.030
0.153,-0.037,-0.031,0.016,0.061,0.114,-0.029,-0.080,-0.019,-0.061,-0.102,-0.153,-0.148,-0.090,-0.071,-0.018,-0.029,0.011,0.003,-0.090,-0.018,-0.025,-0.055,-0.199,-0.181,-0.109,-0.116,-0.280,-0.257,-0.211,-0.155,-0.165,-0.051,-0.053,-0.033,-0.024,-0.007,-0.027,-0.011,-0.115,-0.132,-0.208,-0.172,-0.108,-0.094,-0.132,-0.250,-0.166,-0.079,0.062,0.097,0.172,0.100,-0.054,-0.045,-0.111,-0.216,-0.207,-0.089,-0.097,-0.144,-0.160,-0.045,0.008,-0.072,-0.105,-0.032,-0.201,-0.218,-0.122,-0.141,-0.112,-0.186,-0.171,-0.159,-0.203,-0.276,-0.265,-0.160,-0.068,-0.060,-0.159,-0.113,-0.109,-0.148,-0.150,-0.159,-0.164,-0.196,-0.244,-0.231,-0.057,0.037,0.055,0.026,0.043,0.106,0.045,-0.027,0.020,0.073,0.046,-0.064,-0.067,-0.100,-0.058,-0.021,-0.072,-0.103
-0.055,0.029,0.070,0.030,-0.012,0.025,0.007,-0.060,-0.106,-0.171,-0.093,-0.028,-0.102,-0.132,-0.081,-0.135,-0.085,-0.136,-0.173,0.012,0.052,-0.051,-0.113,-0.130,-0.087,-0.116,-0.129,-0.182,-0.189,-0.168,-0.150,-0.175,-0.112,-0.074,-0.126,-0.152,-0.218,-0.262,-0.194,-0.174,-0.191,-0.166,-0.118,-0.218,-0.284,-0.238,-0.179,-0.095,-0.126,-0.182,-0.104,0.014,0.056,-0.021,-0.126,-0.128,-0.087,-0.096,-0.159,-0.157,-0.115,-0.045,-0.015,-0.075,-0.078,0.023,-0.003,-0.109,-0.127,-0.140,-0.103,-0.144,-0.219,-0.121,-0.054,-0.043,-0.069,-0.066,-0.150,-0.190,-0.152,-0.158,-0.154,-0.169,-0.265,-0.251,-0.194,-0.126,-0.113,-0.136,0.021,0.104,0.110,0.083,0.039,-0.079,-0.136,-0.064,-0.075,-0.075,-0.045,-0.086,-0.152,-0.096,-0.028,-0.028,-0.071,-0.004,-0.088
0.040,-0.094,-0.110,-0.115,-0.072,-0.069,-0.109,-0.090,-0.130,-0.098,-0.054,-0.013,-0.023,-0.057,-0.106,-0.130,-0.109,-0.059,-0.019,0.009,-0.048,-0.131,-0.107,-0.101,-0.161,-0.181,-0.180,-0.201,-0.176,-0.214,-0.194,-0.125,-0.047,-0.027,-0.089,-0.096,-0.089,-0.084,-0.233,-0.186,-0.111,-0.073,-0.128,-0.212,-0.224,-0.193,-0.109,-0.119,-0.107,-0.112,-0.126,-0.141,-0.118,-0.030,-0.068,-0.097,-0.118,-0.147,-0.133,-0.083,-0.032,-0.011,0.027,0.027,0.075,-0.005,-0.054,-0.069,-0.074,-0.064,-0.053,-0.138,-0.166,-0.121,-0.109,-0.149,-0.200,-0.153,-0.183,-0.216,-0.226,-0.222,-0.175,-0.133,-0.147,-0.086,0.025,0.029,0.008,-0.040,-0.043,-0.054,0.002,0.104,0.082,-0.075,-0.074,0.021,0.015,-0.030,-0.059,-0.073,-0.024,-0.030,-0.073,-0.074,-0.064,-0.022,-0.060
-0.044,-0.097,-0.050,-0.038,-0.018,-0.017,-0.055,-0.061,-0.064,-0.087,-0.078,-0.070,-0.089,-0.159,-0.187,-0.164,-0.147,-0.157,-0.137,-0.094,-0.050,-0.037,-0.039,-0.134,-0.097,-0.077,-0.111,-0.189,-0.154,-0.136,-0.067,-0.007,-0.053,-0.043,-0.098,-0.130,-0.184,-0.186,-0.175,-0.166,-0.174,-0.192,-0.158,-0.135,-0.145,-0.220,-0.209,-0.118,-0.139,-0.109,-0.092,-0.039,-0.061,-0.072,-0.094,-0.062,-0.063,-0.074,-0.098,-0.105,-0.112,-0.063,-0.017,0.041,0.091,0.088,-0.041,-0.065,-0.044,-0.102,-0.174,-0.182,-0.109,-0.064,-0.111,-0.188,-0.183,-0.152,-0.143,-0.160,-0.199,-0.225,-0.192,-0.172,-0.166,-0.139,-0.125,-0.161,-0.133,-0.097,-0.081,-0.074,0.004,0.055,0.005,-0.094,-0.139,-0.135,-0.128,-0.104,-0.059,-0.022,-0.067,-0.096,-0.078,-0.031,0.015,-0.015,0.051
-0.045,0.004,-0.058,-0.072,-0.106,-0.052,-0.066,-0.109,-0.096,-0.063,0.021,0.014,-0.043,-0.157,-0.199,-0.163,-0.005,0.115,0.026,-0.009,-0.065,-0.063,-0.140,-0.120,-0.090,-0.064,-0.089,-0.215,-0.214,-0.092,-0.099,-0.021,-0.014,0.029,-0.017,-0.128,-0.153,-0.121,-0.068,-0.099,-0.074,-0.063,0.046,0.119,0.116,0.028,-0.085,-0.102,-0.163,-0.136,-0.100,-0.058,-0.123,-0.135,-0.121,-0.084,-0.107,-0.130,-0.146,-0.132,-0.101,-0.050,-0.015,-0.058,-0.105,-0.129,-0.093,-0.015,-0.058,-0.137,-0.184,-0.065,-0.095,-0.123,-0.117,-0.155,-0.152,-0.150,-0.072,-0.099,-0.185,-0.231,-0.212,-0.154,-0.188,-0.224,-0.133,-0.123,-0.098,-0.054,-0.042,0.013,0.126,0.096,-0.050,-0.017,-0.007,-0.062,-0.096,-0.091,0.001,0.053,0.066,-0.068,-0.142,-0.211,-0.192,-0.089,-0.028
-0.064,-0.093,-0.018,-0.011,-0.083,-0.048,-0.016,-0.038,-0.117,-0.134,-0.110,-0.129,-0.121,-0.156,-0.171,-0.182,-0.107,-0.087,-0.099,0.002,-0.032,-0.084,-0.114,-0.164,-0.151,-0.169,-0.143,-0.185,-0.268,-0.225,-0.140,-0.075,-0.057,-0.019,-0.037,-0.086,-0.060,-0.079,-0.111,-0.160,-0.192,-0.144,-0.127,-0.155,-0.196,-0.143,-0.050,-0.035,-0.031,0.045,0.068,0.037,-0.022,-0.067,-0.108,-0.214,-0.199,-0.129,-0.091,-0.000,0.045,0.006,-0.013,-0.034,-0.074,-0.035,-0.027,-0.034,0.016,0.034,0.069,0.054,-0.029,-0.075,-0.089,-0.192,-0.236,-0.156,-0.135,-0.161,-0.207,-0.194,-0.116,-0.089,-0.140,-0.155,-0.068,0.003,0.015,-0.029,-0.044,0.012,0.043,0.058,0.044,-0.040,-0.096,-0.126,-0.129,-0.108,-0.116,-0.088,-0.088,-0.130,-0.100,-0.091,-0.097,-0.096,-0.107
0.034,-0.020,-0.153,-0.099,-0.065,-0.051,-0.094,-0.130,-0.179,-0.067,-0.034,-0.113,-0.096,-0.090,-0.094,-0.104,-0.059,-0.092,-0.051,0.042,0.005,-0.024,-0.093,-0.226,-0.223,-0.114,-0.037,-0.053,-0.145,-0.126,-0.133,-0.131,-0.077,-0.098,-0.100,-0.184,-0.188,-0.151,-0.069,-0.049,-0.023,-0.070,-0.028,-0.078,-0.115,-0.201,-0.133,-0.160,-0.061,-0.026,-0.035,0.042,-0.037,-0.050,-0.091,-0.072,-0.110,-0.052,-0.006,-0.022,-0.055,0.004,0.018,0.052,-0.003,-0.053,-0.046,-0.048,-0.043,-0.098,-0.057,-0.005,-0.039,-0.100,-0.060,-0.047,-0.074,-0.053,-0.071,-0.154,-0.166,-0.154,-0.176,-0.181,-0.268,-0.217,-0.073,0.034,0.054,0.044,0.040,-0.033,-0.073,-0.122,-0.075,0.093,0.177,0.116,0.140,0.113,0.045,-0.064,-0.056,-0.063,-0.052,-0.009,-0.050,-0.066,-0.042
-0.062,-0.102,-0.117,-0.149,-0.103,-0.089,-0.117,-0.071,-0.049,-0.044,-0.097,-0.116,-0.095,-0.091,-0.045,-0.088,-0.117,-0.046,-0.082,-0.145,-0.144,-0.173,-0.158,-0.112,-0.104,-0.106,-0.121,-0.169,-0.248,-0.214,-0.112,-0.058,-0.058,-0.106,-0.178,-0.219,-0.134,-0.071,-0.077,-0.062,-0.009,-0.055,-0.037,0.061,0.042,-0.030,-0.114,-0.137,-0.068,0.040,0.075,0.090,0.041,-0.012,0.011,0.006,-0.000,-0.027,-0.050,-0.043,-0.093,-0.114,-0.087,-0.109,-0.128,-0.062,-0.010,-0.096,-0.173,-0.141,-0.125,-0.096,-0.038,-0.050,-0.132,-0.172,-0.181,-0.186,-0.145,-0.059,-0.037,-0.068,-0.132,-0.174,-0.145,-0.128,-0.116,-0.078,-0.072,-0.079,-0.065,-0.062,-0.021,0.052,0.078,0.018,-0.035,-0.045,-0.073,-0.132,-0.118,-0.085,-0.048,-0.023,-0.058,-0.089,-0.173,-0.225,-0.128
-0.174,-0.194,-0.140,-0.103,-0.130,-0.050,-0.039,-0.139,-0.172,-0.146,-0.089,-0.103,-0.066,-0.084,-0.174,-0.169,-0.178,-0.099,-0.073,-0.038,0.000,-0.065,-0.123,-0.104,-0.108,-0.103,-0.095,-0.101,-0.093,-0.101,-0.109,-0.116,-0.052,-0.016,-0.031,-0.093,-0.072,-0.070,-0.189,-0.216,-0.164,-0.109,-0.023,0.028,-0.020,-0.137,-0.171,-0.091,-0.076,-0.133,-0.196,-0.185,-0.125,-0.066,-0.125,-0.156,-0.055,-0.062,-0.074,-0.056,-0.037,-0.043,-0.049,-0.054,-0.010,-0.037,-0.135,-0.111,-0.063,-0.069,-0.071,-0.108,-0.115,-0.056,-0.040,-0.148,-0.171,-0.144,-0.152,-0.117,-0.105,-0.193,-0.220,-0.204,-0.212,-0.153,-0.099,-0.033,0.065,0.121,0.067,0.040,0.005,-0.028,-0.041,-0.013,0.008,-0.014,-0.032,0.015,0.128,0.152,-0.014,-0.075,-0.075,-0.137,-0.150,-0.113,-0.148
-0.002,-0.050,-0.028,-0.035,-0.026,-0.049,-0.043,-0.046,-0.080,-0.110,-0.004,-0.106,-0.078,-0.131,-0.052,-0.080,-0.128,-0.121,-0.068,-0.057,-0.048,-0.066,-0.028,0.012,-0.126,-0.182,-0.199,-0.163,-0.082,-0.051,-0.102,-0.116,-0.127,-0.144,-0.223,-0.165,-0.098,-0.121,-0.154,-0.203,-0.175,-0.181,-0.106,-0.034,0.012,0.011,0.012,-0.010,0.006,-0.075,-0.153,-0.212,-0.070,-0.052,-0.100,-0.153,-0.109,-0.033,-0.115,-0.130,-0.086,-0.130,-0.128,-0.017,0.030,-0.009,-0.003,-0.020,-0.038,0.023,0.070,0.051,-0.033,-0.072,-0.110,-0.091,-0.120,-0.214,-0.231,-0.278,-0.284,-0.168,-0.175,-0.209,-0.147,-0.070,-0.008,-0.010,0.013,0.023,-0.009,-0.071,-0.106,-0.076,-0.038,-0.026,-0.053,-0.039,0.010,0.033,0.001,-0.089,-0.107,-0.080,-0.058,-0.041,-0.049,-0.041,0.037
-0.183,-0.203,-0.058,0.117,0.165,0.103,0.005,-0.106,-0.110,-0.068,0.008,0.006,0.002,-0.035,-0.037,-0.184,-0.238,-0.121,-0.072,-0.056,-0.058,-0.102,-0.090,-0.152,-0.222,-0.116,-0.132,-0.195,-0.195,-0.077,-0.007,-0.024,-0.131,-0.203,-0.214,-0.225,-0.192,-0.143,-0.147,-0.096,-0.099,-0.011,0.047,0.024,0.056,0.037,-0.012,-0.048,-0.032,-0.126,-0.088,-0.025,-0.018,-0.128,-0.207,-0.149,-0.111,-0.106,-0.092,-0.135,-0.145,-0.070,-0.021,0.002,-0.035,-0.047,0.001,0.025,0.054,0.051,-0.018,-0.076,-0.090,-0.056,-0.032,-0.039,-0.124,-0.221,-0.264,-0.251,-0.203,-0.127,-0.104,-0.150,-0.205,-0.112,0.057,0.079,0.024,0.006,0.010,0.028,0.008,0.044,0.056,-0.005,-0.064,-0.106,-0.125,-0.113,-0.108,-0.122,-0.121,-0.102,-0.030,0.028,-0.044,-0.049,-0.078
-0.006,-0.085,-0.091,-0.066,-0.096,-0.112,-0.139,-0.167,-0.167,-0.118,-0.120,-0.198,-0.160,-0.128,-0.082,-0.162,-0.152,-0.049,-0.102,-0.094,-0.066,-0.092,-0.101,-0.131,-0.130,-0.119,-0.054,0.025,-0.020,-0.141,-0.150,-0.136,-0.177,-0.129,-0.112,-0.175,-0.161,-0.064,-0.077,-0.020,-0.051,-0.127,-0.107,-0.020,0.058,0.019,-0.067,-0.110,-0.020,-0.017,-0.105,-0.124,-0.035,-0.003,0.011,-0.037,-0.069,-0.025,-0.033,-0.102,-0.114,0.015,-0.022,-0.155,-0.134,-0.075,0.007,-0.045,-0.097,-0.052,-0.015,0.012,-0.023,-0.078,-0.051,-0.085,-0.108,-0.159,-0.190,-0.211,-0.154,-0.152,-0.189,-0.203,-0.158,-0.197,-0.179,-0.096,0.002,0.040,-0.052,-0.011,0.066,0.140,0.135,0.122,0.046,-0.107,-0.158,-0.134,-0.120,-0.045,-0.019,-0.079,-0.050,-0.003,-0.029,-0.101,-0.146
-0.102,-0.130,-0.110,-0.076,-0.116,-0.116,-0.089,-0.122,-0.108,-0.144,-0.192,-0.189,-0.176,-0.213,-0.157,-0.123,-0.105,-0.158,-0.215,-0.135,-0.114,-0.199,-0.190,-0.141,-0.149,-0.140,-0.176,-0.213,-0.211,-0.112,-0.013,-0.137,-0.169,-0.199,-0.225,-0.221,-0.177,-0.151,-0.163,-0.183,-0.178,-0.140,-0.068,-0.014,-0.050,-0.168,-0.092,-0.081,-0.166,-0.190,-0.112,-0.064,-0.024,0.013,-0.050,-0.057,-0.038,-0.137,-0.221,-0.194,-0.103,-0.082,-0.032,0.031,0.092,0.062,-0.037,-0.029,0.046,0.032,0.020,-0.046,-0.080,-0.116,-0.084,-0.052,-0.105,-0.119,-0.140,-0.152,-0.194,-0.211,-0.194,-0.266,-0.256,-0.161,-0.152,-0.136,-0.040,-0.065,-0.142,-0.110,-0.100,0.002,0.080,-0.000,-0.097,-0.094,-0.047,-0.029,-0.010,0.041,-0.037,-0.081,-0.063,0.011,-0.019,-0.140,-0.159
-0.036,-0.134,-0.088,-0.131,-0.160,-0.167,-0.136,-0.110,-0.264,-0.160,-0.219,-0.139,-0.116,-0.152,-0.112,-0.161,-0.129,-0.171,-0.120,-0.137,-0.188,-0.187,-0.092,-0.028,-0.057,-0.106,-0.199,-0.170,-0.158,-0.240,-0.201,-0.157,-0.059,-0.107,-0.232,-0.201,-0.078,-0.224,-0.179,-0.189,-0.277,-0.266,-0.105,-0.041,0.028,-0.099,-0.090,0.017,0.147,0.046,-0.192,-0.241,-0.122,0.037,-0.014,-0.243,-0.262,-0.144,-0.078,-0.090,-0.127,-0.103,-0.098,-0.032,0.001,-0.051,-0.028,0.058,-0.009,-0.142,-0.233,-0.098,-0.045,-0.128,-0.119,-0.074,-0.038,-0.126,-0.169,-0.195,-0.199,-0.173,-0.106,-0.154,-0.273,-0.193,-0.050,0.012,-0.015,-0.002,-0.043,0.039,0.038,0.007,-0.038,-0.108,-0.075,-0.069,-0.100,-0.110,-0.120,-0.114,-0.136,-0.071,-0.006,-0.037,-0.029,-0.115,-0.038
-0.048,-0.074,-0.120,-0.131,-0.185,-0.220,-0.243,-0.173,-0.108,-0.109,-0.097,-0.073,-0.116,-0.124,-0.169,-0.248,-0.160,-0.076,-0.091,-0.126,-0.090,-0.081,-0.082,-0.116,-0.075,-0.064,-0.167,-0.118,-0.145,-0.191,-0.089,-0.060,-0.069,-0.215,-0.282,-0.181,-0.180,-0.145,-0.130,-0.123,-0.064,-0.004,-0.059,-0.090,-0.097,-0.165,-0.162,-0.138,-0.093,-0.050,-0.030,-0.063,-0.030,-0.079,-0.174,-0.127,-0.084,-0.142,-0.160,-0.077,-0.056,-0.072,-0.040,-0.008,-0.045,-0.094,-0.101,-0.122,-0.114,-0.052,-0.052,-0.112,-0.117,-0.110,-0.164,-0.169,-0.093,-0.086,-0.126,-0.103,-0.108,-0.172,-0.190,-0.192,-0.207,-0.170,-0.170,-0.145,-0.099,-0.037,0.094,0.140,0.151,0.059,0.014,0.080,0.052,-0.036,-0.056,-0.090,-0.063,-0.028,-0.055,-0.030,-0.013,0.010,-0.023,-0.059,-0.017
-0.093,-0.159,-0.099,-0.083,-0.041,-0.187,-0.212,-0.146,-0.159,-0.164,-0.141,-0.198,-0.066,0.080,-0.031,-0.170,-0.061,-0.031,-0.042,-0.157,-0.169,-0.184,-0.164,-0.139,-0.067,-0.101,-0.100,-0.163,-0.161,-0.083,-0.047,-0.023,-0.049,-0.151,-0.189,-0.219,-0.151,-0.130,-0.130,-0.158,-0.212,-0.199,-0.127,-0.055,0.017,-0.136,-0.223,-0.158,-0.053,0.002,0.080,0.043,-0.025,-0.074,-0.124,-0.092,-0.177,-0.185,-0.097,-0.147,-0.114,-0.091,-0.053,-0.120,-0.142,-0.152,-0.085,-0.107,-0.183,-0.240,-0.221,-0.159,-0.117,-0.096,-0.051,-0.057,-0.078,-0.152,-0.130,-0.136,-0.252,-0.285,-0.240,-0.245,-0.150,-0.011,0.026,-0.075,-0.159,-0.099,-0.001,-0.013,0.076,0.163,0.124,0.052,-0.063,-0.117,-0.087,-0.080,-0.088,-0.081,-0.114,-0.053,-0.018,0.004,-0.032,-0.049,-0.062
0.005,-0.069,-0.101,-0.141,-0.157,-0.118,-0.115,-0.216,-0.245,-0.188,-0.120,-0.178,-0.196,-0.125,-0.089,-0.082,-0.014,-0.027,-0.094,-0.175,-0.226,-0.190,-0.122,-0.125,-0.141,-0.174,-0.144,-0.095,-0.137,-0.130,-0.028,0.027,-0.031,-0.082,-0.169,-0.234,-0.247,-0.230,-0.195,-0.071,-0.069,-0.099,-0.014,-0.016,-0.059,-0.132,-0.119,-0.125,-0.098,0.014,0.041,-0.052,-0.160,-0.109,-0.156,-0.203,-0.150,-0.029,-0.015,-0.146,-0.172,-0.140,-0.111,-0.086,-0.027,0.070,0.045,0.007,0.053,0.035,0.008,-0.027,-0.040,-0.054,-0.084,-0.131,-0.178,-0.222,-0.169,-0.146,-0.147,-0.188,-0.268,-0.308,-0.181,-0.051,-0.002,0.003,-0.042,-0.064,0.007,0.043,0.089,0.135,0.077,0.005,-0.034,-0.070,-0.029,-0.031,-0.067,-0.060,-0.038,-0.045,-0.101,-0.167,-0.091,-0.056,-0.126
-0.140,-0.176,-0.160,-0.123,-0.074,-0.185,-0.163,-0.082,-0.059,-0.068,-0.098,-0.191,-0.202,-0.149,-0.201,-0.191,-0.240,-0.155,-0.169,-0.101,-0.052,-0.065,-0.084,-0.072,-0.102,-0.156,-0.173,-0.124,-0.014,0.031,-0.005,-0.001,-0.039,-0.106,-0.223,-0.225,-0.197,-0.092,-0.102,-0.111,-0.243,-0.162,-0.083,-0.119,-0.139,-0.094,-0.091,-0.110,-0.140,-0.057,-0.126,-0.187,-0.225,-0.161,-0.137,-0.147,-0.147,-0.118,-0.138,-0.082,-0.142,-0.118,-0.012,-0.034,-0.015,-0.026,-0.017,-0.017,-0.096,-0.099,-0.109,-0.128,-0.114,-0.122,-0.122,-0.102,-0.099,-0.165,-0.174,-0.175,-0.116,-0.061,-0.110,-0.146,-0.199,-0.181,-0.093,-0.005,0.001,-0.023,-0.049,-0.071,-0.071,-0.038,-0.035,-0.010,0.002,-0.004,-0.076,-0.036,-0.050,-0.065,-0.130,-0.147,-0.107,-0.109,-0.126,-0.115,-0.000
-0.205,-0.199,-0.170,-0.140,-0.151,-0.158,-0.117,-0.101,-0.116,-0.117,-0.077,-0.124,-0.184,-0.138,-0.121,-0.160,-0.160,-0.083,-0.081,-0.116,-0.124,-0.125,-0.102,-0.078,-0.077,-0.016,0.096,0.087,-0.037,-0.001,0.087,0.101,-0.001,-0.120,-0.145,-0.164,-0.206,-0.187,-0.171,-0.186,-0.261,-0.230,-0.136,-0.050,-0.024,-0.053,-0.113,-0.180,-0.192,-0.131,-0.067,-0.038,-0.043,-0.017,-0.036,-0.066,-0.066,-0.033,-0.038,-0.119,-0.145,-0.097,-0.093,-0.054,-0.027,-0.034,-0.076,-0.095,-0.041,-0.039,-0.111,-0.151,-0.152,-0.118,-0.110,-0.108,-0.151,-0.199,-0.197,-0.165,-0.167,-0.200,-0.185,-0.140,-0.108,-0.094,-0.104,-0.087,-0.026,0.040,0.020,-0.013,-0.024,-0.030,-0.031,-0.035,-0.085,-0.139,-0.158,-0.165,-0.144,-0.142,-0.107,-0.065,-0.056,-0.072,-0.068,-0.025,-0.016
-0.087,-0.128,-0.162,-0.188,-0.106,-0.083,-0.100,-0.057,-0.068,-0.092,-0.087,-0.180,-0.168,-0.196,-0.195,-0.129,-0.111,-0.076,-0.065,-0.103,-0.129,-0.153,-0.176,-0.193,-0.225,-0.177,-0.140,-0.144,-0.113,-0.065,-0.134,-0.148,-0.144,-0.139,-0.096,-0.135,-0.142,-0.113,-0.132,-0.100,-0.155,-0.170,-0.133,-0.122,-0.120,-0.169,-0.185,-0.046,-0.051,-0.004,-0.068,-0.089,-0.110,-0.157,-0.162,-0.147,-0.109,-0.117,-0.057,-0.031,0.000,-0.002,-0.014,-0.030,-0.064,-0.111,-0.140,-0.122,-0.054,-0.087,-0.066,-0.103,-0.111,-0.093,-0.051,-0.054,-0.116,-0.152,-0.147,-0.158,-0.137,-0.113,-0.146,-0.092,-0.126,-0.126,-0.071,-0.024,-0.061,-0.120,-0.058,-0.018,0.048,0.090,0.130,0.123,0.079,0.052,-0.001,-0.037,-0.054,-0.046,-0.060,-0.056,-0.076,-0.081,-0.060,-0.091,-0.029
-0.037,-0.090,-0.102,-0.098,-0.087,-0.109,-0.161,-0.136,-0.034,-0.058,-0.073,-0.119,-0.177,-0.195,-0.178,-0.199,-0.132,-0.058,-0.078,-0.070,-0.076,-0.144,-0.201,-0.178,-0.099,-0.094,-0.140,-0.113,-0.078,-0.076,-0.024,0.004,-0.020,-0.089,-0.168,-0.178,-0.149,-0.156,-0.250,-0.246,-0.195,-0.139,-0.112,-0.047,-0.043,-0.139,-0.186,-0.124,-0.108,-0.116,-0.158,-0.198,-0.199,-0.125,-0.071,-0.102,-0.131,-0.177,-0.184,-0.116,-0.058,-0.040,-0.026,-0.016,-0.027,0.016,-0.011,-0.097,-0.045,-0.008,-0.021,-0.086,-0.121,-0.145,-0.181,-0.118,-0.040,-0.083,-0.125,-0.121,-0.172,-0.272,-0.263,-0.147,-0.074,-0.082,0.017,0.091,0.068,0.009,0.006,0.061,0.160,0.177,0.139,0.034,-0.115,-0.130,-0.084,-0.040,-0.042,-0.081,-0.120,-0.121,-0.053,-0.009,0.009,-0.027,0.004
-0.146,-0.153,-0.120,-0.157,-0.132,-0.115,-0.112,-0.062,-0.065,-0.021,-0.076,-0.156,-0.228,-0.267,-0.221,-0.175,-0.179,-0.105,-0.091,-0.042,-0.114,-0.159,-0.201,-0.132,-0.024,-0.103,-0.119,-0.078,-0.095,-0.114,-0.147,-0.076,-0.145,-0.144,-0.164,-0.198,-0.200,-0.179,-0.216,-0.211,-0.213,-0.141,-0.050,-0.120,-0.068,-0.084,-0.079,-0.136,-0.031,-0.030,-0.028,-0.083,-0.100,-0.064,-0.053,-0.080,-0.178,-0.165,-0.184,-0.166,-0.101,-0.039,-0.082,-0.015,-0.021,-0.029,-0.081,-0.129,-0.136,-0.125,-0.037,-0.063,-0.134,-0.180,-0.201,-0.159,-0.144,-0.087,-0.075,-0.125,-0.179,-0.139,-0.121,-0.092,-0.140,-0.070,-0.061,-0.082,-0.102,-0.102,-0.116,-0.055,-0.052,0.016,-0.039,-0.095,-0.066,-0.110,-0.171,-0.187,-0.120,-0.070,-0.048,-0.074,-0.060,-0.067,-0.089,-0.099,-0.077
-0.068,-0.053,-0.107,-0.189,-0.166,-0.134,-0.131,-0.153,-0.105,-0.114,-0.078,-0.064,-0.122,-0.159,-0.228,-0.168,-0.080,-0.062,-0.117,-0.116,-0.140,-0.150,-0.163,-0.118,-0.118,-0.074,-0.012,-0.062,-0.100,-0.173,-0.137,-0.048,-0.004,-0.074,-0.153,-0.176,-0.180,-0.133,-0.126,-0.140,-0.103,-0.098,-0.087,-0.128,-0.161,-0.134,-0.101,-0.121,-0.149,-0.149,-0.106,-0.105,-0.160,-0.155,-0.121,-0.085,-0.107,-0.110,-0.104,-0.081,-0.047,-0.014,0.048,0.062,0.078,-0.009,-0.042,-0.002,-0.083,-0.130,-0.138,-0.105,-0.061,-0.138,-0.099,-0.019,0.001,-0.095,-0.139,-0.128,-0.165,-0.186,-0.132,-0.072,-0.085,-0.123,-0.129,-0.130,-0.155,-0.126,-0.098,-0.021,0.044,0.040,0.026,-0.012,-0.065,-0.117,-0.102,-0.038,-0.038,-0.055,-0.014,0.044,0.030,-0.038,-0.058,-0.069,-0.105
-0.147,-0.134,-0.051,-0.076,-0.074,-0.052,-0.063,-0.086,-0.092,-0.098,-0.143,-0.142,-0.095,-0.050,-0.055,-0.117,-0.102,-0.075,-0.092,-0.138,-0.167,-0.127,-0.068,-0.105,-0.109,-0.110,-0.157,-0.110,-0.130,-0.103,-0.173,-0.182,-0.116,-0.160,-0.182,-0.204,-0.176,-0.123,-0.139,-0.166,-0.154,-0.098,-0.029,-0.061,-0.057,-0.061,-0.155,-0.154,-0.201,-0.165,-0.102,-0.102,-0.108,-0.110,-0.102,-0.074,-0.023,-0.052,-0.090,-0.009,0.067,0.150,0.066,0.028,0.021,0.018,-0.025,-0.042,-0.125,-0.113,-0.106,-0.030,0.018,-0.008,-0.068,-0.084,-0.096,-0.145,-0.148,-0.151,-0.109,-0.118,-0.146,-0.131,-0.145,-0.127,-0.046,-0.046,-0.124,-0.138,-0.132,-0.097,-0.097,-0.089,-0.096,-0.122,-0.120,-0.110,-0.140,-0.139,-0.104,-0.067,-0.078,-0.070,-0.028,-0.034,-0.070,-0.084,-0.128
-0.129,-0.187,-0.182,-0.149,-0.056,-0.034,-0.081,-0.101,-0.123,-0.087,-0.062,-0.081,-0.132,-0.144,-0.123,-0.123,-0.117,-0.088,-0.148,-0.135,-0.122,-0.106,-0.069,-0.089,-0.080,-0.071,-0.069,-0.137,-0.168,-0.102,-0.084,-0.088,-0.058,-0.094,-0.101,-0.175,-0.251,-0.276,-0.255,-0.230,-0.192,-0.169,-0.142,-0.153,-0.111,-0.087,-0.148,-0.205,-0.193,-0.126,-0.108,-0.105,-0.159,-0.206,-0.209,-0.146,-0.102,-0.117,-0.152,-0.168,-0.085,-0.022,0.018,0.039,0.009,0.056,0.038,0.012,-0.057,-0.090,-0.128,-0.119,-0.095,-0.051,-0.076,-0.138,-0.171,-0.173,-0.148,-0.130,-0.141,-0.191,-0.235,-0.220,-0.177,-0.165,-0.105,-0.073,-0.082,-0.075,-0.053,-0.056,-0.035,-0.012,-0.016,-0.042,-0.083,-0.146,-0.162,-0.151,-0.139,-0.134,-0.127,-0.114,-0.108,-0.091,-0.085,-0.100,-0.107
-0.137,-0.156,-0.155,-0.111,-0.122,-0.141,-0.149,-0.208,-0.225,-0.160,-0.076,-0.015,-0.093,-0.221,-0.195,-0.130,-0.093,-0.127,-0.179,-0.175,-0.155,-0.127,-0.144,-0.170,-0.089,-0.047,-0.105,-0.101,-0.122,-0.164,-0.208,-0.205,-0.104,-0.018,-0.076,-0.136,-0.118,-0.155,-0.189,-0.208,-0.154,-0.132,-0.112,-0.062,0.002,0.022,-0.073,-0.127,-0.145,-0.119,-0.074,-0.079,-0.099,-0.120,-0.151,-0.193,-0.167,-0.102,-0.087,-0.113,-0.109,-0.074,-0.015,0.047,0.063,0.023,-0.061,-0.078,-0.067,-0.048,-0.007,-0.035,-0.080,-0.102,-0.126,-0.159,-0.102,-0.092,-0.108,-0.091,-0.134,-0.187,-0.231,-0.213,-0.171,-0.123,-0.073,0.006,0.081,0.050,-0.012,-0.017,-0.006,-0.016,-0.019,-0.001,0.012,-0.007,-0.067,-0.129,-0.148,-0.086,-0.059,-0.098,-0.121,-0.136,-0.138,-0.123,-0.081
-0.222,-0.200,-0.166,-0.169,-0.142,-0.107,-0.100,-0.056,0.015,-0.003,-0.061,-0.107,-0.171,-0.170,-0.187,-0.112,-0.048,-0.064,-0.086,-0.084,-0.070,-0.075,-0.152,-0.213,-0.145,-0.033,-0.088,-0.102,-0.066,-0.117,-0.121,-0.099,-0.093,-0.115,-0.176,-0.202,-0.208,-0.202,-0.196,-0.178,-0.165,-0.171,-0.107,-0.078,-0.003,-0.061,-0.156,-0.152,-0.099,-0.137,-0.112,-0.084,-0.026,-0.069,-0.112,-0.180,-0.171,-0.077,-0.056,-0.024,-0.033,-0.057,-0.018,-0.010,-0.008,-0.012,-0.058,-0.075,-0.083,-0.133,-0.077,-0.049,-0.071,-0.128,-0.112,-0.086,-0.077,-0.202,-0.225,-0.213,-0.222,-0.200,-0.200,-0.176,-0.131,-0.095,-0.053,0.002,0.034,0.007,0.016,0.058,0.118,0.095,0.017,-0.053,-0.051,-0.025,0.001,0.021,-0.048,-0.087,-0.117,-0.157,-0.114,-0.085,-0.099,-0.119,-0.139
-0.095,-0.069,-0.103,-0.156,-0.177,-0.168,-0.112,-0.116,-0.165,-0.118,-0.147,-0.187,-0.140,-0.174,-0.109,-0.067,-0.099,-0.122,-0.140,-0.130,-0.157,-0.104,-0.070,-0.091,-0.051,-0.058,-0.069,-0.159,-0.172,-0.167,-0.108,-0.101,-0.146,-0.155,-0.102,-0.085,-0.082,-0.095,-0.109,-0.134,-0.146,-0.092,-0.044,-0.040,-0.067,-0.085,-0.129,-0.094,-0.036,-0.030,-0.136,-0.203,-0.218,-0.194,-0.146,-0.087,-0.056,-0.129,-0.195,-0.168,-0.137,-0.111,-0.102,0.039,0.093,0.072,0.015,-0.043,-0.054,-0.089,-0.091,-0.122,-0.169,-0.168,-0.104,-0.064,-0.078,-0.132,-0.187,-0.223,-0.221,-0.230,-0.202,-0.206,-0.187,-0.132,-0.101,-0.129,-0.086,-0.073,-0.055,-0.021,-0.001,0.002,-0.000,-0.019,-0.071,-0.137,-0.157,-0.133,-0.074,-0.086,-0.127,-0.116,-0.140,-0.117,-0.070,-0.048,-0.112
-0.137,-0.091,-0.061,-0.088,-0.144,-0.191,-0.110,-0.012,-0.024,-0.085,-0.095,-0.131,-0.171,-0.107,-0.082,-0.137,-0.161,-0.132,-0.141,-0.138,-0.142,-0.159,-0.115,-0.082,-0.078,-0.113,-0.109,-0.051,-0.064,-0.120,-0.088,-0.064,-0.050,-0.058,-0.112,-0.110,-0.097,-0.130,-0.228,-0.207,-0.132,-0.142,-0.149,-0.168,-0.148,-0.121,-0.116,-0.120,-0.151,-0.165,-0.134,-0.101,-0.125,-0.167,-0.211,-0.206,-0.131,-0.122,-0.103,-0.048,0.008,0.007,-0.007,0.044,0.065,0.027,-0.052,-0.104,-0.083,-0.070,-0.084,-0.108,-0.161,-0.140,-0.103,-0.068,-0.049,-0.121,-0.112,-0.093,-0.171,-0.222,-0.222,-0.168,-0.128,-0.080,-0.008,-0.003,-0.063,-0.148,-0.170,-0.124,-0.015,0.036,0.037,0.065,0.003,-0.074,-0.107,-0.116,-0.100,-0.068,-0.032,-0.019,-0.004,0.004,-0.039,-0.073,-0.130
-0.162,-0.152,-0.141,-0.176,-0.170,-0.197,-0.118,-0.090,-0.039,-0.032,-0.085,-0.216,-0.238,-0.144,-0.136,-0.187,-0.212,-0.160,-0.027,0.026,-0.061,-0.136,-0.163,-0.201,-0.185,-0.164,-0.174,-0.035,-0.033,-0.044,-0.033,0.023,-0.018,-0.085,-0.105,-0.104,-0.077,-0.101,-0.046,-0.070,-0.078,-0.127,-0.129,-0.072,0.016,0.004,-0.065,-0.119,-0.151,-0.101,-0.076,-0.025,-0.019,-0.082,-0.126,-0.141,-0.085,-0.074,-0.053,-0.074,-0.027,-0.008,0.004,-0.001,0.011,0.011,-0.005,-0.005,-0.033,-0.073,-0.106,-0.150,-0.136,-0.141,-0.125,-0.146,-0.136,-0.136,-0.132,-0.147,-0.094,-0.088,-0.137,-0.197,-0.166,-0.147,-0.099,-0.043,-0.037,0.029,0.034,0.007,0.035,0.046,0.004,-0.072,-0.140,-0.146,-0.146,-0.184,-0.187,-0.138,-0.059,-0.027,-0.052,-0.068,-0.058,-0.077,-0.098
-0.143,-0.132,-0.131,-0.145,-0.125,-0.102,-0.076,-0.086,-0.103,-0.123,-0.150,-0.151,-0.174,-0.223,-0.246,-0.214,-0.185,-0.156,-0.099,-0.063,-0.058,-0.164,-0.245,-0.219,-0.117,-0.097,-0.115,-0.119,-0.110,-0.102,-0.130,-0.131,-0.113,-0.118,-0.116,-0.130,-0.138,-0.122,-0.101,-0.061,-0.091,-0.139,-0.107,-0.028,0.024,-0.032,-0.109,-0.138,-0.031,0.084,0.050,-0.029,-0.116,-0.148,-0.193,-0.187,-0.133,-0.156,-0.157,-0.120,-0.082,-0.072,-0.056,-0.024,-0.025,-0.039,-0.081,-0.068,-0.017,-0.014,-0.053,-0.095,-0.104,-0.126,-0.101,-0.030,0.008,-0.076,-0.183,-0.234,-0.261,-0.232,-0.201,-0.194,-0.163,-0.139,-0.143,-0.122,-0.086,-0.052,-0.033,0.014,0.019,-0.004,-0.028,-0.041,-0.027,-0.076,-0.149,-0.142,-0.094,-0.110,-0.118,-0.120,-0.115,-0.085,-0.076,-0.115,-0.180
-0.073,-0.117,-0.131,-0.092,-0.074,-0.073,-0.068,-0.024,-0.089,-0.102,-0.125,-0.113,-0.025,-0.055,-0.076,-0.127,-0.148,-0.081,-0.047,-0.018,-0.045,-0.048,-0.084,-0.093,-0.114,-0.116,-0.103,-0.130,-0.080,-0.121,-0.109,-0.109,-0.138,-0.188,-0.171,-0.155,-0.102,-0.054,-0.063,-0.095,-0.181,-0.132,-0.088,-0.047,-0.019,-0.056,-0.094,-0.097,-0.110,-0.114,-0.097,-0.127,-0.078,-0.045,-0.117,-0.128,-0.153,-0.083,-0.087,-0.095,-0.066,-0.065,-0.058,-0.019,0.031,-0.040,-0.068,-0.075,-0.085,-0.078,-0.104,-0.121,-0.048,-0.054,-0.102,-0.115,-0.155,-0.188,-0.166,-0.130,-0.138,-0.169,-0.157,-0.156,-0.202,-0.189,-0.107,-0.097,-0.121,-0.142,-0.149,-0.100,-0.128,-0.067,-0.085,-0.098,-0.123,-0.123,-0.149,-0.146,-0.075,-0.054,-0.062,-0.056,-0.052,-0.031,-0.013,-0.028,-0.093
-0.112,-0.126,-0.128,-0.096,-0.136,-0.169,-0.145,-0.142,-0.150,-0.071,-0.026,-0.069,-0.159,-0.199,-0.208,-0.230,-0.104,-0.004,0.005,-0.060,-0.073,-0.056,-0.109,-0.140,-0.116,-0.098,-0.079,-0.089,-0.109,-0.089,-0.104,-0.123,-0.138,-0.136,-0.161,-0.176,-0.175,-0.162,-0.139,-0.164,-0.165,-0.121,-0.107,-0.134,-0.105,-0.106,-0.107,-0.099,-0.044,-0.024,-0.082,-0.122,-0.132,-0.115,-0.084,-0.059,-0.086,-0.116,-0.067,-0.042,0.005,0.013,0.020,0.030,-0.005,-0.056,-0.105,-0.116,-0.148,-0.168,-0.150,-0.111,-0.098,-0.113,-0.158,-0.180,-0.138,-0.099,-0.111,-0.160,-0.194,-0.202,-0.199,-0.160,-0.105,-0.096,-0.090,-0.102,-0.122,-0.104,-0.094,-0.094,-0.081,-0.053,-0.065,-0.105,-0.125,-0.140,-0.157,-0.146,-0.113,-0.102,-0.121,-0.130,-0.134,-0.150,-0.133,-0.112,-0.090
-0.097,-0.123,-0.126,-0.147,-0.136,-0.099,-0.108,-0.067,-0.127,-0.128,-0.157,-0.119,-0.076,-0.101,-0.146,-0.145,-0.098,-0.083,-0.116,-0.124,-0.121,-0.116,-0.130,-0.070,-0.087,-0.133,-0.110,-0.061,-0.072,-0.130,-0.162,-0.048,-0.007,-0.003,-0.077,-0.115,-0.110,-0.105,-0.140,-0.163,-0.147,-0.155,-0.155,-0.166,-0.120,-0.101,-0.029,-0.043,-0.079,-0.142,-0.200,-0.204,-0.195,-0.158,-0.154,-0.192,-0.197,-0.149,-0.129,-0.137,-0.153,-0.136,-0.051,-0.013,0.014,0.006,-0.069,-0.102,-0.123,-0.096,-0.106,-0.156,-0.162,-0.108,-0.079,-0.083,-0.090,-0.161,-0.203,-0.224,-0.149,-0.176,-0.182,-0.185,-0.157,-0.121,-0.112,-0.086,-0.046,-0.023,-0.023,-0.064,-0.061,-0.048,-0.023,-0.050,-0.071,-0.095,-0.088,-0.074,-0.034,-0.000,0.013,-0.065,-0.112,-0.140,-0.137,-0.107,-0.123
-0.158,-0.180,-0.204,-0.210,-0.194,-0.155,-0.126,-0.113,-0.102,-0.097,-0.050,-0.056,-0.150,-0.188,-0.166,-0.118,-0.089,-0.094,-0.086,-0.071,-0.040,-0.082,-0.111,-0.120,-0.125,-0.123,-0.115,-0.169,-0.184,-0.144,-0.093,-0.113,-0.146,-0.141,-0.145,-0.146,-0.136,-0.135,-0.152,-0.143,-0.113,-0.084,-0.104,-0.110,-0.150,-0.158,-0.110,-0.113,-0.074,-0.055,-0.085,-0.129,-0.164,-0.177,-0.145,-0.126,-0.122,-0.130,-0.119,-0.106,-0.128,-0.119,-0.058,0.037,0.024,-0.014,-0.049,-0.068,-0.048,-0.035,-0.039,-0.106,-0.177,-0.173,-0.111,-0.124,-0.165,-0.202,-0.176,-0.200,-0.221,-0.161,-0.136,-0.142,-0.094,-0.081,-0.082,-0.128,-0.145,-0.159,-0.158,-0.087,-0.010,0.049,0.066,0.031,-0.002,-0.069,-0.063,-0.013,-0.018,-0.073,-0.123,-0.133,-0.149,-0.122,-0.091,-0.074,-0.089
-0.058,-0.123,-0.146,-0.121,-0.151,-0.133,-0.144,-0.125,-0.126,-0.039,0.017,-0.078,-0.148,-0.151,-0.141,-0.103,-0.063,-0.083,-0.094,-0.073,-0.024,-0.047,-0.111,-0.150,-0.130,-0.092,-0.060,-0.077,-0.084,-0.072,-0.075,-0.113,-0.094,-0.123,-0.174,-0.175,-0.159,-0.191,-0.201,-0.151,-0.143,-0.153,-0.153,-0.128,-0.107,-0.106,-0.138,-0.182,-0.130,-0.080,-0.047,-0.100,-0.177,-0.169,-0.121,-0.054,0.005,0.029,-0.006,-0.072,-0.107,-0.141,-0.083,0.029,0.124,0.169,0.133,0.059,-0.023,-0.069,-0.070,-0.097,-0.108,-0.100,-0.128,-0.189,-0.224,-0.228,-0.170,-0.079,-0.057,-0.099,-0.151,-0.169,-0.139,-0.118,-0.144,-0.157,-0.124,-0.089,-0.059,-0.042,-0.054,-0.025,-0.005,-0.027,-0.088,-0.134,-0.145,-0.150,-0.147,-0.117,-0.062,-0.045,-0.018,0.030,0.016,-0.071,-0.152
-0.056,-0.054,-0.165,-0.116,-0.121,-0.120,-0.145,-0.074,-0.071,0.021,-0.024,-0.066,-0.124,-0.178,-0.187,-0.234,-0.241,-0.169,-0.002,0.089,0.090,-0.031,-0.060,-0.121,-0.149,-0.069,-0.016,-0.004,-0.105,-0.092,-0.105,-0.073,-0.057,-0.081,-0.105,-0.180,-0.190,-0.160,-0.142,-0.149,-0.178,-0.168,-0.099,-0.128,-0.064,-0.031,-0.080,-0.186,-0.183,-0.153,-0.114,-0.126,-0.110,-0.087,-0.136,-0.192,-0.164,-0.129,-0.144,-0.103,-0.055,-0.013,0.028,0.073,0.098,0.113,0.096,-0.002,-0.102,-0.069,-0.052,-0.082,-0.153,-0.166,-0.174,-0.148,-0.097,-0.062,-0.104,-0.098,-0.080,-0.068,-0.134,-0.167,-0.184,-0.116,-0.049,-0.013,-0.032,-0.042,0.011,0.073,0.118,0.141,0.070,0.001,-0.046,-0.150,-0.216,-0.257,-0.195,-0.154,-0.117,-0.072,-0.065,-0.070,-0.070,-0.029,-0.053
-0.144,-0.174,-0.129,-0.108,-0.125,-0.114,-0.113,-0.059,-0.044,-0.090,-0.147,-0.163,-0.150,-0.199,-0.222,-0.186,-0.162,-0.122,-0.087,-0.062,-0.010,0.015,-0.039,-0.160,-0.227,-0.187,-0.112,-0.055,-0.060,-0.028,-0.038,-0.030,0.013,0.001,-0.066,-0.121,-0.160,-0.188,-0.185,-0.181,-0.171,-0.195,-0.213,-0.216,-0.174,-0.136,-0.147,-0.137,-0.139,-0.129,-0.133,-0.145,-0.076,-0.040,-0.061,-0.134,-0.153,-0.114,-0.092,-0.088,-0.074,-0.044,0.008,0.067,0.077,0.023,-0.052,-0.018,0.002,0.015,0.024,-0.033,-0.085,-0.161,-0.194,-0.181,-0.170,-0.193,-0.198,-0.193,-0.210,-0.222,-0.253,-0.263,-0.263,-0.202,-0.122,-0.021,0.017,-0.006,-0.041,-0.075,-0.054,-0.035,-0.064,-0.114,-0.122,-0.128,-0.116,-0.133,-0.163,-0.144,-0.138,-0.204,-0.250,-0.218,-0.149,-0.109,-0.109
-0.154,-0.109,-0.157,-0.179,-0.137,-0.117,-0.086,-0.094,-0.191,-0.132,-0.142,-0.120,-0.156,-0.145,-0.144,-0.160,-0.172,-0.143,-0.071,-0.017,0.006,0.015,-0.078,-0.147,-0.143,-0.093,-0.138,-0.169,-0.103,-0.116,-0.091,-0.069,-0.118,-0.135,-0.162,-0.096,-0.092,-0.098,-0.151,-0.126,-0.136,-0.075,-0.072,-0.062,-0.081,-0.074,-0.133,-0.082,0.018,0.058,0.083,-0.040,-0.097,-0.124,-0.150,-0.147,-0.215,-0.177,-0.157,-0.095,-0.081,-0.062,-0.063,-0.069,-0.047,-0.012,-0.052,-0.054,-0.053,-0.065,-0.075,-0.085,-0.080,-0.083,-0.070,-0.060,-0.093,-0.144,-0.151,-0.179,-0.163,-0.148,-0.128,-0.108,-0.095,-0.073,-0.082,-0.121,-0.126,-0.112,-0.096,-0.048,0.005,0.014,-0.028,-0.039,-0.109,-0.125,-0.109,-0.111,-0.110,-0.103,-0.076,-0.055,-0.056,-0.121,-0.122,-0.121,-0.076
-0.058,-0.030,-0.076,-0.142,-0.109,-0.072,-0.034,-0.043,-0.065,-0.076,-0.058,-0.070,-0.113,-0.119,-0.101,-0.120,-0.160,-0.122,-0.084,0.017,0.083,0.065,-0.017,-0.073,-0.096,-0.141,-0.083,-0.050,-0.010,-0.111,-0.117,-0.071,-0.067,-0.101,-0.178,-0.133,-0.134,-0.186,-0.206,-0.199,-0.197,-0.186,-0.163,-0.085,-0.059,-0.064,-0.096,-0.073,0.010,0.030,0.022,-0.066,-0.113,-0.113,-0.133,-0.127,-0.135,-0.152,-0.117,-0.067,-0.080,-0.119,-0.074,0.015,0.080,0.002,-0.034,-0.047,-0.076,-0.120,-0.134,-0.139,-0.112,-0.106,-0.130,-0.165,-0.163,-0.119,-0.060,-0.051,-0.107,-0.149,-0.165,-0.174,-0.110,-0.131,-0.123,-0.110,-0.107,-0.095,-0.080,-0.042,-0.008,-0.038,-0.079,-0.067,-0.078,-0.058,-0.065,-0.073,-0.118,-0.164,-0.147,-0.125,-0.115,-0.138,-0.168,-0.165,-0.105
-0.068,-0.073,-0.105,-0.162,-0.185,-0.126,-0.092,-0.051,-0.071,-0.117,-0.063,0.001,-0.042,-0.089,-0.159,-0.118,-0.181,-0.201,-0.171,-0.117,-0.062,-0.070,-0.025,-0.047,-0.125,-0.161,-0.163,-0.066,-0.049,-0.029,-0.047,-0.070,-0.109,-0.085,-0.055,-0.058,-0.087,-0.090,-0.089,-0.114,-0.121,-0.120,-0.079,-0.083,-0.030,-0.022,-0.043,-0.020,-0.034,-0.011,0.008,0.053,0.008,-0.086,-0.141,-0.154,-0.131,-0.112,-0.081,-0.042,-0.052,-0.069,-0.097,-0.080,-0.042,-0.012,-0.013,-0.033,-0.076,-0.108,-0.110,-0.088,-0.095,-0.107,-0.109,-0.116,-0.106,-0.143,-0.163,-0.179,-0.173,-0.130,-0.123,-0.133,-0.136,-0.151,-0.166,-0.108,-0.116,-0.118,-0.144,-0.129,-0.097,0.012,0.004,-0.050,-0.125,-0.184,-0.163,-0.105,-0.085,-0.121,-0.083,-0.057,-0.042,-0.077,-0.106,-0.096,-0.069
-0.193,-0.175,-0.169,-0.159,-0.165,-0.140,-0.063,-0.032,-0.104,-0.081,-0.074,-0.088,-0.104,-0.143,-0.160,-0.140,-0.096,-0.079,-0.026,-0.048,-0.082,-0.104,-0.059,-0.062,-0.095,-0.101,-0.078,-0.075,-0.072,-0.087,-0.069,-0.031,-0.058,-0.115,-0.167,-0.147,-0.140,-0.140,-0.136,-0.180,-0.200,-0.180,-0.099,-0.058,-0.073,-0.047,0.001,-0.001,-0.036,-0.038,-0.068,-0.122,-0.131,-0.071,-0.096,-0.141,-0.195,-0.232,-0.178,-0.158,-0.089,-0.082,-0.036,-0.006,0.040,0.038,-0.021,-0.020,-0.029,-0.048,-0.122,-0.224,-0.242,-0.241,-0.227,-0.223,-0.175,-0.147,-0.147,-0.142,-0.143,-0.183,-0.188,-0.175,-0.137,-0.122,-0.122,-0.076,-0.068,-0.032,-0.045,-0.022,-0.003,0.012,0.027,0.011,-0.044,-0.064,-0.094,-0.100,-0.102,-0.093,-0.120,-0.071,-0.047,-0.065,-0.073,-0.095,-0.078
-0.151,-0.193,-0.221,-0.174,-0.167,-0.083,-0.124,-0.122,-0.125,-0.113,-0.135,-0.109,-0.130,-0.149,-0.203,-0.142,-0.202,-0.160,-0.098,-0.031,0.014,-0.012,-0.067,-0.099,-0.114,-0.121,-0.065,-0.087,-0.064,-0.123,-0.094,-0.062,-0.016,-0.093,-0.155,-0.186,-0.181,-0.168,-0.103,-0.148,-0.150,-0.107,-0.094,-0.067,-0.135,-0.132,-0.090,-0.051,-0.001,0.003,0.032,-0.012,-0.052,-0.096,-0.136,-0.138,-0.137,-0.150,-0.174,-0.144,-0.108,-0.048,-0.021,-0.040,-0.009,-0.091,-0.033,0.098,0.073,0.014,-0.029,-0.003,-0.042,-0.072,-0.131,-0.226,-0.214,-0.182,-0.193,-0.234,-0.152,-0.059,-0.061,-0.148,-0.164,-0.151,-0.097,-0.029,-0.020,-0.051,-0.066,-0.061,-0.124,-0.153,-0.116,-0.045,-0.027,-0.030,-0.050,-0.072,-0.068,-0.135,-0.155,-0.104,-0.100,-0.100,-0.106,-0.102,-0.014
-0.119,-0.118,-0.089,-0.130,-0.148,-0.162,-0.172,-0.114,-0.084,-0.013,0.029,-0.006,-0.082,-0.086,-0.088,-0.149,-0.155,-0.010,0.014,0.023,-0.013,-0.073,-0.096,-0.138,-0.180,-0.149,-0.029,-0.026,-0.060,-0.085,-0.094,-0.095,-0.077,-0.122,-0.136,-0.179,-0.176,-0.157,-0.197,-0.280,-0.280,-0.251,-0.194,-0.118,-0.113,-0.125,-0.118,-0.055,-0.001,0.066,0.061,0.036,-0.061,-0.135,-0.196,-0.166,-0.161,-0.100,-0.111,-0.105,-0.037,-0.027,-0.033,-0.027,-0.009,-0.036,-0.060,-0.050,-0.078,-0.101,-0.133,-0.133,-0.191,-0.185,-0.171,-0.171,-0.136,-0.120,-0.084,-0.083,-0.110,-0.169,-0.210,-0.215,-0.210,-0.189,-0.172,-0.130,-0.072,-0.046,-0.072,-0.055,-0.013,0.112,0.091,0.052,-0.037,-0.095,-0.129,-0.126,-0.109,-0.129,-0.146,-0.141,-0.117,-0.136,-0.140,-0.128,-0.060
0.024,-0.080,-0.110,-0.131,-0.189,-0.147,-0.097,-0.072,-0.117,-0.059,-0.090,-0.153,-0.161,-0.182,-0.176,-0.169,-0.146,-0.077,-0.116,-0.076,-0.049,-0.014,-0.104,-0.138,-0.136,-0.137,-0.132,-0.101,-0.104,-0.105,-0.115,-0.134,-0.140,-0.096,-0.163,-0.168,-0.175,-0.210,-0.195,-0.215,-0.183,-0.178,-0.127,-0.114,-0.054,-0.063,-0.054,-0.032,0.009,0.028,0.022,0.002,-0.057,-0.052,-0.082,-0.095,-0.065,-0.075,-0.057,-0.066,-0.080,-0.079,-0.038,-0.016,-0.024,-0.022,-0.039,0.003,-0.001,-0.037,-0.057,-0.097,-0.148,-0.212,-0.164,-0.147,-0.181,-0.156,-0.155,-0.082,-0.104,-0.097,-0.245,-0.296,-0.320,-0.200,-0.149,-0.081,-0.013,0.068,0.049,0.039,0.077,0.059,0.085,0.010,0.022,0.012,-0.010,-0.012,-0.075,-0.151,-0.171,-0.165,-0.120,-0.144,-0.148,-0.102,-0.101
-0.063,-0.099,-0.162,-0.179,-0.157,-0.154,-0.161,-0.204,-0.184,-0.189,-0.168,-0.138,-0.128,-0.188,-0.188,-0.155,-0.131,-0.050,0.021,-0.025,-0.072,-0.042,-0.083,-0.110,-0.180,-0.225,-0.177,-0.106,-0.053,-0.086,-0.130,-0.148,-0.101,-0.053,-0.066,-0.070,-0.127,-0.166,-0.167,-0.170,-0.131,-0.085,-0.045,0.035,0.117,0.134,0.040,-0.075,-0.143,-0.109,-0.044,-0.078,-0.074,-0.025,-0.054,-0.104,-0.133,-0.160,-0.184,-0.163,-0.112,-0.128,-0.155,-0.145,-0.091,-0.052,-0.023,-0.029,-0.026,0.004,-0.011,-0.027,-0.046,-0.043,-0.074,-0.115,-0.119,-0.120,-0.148,-0.170,-0.225,-0.231,-0.236,-0.209,-0.133,-0.131,-0.199,-0.167,-0.049,0.022,0.008,0.001,0.066,0.080,0.024,-0.072,-0.083,-0.084,-0.102,-0.112,-0.105,-0.076,-0.078,-0.070,-0.040,-0.046,-0.063,-0.084,-0.094
-0.052,-0.080,-0.073,-0.062,-0.102,-0.134,-0.196,-0.168,-0.073,-0.093,-0.012,-0.006,0.004,-0.103,-0.137,-0.163,-0.150,-0.134,-0.106,-0.047,0.020,0.060,-0.002,-0.049,-0.175,-0.078,-0.019,0.039,-0.036,-0.064,-0.059,-0.134,-0.091,-0.063,-0.070,-0.143,-0.149,-0.134,-0.184,-0.195,-0.161,-0.183,-0.155,-0.134,-0.091,-0.106,-0.075,0.011,0.051,-0.041,-0.101,-0.080,-0.042,-0.038,-0.107,-0.172,-0.149,-0.097,-0.075,-0.135,-0.193,-0.140,-0.073,-0.048,-0.032,0.020,0.052,-0.031,-0.072,-0.124,-0.119,-0.142,-0.156,-0.188,-0.178,-0.089,-0.094,-0.145,-0.170,-0.118,-0.125,-0.151,-0.158,-0.143,-0.160,-0.140,-0.161,-0.063,-0.017,-0.011,-0.039,-0.086,-0.022,0.020,0.014,-0.027,-0.063,-0.082,-0.135,-0.086,-0.030,-0.041,-0.113,-0.123,-0.096,-0.099,-0.132,-0.157,-0.084
0.030,-0.113,-0.206,-0.153,-0.107,-0.127,-0.132,-0.117,-0.110,-0.098,-0.072,0.043,0.118,0.050,-0.070,-0.115,-0.100,-0.111,-0.048,-0.068,-0.114,-0.094,-0.087,-0.091,-0.187,-0.174,-0.082,0.009,0.013,-0.039,-0.068,-0.086,-0.047,-0.041,-0.078,-0.129,-0.126,-0.132,-0.154,-0.195,-0.247,-0.251,-0.209,-0.138,-0.093,-0.027,0.062,-0.008,-0.085,-0.104,-0.098,-0.107,-0.093,-0.058,-0.038,-0.067,-0.063,-0.041,-0.095,-0.082,-0.075,-0.044,-0.055,-0.034,-0.002,-0.013,-0.063,-0.111,-0.089,-0.084,-0.047,-0.068,-0.096,-0.135,-0.142,-0.123,-0.095,-0.089,-0.171,-0.216,-0.206,-0.162,-0.180,-0.192,-0.161,-0.104,-0.051,-0.060,-0.081,-0.079,-0.026,0.003,-0.010,0.016,-0.003,-0.059,-0.121,-0.160,-0.160,-0.134,-0.150,-0.118,-0.077,-0.078,-0.139,-0.173,-0.142,-0.092,-0.063
-0.015,-0.066,-0.131,-0.152,-0.158,-0.119,-0.083,-0.054,-0.099,-0.127,-0.202,-0.125,-0.148,-0.177,-0.189,-0.265,-0.203,-0.146,-0.069,-0.056,-0.064,-0.086,-0.090,-0.074,-0.088,-0.035,0.064,0.089,-0.012,-0.050,-0.086,-0.031,-0.020,-0.047,-0.061,-0.126,-0.125,-0.105,-0.163,-0.195,-0.158,-0.049,-0.063,-0.002,-0.104,-0.058,-0.083,0.042,-0.051,-0.070,-0.086,-0.017,0.079,0.084,0.115,0.039,-0.047,-0.136,-0.130,-0.113,-0.095,-0.097,-0.081,-0.032,-0.028,0.000,0.033,-0.039,-0.112,-0.104,-0.087,-0.076,-0.052,-0.038,-0.096,-0.133,-0.133,-0.072,-0.119,-0.152,-0.208,-0.199,-0.212,-0.168,-0.168,-0.175,-0.118,-0.103,-0.082,-0.065,-0.049,-0.103,-0.081,-0.035,-0.018,-0.009,-0.034,-0.013,-0.040,-0.129,-0.199,-0.168,-0.184,-0.215,-0.210,-0.224,-0.156,-0.096,-0.065
-0.138,-0.136,-0.165,-0.133,-0.094,-0.123,-0.167,-0.135,-0.080,-0.055,-0.023,0.027,0.088,-0.003,-0.112,-0.091,-0.029,0.029,0.041,0.016,-0.008,-0.052,-0.084,-0.094,-0.088,-0.109,-0.128,-0.034,0.021,-0.037,-0.047,0.003,0.013,0.017,-0.002,-0.036,-0.068,-0.090,-0.102,-0.108,-0.143,-0.131,-0.046,-0.003,-0.016,-0.023,-0.071,-0.089,-0.085,-0.122,-0.092,-0.058,-0.118,-0.160,-0.157,-0.207,-0.292,-0.301,-0.118,0.035,0.010,-0.089,-0.076,0.006,0.072,0.028,-0.055,-0.033,-0.045,-0.053,-0.078,-0.065,-0.058,-0.058,-0.067,-0.136,-0.139,-0.133,-0.132,-0.106,-0.097,-0.097,-0.105,-0.145,-0.126,-0.132,-0.148,-0.073,-0.038,-0.037,-0.055,-0.044,0.004,0.002,-0.040,-0.095,-0.050,-0.051,-0.125,-0.148,-0.136,-0.126,-0.116,-0.120,-0.160,-0.171,-0.145,-0.121,-0.123
-0.069,-0.066,-0.090,-0.195,-0.197,-0.218,-0.137,-0.125,-0.103,-0.090,-0.025,-0.004,-0.067,-0.079,-0.113,-0.143,-0.092,-0.088,-0.048,-0.053,0.010,-0.040,-0.050,-0.116,-0.059,-0.023,-0.066,-0.082,-0.081,-0.025,-0.114,-0.121,-0.183,-0.180,-0.177,-0.218,-0.179,-0.170,-0.191,-0.165,-0.167,-0.175,-0.214,-0.166,-0.194,-0.166,-0.163,-0.094,-0.139,-0.150,-0.140,-0.041,0.070,0.143,0.094,-0.070,-0.092,-0.098,-0.070,-0.139,-0.139,-0.137,-0.080,-0.007,0.047,0.048,0.011,-0.052,-0.094,-0.059,-0.055,-0.099,-0.102,-0.054,-0.073,-0.079,-0.130,-0.114,-0.113,-0.146,-0.129,-0.131,-0.170,-0.185,-0.184,-0.133,-0.071,-0.038,-0.100,-0.075,-0.061,0.016,0.120,0.146,0.074,0.095,0.061,-0.018,-0.134,-0.111,-0.088,-0.066,-0.065,0.033,0.108,0.180,0.146,-0.000,-0.188
-0.085,-0.071,-0.105,-0.133,-0.140,-0.106,-0.124,-0.129,-0.041,-0.012,-0.095,-0.119,-0.123,-0.141,-0.158,-0.160,-0.065,-0.058,-0.072,-0.108,-0.149,-0.113,-0.079,-0.041,-0.094,-0.100,-0.076,-0.000,0.097,0.050,-0.060,-0.129,-0.169,-0.187,-0.183,-0.117,-0.056,-0.088,-0.141,-0.145,-0.156,-0.163,-0.158,-0.142,-0.187,-0.146,-0.077,-0.076,-0.049,-0.050,-0.093,-0.141,-0.130,-0.124,-0.138,-0.136,-0.137,-0.124,-0.087,-0.028,-0.111,-0.186,-0.170,-0.094,-0.002,0.022,0.015,-0.010,-0.040,-0.037,-0.030,-0.096,-0.140,-0.138,-0.154,-0.165,-0.151,-0.144,-0.207,-0.247,-0.174,-0.097,-0.097,-0.134,-0.156,-0.177,-0.170,-0.077,-0.076,-0.118,-0.051,0.029,0.062,0.052,0.027,0.031,0.003,-0.075,-0.150,-0.134,-0.060,-0.053,-0.082,-0.061,-0.031,-0.018,-0.043,-0.096,-0.116
-0.009,-0.070,-0.132,-0.191,-0.205,-0.161,-0.138,-0.121,-0.114,-0.080,-0.127,-0.099,-0.126,-0.120,-0.182,-0.178,-0.110,-0.097,-0.055,-0.050,-0.085,-0.096,-0.128,-0.137,-0.140,-0.128,-0.146,-0.133,-0.118,-0.076,-0.120,-0.150,-0.162,-0.094,-0.082,-0.079,-0.127,-0.161,-0.116,-0.097,-0.148,-0.183,-0.189,-0.144,-0.163,-0.121,-0.096,-0.058,-0.080,-0.088,-0.129,-0.160,-0.152,-0.128,-0.099,-0.109,-0.140,-0.091,-0.092,-0.154,-0.173,-0.169,-0.080,-0.057,-0.039,-0.071,-0.093,-0.097,-0.055,-0.026,-0.036,-0.063,-0.147,-0.227,-0.196,-0.154,-0.091,-0.073,-0.031,-0.129,-0.152,-0.157,-0.182,-0.208,-0.249,-0.222,-0.163,-0.097,-0.064,-0.109,-0.128,-0.097,-0.030,0.097,0.048,0.015,-0.021,-0.058,-0.061,-0.120,-0.106,-0.069,-0.038,-0.074,-0.065,-0.036,-0.013,0.005,-0.029
0.027,0.055,0.033,-0.044,-0.133,-0.170,-0.144,-0.149,-0.159,-0.082,-0.048,-0.048,-0.053,-0.063,-0.035,-0.125,-0.202,-0.143,-0.061,-0.013,0.002,0.012,-0.061,-0.113,-0.131,-0.068,-0.064,-0.148,-0.161,-0.161,-0.128,-0.148,-0.176,-0.183,-0.169,-0.165,-0.158,-0.131,-0.160,-0.190,-0.205,-0.181,-0.160,-0.169,-0.194,-0.163,-0.125,-0.124,-0.144,-0.173,-0.151,-0.102,-0.051,-0.012,-0.015,-0.059,-0.079,-0.098,-0.126,-0.138,-0.141,-0.154,-0.142,-0.101,-0.064,-0.002,0.013,-0.013,-0.053,-0.170,-0.163,-0.151,-0.171,-0.160,-0.142,-0.124,-0.135,-0.155,-0.103,-0.108,-0.177,-0.220,-0.212,-0.198,-0.196,-0.180,-0.125,-0.104,-0.113,-0.101,-0.090,-0.085,-0.096,-0.035,0.042,0.044,-0.030,-0.117,-0.165,-0.121,-0.091,-0.111,-0.112,-0.060,-0.014,-0.022,-0.044,-0.078,-0.134
-0.026,-0.064,-0.057,-0.104,-0.132,-0.098,-0.125,-0.172,-0.145,-0.117,-0.112,-0.099,-0.091,-0.107,-0.146,-0.186,-0.169,-0.104,-0.049,-0.061,-0.062,-0.051,-0.079,-0.028,-0.019,-0.094,-0.043,-0.003,-0.041,-0.057,-0.047,-0.068,-0.105,-0.123,-0.151,-0.124,-0.137,-0.165,-0.203,-0.254,-0.297,-0.285,-0.248,-0.172,-0.108,-0.113,-0.116,-0.115,-0.132,-0.153,-0.128,-0.036,0.003,-0.057,-0.102,-0.132,-0.157,-0.178,-0.111,-0.018,-0.002,-0.062,-0.168,-0.183,-0.111,-0.031,0.005,-0.043,-0.093,-0.095,-0.073,-0.083,-0.112,-0.123,-0.137,-0.160,-0.112,-0.086,-0.112,-0.095,-0.124,-0.159,-0.149,-0.167,-0.200,-0.130,-0.020,0.015,0.003,0.024,0.065,0.104,0.117,0.118,0.067,0.009,-0.029,-0.049,-0.037,-0.057,-0.050,-0.022,-0.050,-0.102,-0.145,-0.132,-0.063,-0.023,0.094
0.044,0.008,0.023,-0.079,-0.103,-0.124,-0.121,-0.125,-0.085,-0.157,-0.143,-0.203,-0.183,-0.199,-0.170,-0.191,-0.199,-0.148,-0.115,-0.085,0.007,0.002,-0.009,-0.030,-0.074,-0.128,-0.130,-0.133,-0.106,-0.097,-0.055,-0.053,-0.076,-0.097,-0.044,-0.053,-0.071,-0.114,-0.190,-0.220,-0.230,-0.204,-0.180,-0.239,-0.243,-0.224,-0.107,-0.076,-0.047,-0.051,-0.002,-0.045,-0.078,-0.077,-0.074,-0.129,-0.177,-0.164,-0.134,-0.074,-0.052,-0.058,-0.057,-0.070,-0.066,-0.038,-0.076,-0.098,-0.154,-0.163,-0.136,-0.086,-0.076,-0.058,-0.083,-0.062,-0.091,-0.109,-0.174,-0.161,-0.127,-0.130,-0.132,-0.175,-0.217,-0.202,-0.181,-0.166,-0.179,-0.174,-0.138,-0.090,-0.031,-0.070,-0.047,-0.054,-0.100,-0.143,-0.193,-0.168,-0.138,-0.063,-0.015,0.021,-0.020,-0.068,-0.071,-0.089,-0.067
-0.044,-0.080,-0.136,-0.140,-0.112,-0.046,-0.057,-0.036,-0.064,-0.041,-0.100,-0.067,-0.046,0.011,-0.024,-0.101,-0.120,-0.112,-0.089,-0.034,-0.025,-0.010,-0.080,-0.087,-0.087,0.033,-0.054,-0.074,-0.075,-0.147,-0.116,-0.110,-0.053,-0.024,-0.006,-0.070,-0.161,-0.215,-0.148,-0.168,-0.190,-0.244,-0.245,-0.200,-0.183,-0.111,-0.203,-0.177,-0.162,-0.133,-0.135,-0.056,-0.076,-0.070,-0.145,-0.118,-0.064,-0.035,0.027,0.037,0.053,-0.017,-0.079,-0.145,-0.210,-0.186,-0.139,-0.115,-0.121,-0.110,-0.134,-0.161,-0.099,-0.103,-0.094,-0.102,-0.100,-0.156,-0.192,-0.240,-0.193,-0.160,-0.163,-0.162,-0.169,-0.208,-0.190,-0.169,-0.183,-0.194,-0.162,-0.098,-0.061,-0.027,-0.113,-0.113,-0.130,-0.157,-0.140,-0.097,-0.036,-0.073,-0.122,-0.123,-0.119,-0.067,0.009,0.071,-0.033
-0.184,-0.225,-0.183,-0.099,-0.004,-0.021,-0.044,-0.067,-0.006,-0.050,-0.029,-0.089,-0.097,-0.131,-0.097,-0.126,-0.096,-0.097,-0.116,-0.070,-0.017,0.023,-0.063,-0.119,-0.099,-0.066,-0.055,-0.099,-0.067,-0.141,-0.200,-0.195,-0.150,-0.078,0.028,0.011,-0.064,-0.122,-0.178,-0.202,-0.209,-0.112,-0.088,-0.045,-0.157,-0.166,-0.168,-0.140,-0.101,-0.059,-0.100,-0.086,-0.057,-0.059,-0.102,-0.135,-0.155,-0.124,-0.131,-0.144,-0.055,0.016,0.125,0.113,0.073,-0.005,-0.002,0.000,0.027,0.011,-0.047,-0.107,-0.103,-0.143,-0.141,-0.125,-0.123,-0.110,-0.127,-0.157,-0.216,-0.231,-0.197,-0.166,-0.134,-0.132,-0.125,-0.160,-0.160,-0.143,-0.067,0.001,0.009,0.006,0.015,-0.025,-0.035,-0.046,-0.042,-0.078,-0.121,-0.127,-0.147,-0.134,-0.086,-0.020,0.015,-0.018,-0.022
0.027,-0.075,-0.088,-0.053,-0.077,-0.114,-0.182,-0.120,-0.056,-0.052,-0.040,-0.037,-0.040,-0.029,-0.035,0.006,-0.063,-0.167,-0.148,-0.174,-0.100,0.007,-0.032,-0.057,-0.070,-0.093,-0.088,-0.085,-0.099,-0.090,-0.103,-0.152,-0.158,-0.108,-0.118,-0.135,-0.132,-0.126,-0.127,-0.121,-0.108,-0.101,-0.119,-0.138,-0.047,-0.017,-0.026,-0.059,-0.097,-0.093,-0.064,-0.048,-0.035,-0.023,-0.086,-0.088,-0.092,-0.096,-0.124,-0.165,-0.134,-0.096,-0.068,-0.015,-0.017,0.002,-0.035,-0.020,0.016,-0.028,-0.110,-0.095,-0.072,-0.086,-0.082,-0.061,-0.077,-0.118,-0.112,-0.091,-0.071,-0.068,-0.124,-0.206,-0.218,-0.197,-0.205,-0.202,-0.164,-0.113,-0.087,-0.091,-0.058,-0.029,-0.046,-0.122,-0.129,-0.144,-0.145,-0.125,-0.143,-0.137,-0.125,-0.135,-0.125,-0.115,-0.075,-0.020,-0.023
-0.040,-0.071,-0.035,-0.068,-0.119,-0.061,-0.021,0.142,0.222,0.212,-0.008,-0.097,-0.029,-0.079,-0.090,-0.144,-0.163,-0.034,0.055,0.025,0.016,0.028,0.020,-0.098,-0.134,-0.057,-0.080,-0.049,-0.084,-0.146,-0.193,-0.186,-0.149,-0.147,-0.243,-0.266,-0.283,-0.244,-0.237,-0.218,-0.174,-0.142,-0.158,-0.170,-0.100,-0.004,-0.012,-0.068,-0.114,-0.147,-0.195,-0.183,-0.091,0.035,0.015,-0.072,-0.151,-0.181,-0.127,-0.076,-0.016,-0.049,-0.091,-0.146,-0.103,-0.020,0.005,0.076,0.103,0.055,-0.030,-0.041,-0.026,-0.054,-0.128,-0.170,-0.164,-0.158,-0.211,-0.221,-0.209,-0.189,-0.218,-0.213,-0.198,-0.153,-0.100,-0.043,-0.022,-0.087,-0.034,-0.039,-0.078,-0.147,-0.124,-0.157,-0.091,-0.058,-0.037,-0.127,-0.145,-0.153,-0.121,-0.155,-0.180,-0.189,-0.221,-0.171,-0.143
-0.110,-0.196,-0.156,-0.067,-0.022,0.008,-0.082,-0.167,-0.065,0.067,0.081,-0.043,-0.136,-0.166,-0.148,-0.110,-0.028,-0.018,-0.046,-0.136,-0.180,-0.194,-0.073,-0.037,-0.109,-0.135,-0.138,-0.146,-0.038,0.002,-0.101,-0.150,-0.134,-0.129,-0.109,-0.142,-0.126,-0.158,-0.165,-0.144,-0.172,-0.166,-0.096,-0.081,-0.151,-0.193,-0.182,-0.127,-0.082,-0.078,-0.094,-0.078,-0.052,-0.038,-0.057,-0.130,-0.145,-0.162,-0.133,-0.111,-0.181,-0.187,-0.129,-0.062,-0.042,0.017,0.018,-0.003,0.014,-0.002,-0.017,-0.043,-0.057,-0.104,-0.130,-0.142,-0.159,-0.111,-0.115,-0.156,-0.202,-0.247,-0.231,-0.183,-0.133,-0.082,-0.062,-0.046,-0.050,-0.039,-0.067,-0.047,-0.025,-0.008,-0.042,-0.048,-0.065,-0.071,-0.050,-0.068,-0.091,-0.063,-0.050,-0.062,-0.053,-0.091,-0.033,0.085,0.024
-0.074,-0.139,-0.099,-0.071,-0.071,-0.085,-0.047,-0.069,-0.061,-0.100,-0.116,-0.085,-0.123,-0.102,-0.038,-0.056,-0.095,-0.045,-0.008,0.044,-0.066,-0.057,-0.094,-0.059,-0.124,-0.132,-0.113,-0.057,-0.043,-0.113,-0.160,-0.157,-0.129,-0.126,-0.105,-0.099,-0.119,-0.141,-0.201,-0.139,-0.165,-0.142,-0.239,-0.173,-0.192,-0.187,-0.125,-0.092,-0.023,-0.059,0.015,0.028,0.070,0.079,0.022,-0.033,-0.062,-0.165,-0.171,-0.088,-0.074,-0.038,-0.021,0.003,0.033,0.082,0.057,-0.034,-0.045,-0.042,-0.029,-0.037,-0.019,-0.063,-0.103,-0.149,-0.181,-0.199,-0.228,-0.243,-0.250,-0.175,-0.098,-0.110,-0.150,-0.138,-0.094,-0.052,-0.070,-0.148,-0.121,-0.084,-0.054,-0.086,-0.104,-0.142,-0.131,-0.119,-0.138,-0.066,-0.068,-0.097,-0.159,-0.169,-0.174,-0.164,-0.141,-0.034,0.018
-0.024,-0.059,-0.083,-0.134,-0.123,-0.078,-0.065,0.005,-0.009,-0.042,-0.017,0.032,0.047,-0.004,-0.074,-0.067,-0.055,-0.154,-0.123,-0.072,-0.014,-0.018,-0.029,-0.062,-0.197,-0.157,-0.048,-0.030,-0.019,-0.045,-0.066,-0.048,-0.116,-0.117,-0.063,-0.087,-0.127,-0.148,-0.123,-0.265,-0.169,-0.148,-0.126,-0.108,-0.095,-0.118,-0.143,-0.101,-0.075,-0.010,-0.022,0.002,-0.016,-0.014,-0.036,-0.059,-0.101,-0.134,-0.154,-0.164,-0.130,-0.111,-0.036,-0.032,-0.053,-0.056,-0.090,-0.066,-0.086,-0.047,-0.061,-0.050,-0.079,-0.109,-0.123,-0.130,-0.110,-0.132,-0.172,-0.259,-0.208,-0.170,-0.160,-0.166,-0.168,-0.153,-0.149,-0.099,-0.123,-0.163,-0.163,-0.084,0.009,0.059,-0.071,-0.105,-0.127,-0.102,-0.136,-0.128,-0.105,-0.088,-0.043,-0.047,-0.079,-0.082,-0.091,-0.092,-0.088
-0.003,-0.083,-0.161,-0.138,-0.112,-0.091,-0.047,0.011,0.031,-0.034,-0.105,-0.148,-0.150,-0.141,-0.123,-0.124,-0.197,-0.235,-0.177,-0.050,-0.003,-0.055,-0.127,-0.117,-0.027,-0.027,-0.037,-0.039,-0.029,-0.064,-0.098,-0.083,-0.090,-0.124,-0.117,-0.099,-0.125,-0.165,-0.214,-0.226,-0.247,-0.303,-0.311,-0.214,-0.152,-0.168,-0.159,-0.137,-0.065,-0.033,-0.064,-0.111,-0.148,-0.137,-0.109,-0.091,-0.119,-0.125,-0.106,-0.084,-0.085,-0.067,-0.037,-0.022,0.013,0.030,0.042,0.035,-0.012,-0.081,-0.122,-0.097,-0.051,-0.065,-0.127,-0.222,-0.254,-0.195,-0.072,0.048,-0.050,-0.205,-0.234,-0.208,-0.178,-0.240,-0.268,-0.242,-0.235,-0.188,-0.123,-0.096,-0.038,-0.042,-0.066,-0.059,-0.087,-0.108,-0.086,-0.058,-0.061,-0.099,-0.146,-0.147,-0.148,-0.168,-0.160,-0.098,-0.097
-0.028,-0.047,-0.122,-0.176,-0.127,-0.143,-0.090,-0.065,-0.066,-0.117,-0.144,-0.124,-0.085,-0.068,-0.079,-0.080,-0.117,-0.085,-0.061,-0.086,-0.027,-0.090,-0.104,-0.154,-0.152,-0.075,-0.040,0.013,-0.006,-0.064,-0.137,-0.094,-0.107,-0.078,-0.114,-0.111,-0.116,-0.164,-0.162,-0.216,-0.225,-0.273,-0.213,-0.229,-0.193,-0.113,-0.096,-0.092,-0.131,-0.105,-0.090,-0.054,-0.007,-0.045,-0.040,-0.154,-0.150,-0.058,-0.061,-0.065,-0.088,-0.035,-0.059,-0.109,-0.038,0.019,0.038,-0.068,-0.172,-0.176,-0.210,-0.177,-0.124,-0.073,-0.059,-0.059,-0.085,-0.170,-0.186,-0.185,-0.140,-0.096,-0.093,-0.160,-0.128,-0.096,-0.137,-0.134,-0.136,-0.122,-0.120,-0.123,-0.116,-0.052,-0.055,-0.048,-0.082,-0.030,-0.043,-0.092,-0.141,-0.150,-0.112,-0.064,-0.015,-0.012,0.018,-0.027,-0.057
-0.062,-0.095,-0.121,-0.095,-0.093,-0.156,-0.179,-0.211,-0.194,-0.065,0.045,0.050,-0.010,-0.077,-0.110,-0.202,-0.163,-0.090,-0.092,-0.085,-0.132,-0.106,-0.111,-0.138,-0.167,-0.155,-0.155,-0.076,-0.044,-0.055,-0.078,-0.123,-0.122,-0.101,-0.117,-0.065,-0.069,-0.125,-0.156,-0.183,-0.185,-0.170,-0.155,-0.118,-0.096,-0.073,-0.112,-0.117,-0.092,-0.080,-0.080,-0.072,-0.073,-0.041,-0.056,-0.134,-0.178,-0.195,-0.161,-0.141,-0.155,-0.191,-0.202,-0.154,-0.092,-0.058,-0.096,-0.082,-0.071,-0.104,-0.098,-0.127,-0.125,-0.112,-0.148,-0.180,-0.182,-0.142,-0.119,-0.150,-0.166,-0.190,-0.177,-0.192,-0.201,-0.169,-0.186,-0.188,-0.178,-0.196,-0.206,-0.188,-0.116,-0.070,-0.077,-0.080,-0.061,-0.088,-0.160,-0.221,-0.222,-0.175,-0.122,-0.108,-0.077,-0.064,-0.052,-0.070,-0.123
0.000,-0.059,-0.078,-0.112,-0.095,-0.154,-0.127,-0.174,-0.176,-0.119,-0.137,-0.091,-0.081,-0.101,-0.037,-0.064,-0.081,-0.108,-0.089,-0.036,-0.027,-0.057,-0.093,-0.106,-0.119,-0.081,-0.074,-0.047,-0.125,-0.178,-0.188,-0.155,-0.185,-0.184,-0.152,-0.176,-0.122,-0.189,-0.128,-0.104,-0.047,-0.097,-0.117,-0.089,-0.129,-0.141,-0.165,-0.173,-0.180,-0.157,-0.079,-0.121,-0.135,-0.106,-0.045,-0.030,-0.076,-0.091,-0.163,-0.135,-0.036,-0.066,-0.069,-0.020,0.006,0.001,-0.026,-0.066,-0.115,-0.121,-0.126,-0.216,-0.210,-0.144,-0.046,-0.021,-0.029,-0.059,-0.143,-0.219,-0.262,-0.221,-0.208,-0.190,-0.220,-0.208,-0.193,-0.206,-0.161,-0.147,-0.085,-0.092,-0.092,-0.066,-0.062,-0.050,-0.038,-0.077,-0.131,-0.170,-0.160,-0.151,-0.130,-0.087,-0.088,-0.043,-0.087,-0.142,-0.121
0.000,-0.049,-0.093,-0.058,-0.078,-0.053,-0.136,-0.061,-0.045,-0.071,-0.099,-0.103,-0.090,-0.097,-0.218,-0.212,-0.183,-0.122,-0.068,-0.029,-0.006,0.029,0.033,0.005,-0.053,-0.068,-0.027,0.004,0.065,0.059,0.029,-0.077,-0.063,-0.016,-0.135,-0.137,-0.143,-0.148,-0.206,-0.187,-0.156,-0.191,-0.185,-0.170,-0.199,-0.197,-0.215,-0.188,-0.163,-0.118,-0.123,-0.108,0.015,0.041,-0.014,-0.093,-0.099,-0.106,-0.085,-0.103,-0.059,-0.081,-0.092,-0.117,-0.106,-0.075,-0.067,-0.093,-0.122,-0.079,-0.063,-0.091,-0.135,-0.157,-0.130,-0.131,-0.151,-0.166,-0.109,-0.141,-0.119,-0.143,-0.166,-0.205,-0.201,-0.154,-0.180,-0.174,-0.162,-0.175,-0.183,-0.189,-0.102,-0.109,-0.085,-0.059,0.039,0.022,0.023,-0.057,-0.130,-0.156,-0.145,-0.144,-0.122,-0.109,-0.079,0.007,-0.050
0.000,0.000,-0.012,-0.051,-0.106,-0.104,-0.067,-0.080,-0.079,-0.083,-0.122,-0.187,-0.167,-0.144,-0.111,-0.152,-0.161,-0.097,-0.070,-0.017,0.000,-0.002,-0.013,0.010,-0.055,-0.072,-0.076,-0.062,-0.109,-0.116,-0.148,-0.145,-0.127,-0.137,-0.175,-0.207,-0.262,-0.259,-0.228,-0.226,-0.257,-0.275,-0.244,-0.203,-0.162,-0.146,-0.160,-0.111,-0.072,-0.042,-0.060,-0.091,-0.153,-0.139,-0.100,-0.098,-0.097,-0.058,-0.067,-0.094,-0.091,-0.067,-0.041,-0.064,-0.108,-0.073,-0.009,0.004,-0.061,-0.125,-0.113,-0.100,-0.094,-0.096,-0.102,-0.082,-0.113,-0.187,-0.244,-0.256,-0.191,-0.145,-0.127,-0.135,-0.155,-0.159,-0.177,-0.189,-0.165,-0.126,-0.095,-0.100,-0.099,-0.061,-0.017,-0.066,-0.093,-0.090,-0.140,-0.174,-0.118,-0.051,-0.040,-0.077,-0.081,-0.041,-0.040,-0.039,-0.039
0.000,-0.039,-0.114,-0.120,-0.088,-0.122,-0.128,-0.121,-0.135,-0.104,-0.140,-0.111,-0.109,-0.132,-0.153,-0.089,-0.098,-0.135,-0.125,-0.080,-0.041,0.007,-0.046,-0.073,-0.092,-0.039,-0.056,-0.088,-0.112,-0.079,-0.087,-0.134,-0.124,-0.106,-0.084,-0.084,-0.074,-0.087,-0.084,-0.084,-0.133,-0.195,-0.262,-0.216,-0.147,-0.090,-0.070,-0.091,-0.115,-0.055,-0.010,-0.087,-0.139,-0.110,-0.068,-0.087,-0.088,-0.068,-0.042,-0.013,-0.046,-0.060,-0.017,-0.047,-0.031,-0.066,0.003,-0.018,-0.049,-0.063,-0.102,-0.103,-0.090,-0.123,-0.158,-0.184,-0.166,-0.163,-0.174,-0.186,-0.189,-0.178,-0.159,-0.199,-0.217,-0.172,-0.094,-0.093,-0.139,-0.170,-0.109,-0.082,-0.055,-0.033,-0.052,-0.039,-0.020,-0.015,-0.075,-0.092,-0.096,-0.089,-0.128,-0.113,-0.005,0.049,-0.001,-0.106,-0.183
0.000,0.000,-0.086,-0.122,-0.219,-0.174,-0.187,-0.145,-0.115,-0.050,-0.104,-0.125,-0.083,-0.137,-0.111,-0.102,-0.121,-0.127,-0.102,-0.016,-0.046,-0.060,-0.042,-0.076,-0.155,-0.141,-0.091,-0.061,0.003,-0.086,-0.111,-0.158,-0.145,-0.206,-0.070,-0.068,0.034,-0.031,-0.003,-0.078,-0.106,-0.168,-0.207,-0.280,-0.187,-0.173,-0.077,0.034,0.056,0.036,-0.046,-0.049,-0.100,-0.064,-0.074,-0.076,-0.085,-0.115,-0.135,-0.097,-0.091,-0.114,-0.103,-0.024,-0.037,-0.038,-0.083,-0.086,-0.083,-0.045,-0.065,-0.092,-0.154,-0.182,-0.171,-0.145,-0.180,-0.197,-0.098,-0.082,-0.052,-0.130,-0.154,-0.183,-0.154,-0.146,-0.144,-0.138,-0.178,-0.213,-0.154,-0.125,-0.056,-0.005,0.015,-0.059,-0.098,-0.153,-0.133,-0.099,-0.032,-0.054,-0.125,-0.151,-0.123,-0.073,-0.054,-0.020,-0.046
0.000,0.000,-0.097,-0.174,-0.201,-0.152,-0.132,-0.098,-0.015,0.008,-0.005,-0.051,-0.100,-0.094,-0.084,-0.104,-0.138,-0.094,-0.028,-0.020,-0.034,-0.074,-0.117,-0.156,-0.164,-0.161,-0.188,-0.085,0.019,0.005,-0.033,-0.069,-0.096,-0.105,-0.048,-0.013,-0.039,-0.105,-0.179,-0.196,-0.169,-0.157,-0.229,-0.260,-0.236,-0.165,-0.145,-0.172,-0.136,-0.107,-0.086,-0.097,-0.096,-0.048,-0.020,-0.064,-0.114,-0.144,-0.158,-0.099,-0.049,-0.028,-0.049,-0.074,-0.129,-0.176,-0.173,-0.111,-0.087,-0.109,-0.085,-0.100,-0.131,-0.133,-0.108,-0.091,-0.141,-0.201,-0.202,-0.167,-0.083,-0.080,-0.144,-0.192,-0.201,-0.207,-0.217,-0.195,-0.191,-0.165,-0.148,-0.118,-0.079,-0.034,0.020,0.008,-0.088,-0.133,-0.095,-0.060,-0.050,-0.050,-0.043,-0.056,-0.078,-0.063,-0.088,-0.109,-0.148
0.000,0.000,0.000,-0.116,-0.153,-0.159,-0.124,-0.093,-0.089,-0.091,-0.101,-0.117,-0.148,-0.193,-0.168,-0.105,-0.081,-0.031,0.018,0.055,0.015,-0.040,-0.095,-0.126,-0.130,-0.113,-0.054,-0.038,-0.074,-0.045,-0.067,-0.075,-0.034,-0.024,-0.049,-0.093,-0.156,-0.162,-0.135,-0.081,-0.073,-0.084,-0.084,-0.134,-0.142,-0.113,-0.024,-0.000,-0.006,-0.048,-0.084,-0.103,-0.152,-0.164,-0.130,-0.080,-0.101,-0.048,-0.027,-0.038,-0.048,0.021,0.046,-0.018,-0.026,-0.017,0.008,-0.020,-0.082,-0.116,-0.061,-0.031,-0.055,-0.077,-0.090,-0.135,-0.197,-0.208,-0.240,-0.262,-0.214,-0.120,-0.005,-0.026,-0.091,-0.102,-0.081,-0.090,-0.117,-0.153,-0.134,-0.110,-0.046,0.056,0.132,0.119,0.008,-0.070,-0.112,-0.136,-0.129,-0.090,-0.093,-0.110,-0.052,0.005,-0.038,-0.079,-0.054
0.000,0.000,0.000,0.000,-0.089,-0.142,-0.135,-0.082,-0.079,-0.021,0.010,-0.031,-0.109,-0.140,-0.105,-0.144,-0.101,-0.019,0.050,0.106,0.071,0.049,-0.049,-0.088,-0.119,-0.118,-0.142,-0.097,-0.035,-0.009,-0.014,-0.142,-0.114,-0.063,0.017,-0.050,-0.065,-0.073,-0.130,-0.163,-0.222,-0.204,-0.182,-0.147,-0.167,-0.115,-0.074,-0.055,0.059,0.052,0.004,-0.126,-0.155,-0.123,-0.083,-0.118,-0.131,-0.142,-0.127,-0.165,-0.139,-0.104,-0.094,-0.093,-0.074,-0.051,-0.024,-0.052,-0.067,-0.095,-0.080,-0.066,-0.115,-0.196,-0.230,-0.201,-0.155,-0.131,-0.131,-0.185,-0.193,-0.219,-0.195,-0.171,-0.155,-0.139,-0.164,-0.199,-0.197,-0.171,-0.141,-0.114,-0.124,-0.135,-0.132,-0.124,-0.119,-0.097,-0.060,-0.080,-0.113,-0.093,-0.059,-0.045,-0.040,-0.040,-0.009,-0.013,-0.106
0.000,0.000,0.000,0.000,0.000,-0.049,-0.110,-0.159,-0.143,-0.104,-0.061,-0.032,-0.086,-0.116,-0.120,-0.093,-0.075,-0.037,0.013,0.038,0.024,0.002,0.011,0.006,0.022,-0.003,-0.021,-0.016,0.006,0.075,0.112,0.014,-0.103,-0.104,-0.113,-0.127,-0.061,-0.049,-0.040,-0.136,-0.177,-0.278,-0.231,-0.260,-0.210,-0.178,-0.132,-0.113,-0.057,-0.053,-0.039,-0.015,-0.027,-0.001,0.027,-0.025,-0.115,-0.164,-0.160,-0.146,-0.118,-0.083,-0.087,-0.064,-0.010,0.027,0.001,-0.054,-0.073,-0.086,-0.071,-0.049,-0.058,-0.076,-0.124,-0.126,-0.117,-0.117,-0.136,-0.215,-0.230,-0.219,-0.218,-0.233,-0.252,-0.214,-0.157,-0.118,-0.110,-0.088,-0.019,0.009,-0.033,-0.113,-0.147,-0.106,-0.040,-0.028,-0.088,-0.053,-0.071,-0.107,-0.135,-0.102,-0.057,-0.040,-0.055,0.011,-0.009
0.000,0.000,0.000,0.000,0.000,0.007,-0.049,-0.105,-0.063,0.012,0.064,0.032,-0.079,-0.083,-0.084,-0.085,-0.139,-0.186,-0.152,-0.100,-0.063,-0.044,-0.002,-0.087,-0.085,-0.079,-0.080,-0.167,-0.187,-0.141,-0.122,-0.154,-0.175,-0.141,-0.096,-0.052,0.030,-0.052,-0.110,-0.131,-0.144,-0.213,-0.154,-0.120,-0.083,-0.127,-0.107,-0.129,-0.149,-0.195,-0.168,-0.154,-0.052,0.045,0.028,-0.040,-0.119,-0.160,-0.181,-0.168,-0.166,-0.127,-0.067,-0.042,0.003,-0.020,-0.019,-0.065,-0.149,-0.177,-0.143,-0.139,-0.129,-0.136,-0.167,-0.105,-0.119,-0.108,-0.116,-0.178,-0.205,-0.228,-0.177,-0.144,-0.169,-0.165,-0.133,-0.171,-0.186,-0.158,-0.108,-0.046,-0.046,-0.098,-0.106,-0.083,-0.079,-0.118,-0.132,-0.138,-0.144,-0.160,-0.113,-0.043,0.000,0.009,-0.003,0.036,0.003
0.000,0.000,0.000,0.000,0.000,0.000,-0.025,-0.022,0.010,0.022,0.101,0.081,-0.010,-0.069,-0.043,-0.058,-0.018,-0.121,-0.082,-0.025,-0.017,0.013,-0.018,-0.086,-0.085,-0.051,-0.073,-0.123,-0.072,-0.072,-0.079,-0.121,-0.154,-0.145,-0.097,-0.114,-0.113,-0.161,-0.153,-0.190,-0.220,-0.191,-0.232,-0.236,-0.198,-0.140,-0.095,-0.131,-0.107,-0.069,-0.081,-0.099,-0.093,-0.060,-0.079,-0.100,-0.063,-0.064,-0.063,-0.097,-0.123,-0.160,-0.119,-0.092,-0.105,-0.110,-0.179,-0.165,-0.164,-0.135,-0.097,-0.100,-0.080,-0.086,-0.075,-0.085,-0.068,-0.112,-0.147,-0.154,-0.094,-0.037,-0.066,-0.124,-0.158,-0.149,-0.134,-0.137,-0.126,-0.133,-0.090,-0.033,-0.043,-0.082,-0.093,-0.096,-0.095,-0.070,-0.052,-0.073,-0.094,-0.074,-0.035,-0.033,-0.058,-0.052,-0.046,-0.014,0.031
0.000,0.000,0.000,0.000,0.000,0.000,-0.047,-0.077,-0.056,-0.034,0.003,-0.003,-0.066,-0.100,-0.094,-0.050,-0.088,-0.115,-0.157,-0.151,-0.160,-0.094,-0.066,-0.019,-0.073,-0.056,-0.037,-0.049,-0.079,-0.072,-0.040,-0.077,-0.148,-0.136,-0.079,-0.078,-0.097,-0.049,-0.081,-0.140,-0.185,-0.261,-0.245,-0.183,-0.120,-0.059,0.037,0.019,-0.010,-0.053,-0.044,-0.047,-0.071,-0.093,-0.069,-0.103,-0.165,-0.166,-0.136,-0.119,-0.140,-0.136,-0.111,-0.064,-0.084,-0.036,0.008,0.063,0.055,0.013,0.004,-0.012,-0.001,-0.004,-0.007,-0.051,-0.064,-0.181,-0.236,-0.229,-0.156,-0.138,-0.097,-0.137,-0.173,-0.223,-0.228,-0.209,-0.174,-0.129,-0.115,-0.142,-0.109,-0.052,-0.055,-0.073,-0.079,-0.108,-0.088,-0.071,-0.074,-0.092,-0.068,-0.050,-0.084,-0.076,-0.031,0.081,0.064
