0.102,0.103,0.092,0.087,0.086,0.087,0.095,0.113,0.139,0.167,0.187,0.197,0.201,0.208,0.220,0.234,0.244,0.244,0.232,0.213,0.195,0.182,0.174,0.164,0.150,0.129,0.105,0.090,0.092,0.115,0.147,0.177,0.198,0.212,0.226,0.240,0.249,0.252,0.252,0.252,0.254,0.256,0.251,0.236,0.209,0.177,0.145,0.120,0.106,0.102,0.105,0.113,0.124,0.142,0.163,0.183,0.195,0.198,0.195,0.187,0.178,0.171,0.169,0.172,0.178,0.180,0.178,0.171,0.163,0.153,0.143,0.133,0.122,0.109,0.102,0.104
0.123,0.136,0.124,0.117,0.114,0.117,0.126,0.140,0.158,0.174,0.184,0.188,0.188,0.193,0.201,0.211,0.217,0.216,0.207,0.193,0.182,0.176,0.172,0.166,0.155,0.137,0.119,0.108,0.114,0.136,0.164,0.188,0.203,0.211,0.219,0.228,0.235,0.237,0.237,0.237,0.238,0.238,0.235,0.224,0.206,0.182,0.159,0.141,0.134,0.136,0.143,0.150,0.157,0.166,0.178,0.190,0.197,0.195,0.187,0.177,0.169,0.165,0.169,0.178,0.189,0.195,0.195,0.189,0.181,0.174,0.167,0.162,0.157,0.150,0.147,0.146
0.147,0.173,0.162,0.155,0.153,0.157,0.165,0.175,0.184,0.189,0.189,0.185,0.181,0.183,0.187,0.193,0.196,0.194,0.188,0.182,0.179,0.180,0.181,0.177,0.168,0.154,0.141,0.138,0.149,0.169,0.191,0.207,0.215,0.218,0.221,0.226,0.230,0.231,0.232,0.231,0.229,0.227,0.224,0.218,0.208,0.196,0.184,0.177,0.179,0.188,0.196,0.199,0.201,0.205,0.212,0.219,0.221,0.216,0.206,0.196,0.189,0.189,0.196,0.208,0.219,0.224,0.222,0.215,0.207,0.200,0.197,0.196,0.196,0.196,0.197,0.188
0.160,0.196,0.187,0.182,0.182,0.186,0.191,0.196,0.197,0.192,0.185,0.179,0.175,0.176,0.179,0.182,0.182,0.179,0.175,0.174,0.179,0.186,0.190,0.187,0.179,0.170,0.166,0.171,0.183,0.198,0.211,0.218,0.222,0.222,0.223,0.224,0.226,0.227,0.226,0.221,0.215,0.210,0.210,0.210,0.209,0.206,0.206,0.210,0.220,0.229,0.234,0.234,0.235,0.241,0.247,0.252,0.250,0.242,0.233,0.227,0.226,0.231,0.241,0.253,0.261,0.259,0.251,0.240,0.228,0.221,0.218,0.220,0.225,0.230,0.235,0.218
0.213,0.203,0.197,0.194,0.193,0.195,0.196,0.193,0.186,0.177,0.172,0.171,0.173,0.177,0.179,0.176,0.171,0.165,0.163,0.168,0.179,0.190,0.194,0.193,0.189,0.186,0.187,0.192,0.199,0.206,0.212,0.217,0.221,0.220,0.219,0.219,0.219,0.216,0.209,0.198,0.189,0.188,0.196,0.205,0.210,0.214,0.222,0.232,0.243,0.249,0.250,0.251,0.257,0.267,0.272,0.272,0.267,0.261,0.258,0.259,0.266,0.277,0.290,0.299,0.299,0.287,0.269,0.249,0.233,0.224,0.223,0.229,0.238,0.247,0.255,0.234
0.210,0.202,0.196,0.191,0.188,0.185,0.179,0.171,0.163,0.160,0.166,0.176,0.182,0.184,0.178,0.167,0.157,0.151,0.154,0.164,0.177,0.189,0.195,0.195,0.193,0.189,0.187,0.188,0.193,0.200,0.207,0.212,0.214,0.211,0.208,0.206,0.201,0.189,0.173,0.162,0.162,0.174,0.190,0.203,0.211,0.220,0.231,0.242,0.248,0.251,0.254,0.261,0.270,0.279,0.280,0.278,0.275,0.276,0.281,0.292,0.306,0.321,0.330,0.330,0.317,0.291,0.262,0.236,0.219,0.213,0.218,0.228,0.239,0.245,0.251,0.234
0.210,0.199,0.188,0.178,0.170,0.162,0.153,0.148,0.151,0.162,0.178,0.190,0.191,0.183,0.169,0.152,0.140,0.138,0.145,0.159,0.176,0.189,0.192,0.188,0.179,0.172,0.170,0.176,0.185,0.195,0.201,0.202,0.200,0.194,0.188,0.180,0.165,0.148,0.137,0.138,0.153,0.174,0.193,0.206,0.216,0.227,0.238,0.244,0.247,0.250,0.255,0.263,0.270,0.276,0.277,0.278,0.281,0.289,0.301,0.319,0.336,0.347,0.347,0.334,0.308,0.273,0.239,0.215,0.205,0.207,0.216,0.225,0.229,0.229,0.230,0.219
0.213,0.193,0.175,0.161,0.149,0.141,0.139,0.145,0.160,0.178,0.193,0.198,0.191,0.175,0.154,0.134,0.124,0.127,0.142,0.164,0.182,0.190,0.183,0.170,0.159,0.157,0.165,0.178,0.190,0.195,0.193,0.187,0.180,0.171,0.160,0.147,0.132,0.124,0.127,0.142,0.164,0.185,0.203,0.218,0.230,0.240,0.245,0.246,0.244,0.245,0.248,0.253,0.259,0.266,0.269,0.272,0.278,0.291,0.309,0.330,0.346,0.351,0.342,0.319,0.287,0.251,0.225,0.211,0.209,0.213,0.217,0.217,0.214,0.209,0.208,0.202
0.213,0.187,0.166,0.151,0.141,0.139,0.145,0.159,0.176,0.191,0.201,0.201,0.187,0.164,0.137,0.119,0.116,0.132,0.159,0.185,0.197,0.193,0.177,0.162,0.158,0.166,0.181,0.194,0.200,0.195,0.184,0.171,0.161,0.150,0.141,0.132,0.128,0.132,0.145,0.164,0.185,0.205,0.223,0.238,0.247,0.251,0.247,0.240,0.233,0.229,0.230,0.235,0.242,0.248,0.249,0.251,0.260,0.278,0.302,0.326,0.341,0.342,0.328,0.304,0.275,0.249,0.232,0.224,0.222,0.220,0.215,0.207,0.198,0.190,0.188,0.185
0.216,0.189,0.169,0.155,0.149,0.152,0.162,0.175,0.189,0.201,0.206,0.200,0.179,0.151,0.126,0.116,0.128,0.157,0.190,0.212,0.214,0.201,0.183,0.173,0.177,0.190,0.205,0.212,0.208,0.194,0.177,0.162,0.152,0.146,0.144,0.145,0.149,0.159,0.172,0.188,0.206,0.223,0.238,0.249,0.253,0.249,0.239,0.225,0.213,0.207,0.209,0.215,0.221,0.224,0.221,0.224,0.237,0.261,0.290,0.315,0.328,0.328,0.316,0.298,0.279,0.261,0.248,0.240,0.233,0.223,0.212,0.198,0.185,0.175,0.172,0.172
0.225,0.201,0.182,0.170,0.167,0.171,0.180,0.191,0.201,0.207,0.205,0.192,0.168,0.141,0.125,0.128,0.152,0.187,0.218,0.232,0.228,0.213,0.197,0.191,0.198,0.212,0.223,0.224,0.213,0.193,0.173,0.159,0.153,0.154,0.159,0.167,0.175,0.184,0.193,0.203,0.214,0.225,0.236,0.244,0.245,0.238,0.225,0.209,0.196,0.191,0.195,0.202,0.206,0.206,0.204,0.209,0.226,0.252,0.279,0.301,0.312,0.314,0.308,0.299,0.288,0.275,0.264,0.253,0.242,0.229,0.214,0.198,0.182,0.139,0.100,0.144
0.237,0.215,0.198,0.188,0.186,0.191,0.198,0.203,0.205,0.204,0.196,0.181,0.159,0.141,0.134,0.146,0.174,0.207,0.232,0.242,0.236,0.222,0.209,0.205,0.213,0.225,0.233,0.229,0.214,0.191,0.170,0.157,0.155,0.161,0.172,0.184,0.194,0.200,0.203,0.205,0.208,0.215,0.225,0.234,0.236,0.231,0.218,0.202,0.191,0.189,0.195,0.203,0.209,0.211,0.211,0.216,0.230,0.250,0.269,0.285,0.297,0.304,0.308,0.308,0.303,0.293,0.283,0.273,0.260,0.245,0.228,0.208,0.189,0.144,0.104,0.148
0.247,0.227,0.212,0.205,0.206,0.210,0.212,0.209,0.203,0.195,0.185,0.174,0.160,0.149,0.149,0.162,0.187,0.215,0.237,0.247,0.242,0.230,0.219,0.218,0.227,0.237,0.242,0.234,0.214,0.187,0.164,0.152,0.153,0.164,0.179,0.194,0.205,0.208,0.205,0.200,0.200,0.206,0.219,0.231,0.237,0.233,0.222,0.207,0.197,0.198,0.207,0.220,0.230,0.234,0.233,0.234,0.239,0.249,0.261,0.276,0.293,0.310,0.324,0.330,0.330,0.323,0.315,0.304,0.289,0.270,0.247,0.223,0.198,0.149,0.108,0.152
0.252,0.236,0.225,0.221,0.223,0.225,0.221,0.212,0.199,0.189,0.182,0.176,0.168,0.162,0.162,0.171,0.192,0.217,0.240,0.252,0.252,0.244,0.235,0.235,0.242,0.251,0.252,0.239,0.215,0.186,0.161,0.150,0.154,0.166,0.184,0.202,0.213,0.214,0.208,0.200,0.197,0.204,0.218,0.233,0.241,0.239,0.227,0.213,0.204,0.207,0.221,0.239,0.253,0.260,0.256,0.250,0.247,0.250,0.261,0.280,0.305,0.330,0.349,0.360,0.363,0.358,0.349,0.336,0.316,0.292,0.264,0.233,0.203,0.152,0.110,0.155
0.254,0.241,0.233,0.231,0.234,0.234,0.228,0.215,0.200,0.190,0.186,0.184,0.179,0.172,0.169,0.174,0.192,0.218,0.244,0.261,0.265,0.260,0.253,0.252,0.258,0.262,0.259,0.244,0.218,0.189,0.167,0.158,0.162,0.174,0.193,0.211,0.223,0.224,0.216,0.206,0.201,0.205,0.219,0.232,0.239,0.237,0.225,0.211,0.203,0.209,0.228,0.251,0.269,0.276,0.269,0.259,0.254,0.256,0.269,0.292,0.322,0.351,0.372,0.385,0.388,0.383,0.373,0.357,0.334,0.306,0.274,0.240,0.207,0.156,0.114,0.157
0.253,0.242,0.236,0.236,0.238,0.238,0.231,0.218,0.205,0.196,0.195,0.194,0.187,0.178,0.171,0.174,0.190,0.218,0.248,0.269,0.278,0.276,0.270,0.267,0.269,0.269,0.262,0.245,0.220,0.195,0.177,0.171,0.177,0.187,0.204,0.221,0.234,0.237,0.229,0.217,0.209,0.209,0.217,0.226,0.230,0.225,0.213,0.200,0.195,0.204,0.227,0.255,0.275,0.283,0.276,0.265,0.259,0.262,0.276,0.301,0.331,0.361,0.382,0.394,0.397,0.390,0.379,0.362,0.339,0.310,0.278,0.245,0.214,0.163,0.121,0.163
0.255,0.245,0.240,0.239,0.240,0.239,0.232,0.221,0.210,0.205,0.204,0.201,0.192,0.180,0.171,0.173,0.190,0.220,0.251,0.276,0.287,0.288,0.283,0.279,0.278,0.274,0.263,0.244,0.219,0.198,0.185,0.182,0.189,0.199,0.213,0.228,0.241,0.247,0.242,0.232,0.221,0.217,0.219,0.221,0.219,0.210,0.196,0.183,0.181,0.195,0.222,0.254,0.278,0.288,0.281,0.270,0.263,0.265,0.277,0.300,0.328,0.357,0.378,0.390,0.391,0.382,0.369,0.352,0.331,0.306,0.277,0.248,0.221,0.173,0.130,0.171
0.261,0.252,0.248,0.248,0.247,0.243,0.234,0.224,0.216,0.212,0.212,0.207,0.195,0.180,0.170,0.173,0.192,0.222,0.254,0.278,0.291,0.296,0.293,0.291,0.288,0.282,0.266,0.243,0.217,0.196,0.184,0.184,0.192,0.202,0.214,0.227,0.241,0.250,0.252,0.246,0.236,0.228,0.224,0.221,0.213,0.200,0.183,0.170,0.169,0.185,0.215,0.250,0.279,0.294,0.290,0.279,0.271,0.269,0.277,0.294,0.318,0.344,0.365,0.377,0.378,0.368,0.354,0.337,0.317,0.295,0.272,0.248,0.228,0.183,0.139,0.180
0.273,0.264,0.263,0.264,0.262,0.254,0.241,0.229,0.222,0.222,0.223,0.217,0.201,0.182,0.169,0.172,0.191,0.221,0.252,0.276,0.288,0.295,0.296,0.298,0.298,0.291,0.272,0.243,0.212,0.188,0.175,0.175,0.184,0.194,0.206,0.219,0.233,0.246,0.254,0.255,0.249,0.241,0.234,0.226,0.214,0.199,0.181,0.166,0.163,0.177,0.207,0.244,0.278,0.299,0.301,0.293,0.283,0.279,0.282,0.294,0.312,0.333,0.352,0.364,0.365,0.355,0.340,0.323,0.304,0.284,0.264,0.245,0.232,0.189,0.145,0.186
0.284,0.275,0.276,0.281,0.282,0.273,0.256,0.240,0.232,0.234,0.239,0.235,0.217,0.192,0.173,0.170,0.187,0.217,0.247,0.269,0.279,0.285,0.289,0.296,0.301,0.297,0.277,0.244,0.207,0.177,0.161,0.159,0.168,0.179,0.193,0.206,0.221,0.236,0.250,0.258,0.258,0.252,0.243,0.231,0.218,0.203,0.186,0.172,0.167,0.176,0.201,0.235,0.270,0.296,0.304,0.301,0.294,0.291,0.294,0.304,0.319,0.335,0.348,0.356,0.356,0.346,0.331,0.314,0.295,0.275,0.256,0.240,0.230,0.190,0.146,0.187
0.291,0.281,0.282,0.290,0.295,0.289,0.273,0.254,0.244,0.247,0.256,0.257,0.240,0.212,0.185,0.173,0.183,0.209,0.238,0.258,0.267,0.271,0.274,0.283,0.294,0.295,0.278,0.244,0.203,0.167,0.146,0.142,0.151,0.165,0.181,0.197,0.211,0.227,0.243,0.256,0.263,0.260,0.251,0.236,0.219,0.205,0.192,0.181,0.177,0.183,0.200,0.227,0.258,0.285,0.298,0.300,0.297,0.296,0.302,0.316,0.332,0.346,0.354,0.356,0.350,0.337,0.322,0.305,0.286,0.266,0.247,0.232,0.225,0.187,0.143,0.184
0.291,0.279,0.277,0.285,0.293,0.291,0.278,0.261,0.251,0.256,0.269,0.275,0.262,0.233,0.200,0.180,0.181,0.200,0.225,0.245,0.253,0.255,0.256,0.265,0.278,0.285,0.273,0.242,0.201,0.164,0.140,0.134,0.142,0.157,0.176,0.193,0.207,0.221,0.236,0.252,0.263,0.265,0.257,0.239,0.218,0.201,0.191,0.187,0.188,0.194,0.206,0.224,0.248,0.272,0.287,0.292,0.292,0.294,0.304,0.321,0.342,0.357,0.363,0.358,0.346,0.328,0.311,0.294,0.277,0.257,0.238,0.224,0.220,0.183,0.140,0.181
0.281,0.267,0.262,0.265,0.272,0.273,0.265,0.253,0.248,0.255,0.271,0.282,0.272,0.244,0.210,0.184,0.178,0.190,0.210,0.228,0.236,0.238,0.239,0.246,0.260,0.270,0.265,0.240,0.204,0.169,0.146,0.138,0.145,0.160,0.178,0.195,0.207,0.218,0.229,0.245,0.260,0.267,0.262,0.243,0.216,0.195,0.184,0.184,0.192,0.203,0.215,0.228,0.244,0.263,0.276,0.284,0.287,0.290,0.301,0.321,0.343,0.360,0.365,0.357,0.339,0.317,0.298,0.283,0.267,0.250,0.232,0.219,0.217,0.182,0.141,0.180
0.260,0.248,0.241,0.240,0.243,0.244,0.240,0.234,0.234,0.246,0.264,0.277,0.269,0.242,0.207,0.180,0.172,0.180,0.197,0.212,0.219,0.222,0.222,0.229,0.242,0.254,0.255,0.239,0.211,0.181,0.161,0.155,0.162,0.174,0.190,0.203,0.210,0.215,0.222,0.235,0.252,0.264,0.263,0.244,0.214,0.187,0.172,0.172,0.186,0.204,0.221,0.234,0.246,0.259,0.268,0.276,0.281,0.286,0.298,0.316,0.336,0.351,0.354,0.344,0.324,0.301,0.283,0.270,0.259,0.245,0.230,0.219,0.218,0.185,0.144,0.181
0.236,0.228,0.222,0.220,0.222,0.222,0.221,0.219,0.224,0.237,0.256,0.267,0.257,0.229,0.195,0.171,0.165,0.176,0.193,0.206,0.213,0.215,0.215,0.220,0.231,0.243,0.248,0.239,0.219,0.195,0.179,0.176,0.184,0.195,0.207,0.213,0.213,0.211,0.213,0.222,0.238,0.252,0.253,0.236,0.206,0.176,0.158,0.156,0.170,0.193,0.216,0.234,0.246,0.258,0.264,0.269,0.274,0.281,0.291,0.306,0.322,0.332,0.331,0.318,0.298,0.277,0.263,0.256,0.251,0.244,0.233,0.224,0.224,0.235,0.249,0.214
0.218,0.214,0.212,0.212,0.216,0.219,0.221,0.222,0.228,0.241,0.255,0.260,0.244,0.214,0.182,0.164,0.165,0.181,0.201,0.215,0.222,0.222,0.221,0.224,0.233,0.243,0.249,0.244,0.228,0.209,0.196,0.195,0.204,0.214,0.221,0.221,0.214,0.205,0.201,0.206,0.218,0.230,0.231,0.216,0.189,0.162,0.143,0.140,0.152,0.176,0.202,0.225,0.242,0.255,0.260,0.265,0.269,0.274,0.282,0.293,0.302,0.305,0.299,0.284,0.265,0.248,0.241,0.242,0.246,0.245,0.239,0.233,0.232,0.241,0.254,0.219
0.209,0.209,0.212,0.218,0.226,0.234,0.239,0.243,0.248,0.256,0.263,0.258,0.235,0.202,0.174,0.163,0.172,0.193,0.216,0.231,0.237,0.238,0.236,0.237,0.245,0.255,0.260,0.255,0.239,0.220,0.208,0.207,0.216,0.223,0.226,0.221,0.209,0.196,0.188,0.189,0.196,0.203,0.203,0.192,0.171,0.149,0.133,0.128,0.137,0.159,0.187,0.214,0.235,0.251,0.258,0.262,0.266,0.270,0.275,0.279,0.282,0.279,0.268,0.251,0.235,0.224,0.226,0.236,0.247,0.252,0.249,0.243,0.241,0.205,0.161,0.197
0.212,0.217,0.224,0.235,0.248,0.259,0.267,0.271,0.273,0.275,0.274,0.259,0.231,0.198,0.175,0.170,0.183,0.206,0.227,0.242,0.247,0.247,0.245,0.248,0.258,0.269,0.274,0.266,0.248,0.226,0.212,0.209,0.216,0.221,0.220,0.212,0.199,0.184,0.174,0.172,0.176,0.182,0.184,0.178,0.164,0.146,0.129,0.121,0.127,0.148,0.178,0.209,0.234,0.251,0.259,0.264,0.267,0.269,0.270,0.271,0.269,0.262,0.248,0.231,0.219,0.215,0.225,0.242,0.257,0.263,0.259,0.251,0.245,0.205,0.159,0.199
0.228,0.235,0.245,0.258,0.272,0.285,0.292,0.295,0.294,0.292,0.283,0.264,0.233,0.203,0.183,0.180,0.191,0.210,0.228,0.239,0.242,0.242,0.242,0.250,0.266,0.281,0.286,0.276,0.252,0.226,0.208,0.203,0.207,0.210,0.208,0.200,0.186,0.172,0.162,0.160,0.164,0.173,0.181,0.181,0.171,0.152,0.131,0.119,0.123,0.146,0.180,0.214,0.241,0.259,0.266,0.270,0.271,0.271,0.270,0.269,0.267,0.259,0.245,0.230,0.222,0.225,0.240,0.259,0.273,0.276,0.268,0.254,0.241,0.198,0.152,0.194
0.255,0.261,0.267,0.277,0.289,0.301,0.307,0.309,0.306,0.300,0.289,0.269,0.240,0.213,0.194,0.189,0.195,0.208,0.220,0.227,0.227,0.226,0.229,0.244,0.267,0.289,0.296,0.284,0.257,0.226,0.202,0.193,0.194,0.197,0.197,0.191,0.180,0.167,0.158,0.156,0.163,0.176,0.189,0.193,0.182,0.160,0.135,0.120,0.126,0.152,0.191,0.228,0.255,0.271,0.276,0.276,0.274,0.272,0.272,0.275,0.277,0.272,0.260,0.248,0.244,0.250,0.265,0.282,0.291,0.288,0.273,0.252,0.234,0.188,0.142,0.185
0.286,0.285,0.284,0.287,0.295,0.303,0.308,0.308,0.305,0.299,0.289,0.274,0.251,0.228,0.211,0.201,0.200,0.206,0.212,0.214,0.211,0.210,0.217,0.237,0.267,0.294,0.304,0.292,0.263,0.228,0.200,0.187,0.188,0.192,0.196,0.194,0.186,0.174,0.166,0.164,0.172,0.187,0.202,0.205,0.192,0.167,0.140,0.126,0.135,0.165,0.205,0.242,0.268,0.282,0.284,0.280,0.275,0.273,0.277,0.286,0.295,0.296,0.289,0.282,0.281,0.287,0.299,0.310,0.311,0.299,0.277,0.251,0.228,0.180,0.135,0.179
0.312,0.301,0.291,0.286,0.288,0.293,0.297,0.297,0.295,0.292,0.288,0.281,0.267,0.250,0.233,0.219,0.211,0.209,0.210,0.207,0.203,0.203,0.212,0.236,0.269,0.297,0.308,0.298,0.269,0.233,0.205,0.193,0.195,0.203,0.211,0.213,0.207,0.197,0.188,0.185,0.192,0.206,0.219,0.219,0.203,0.176,0.150,0.138,0.148,0.177,0.214,0.248,0.272,0.286,0.287,0.282,0.276,0.276,0.286,0.303,0.319,0.327,0.327,0.325,0.326,0.330,0.337,0.339,0.332,0.314,0.288,0.258,0.232,0.181,0.135,0.180
0.325,0.306,0.288,0.277,0.274,0.277,0.281,0.284,0.285,0.287,0.291,0.292,0.287,0.275,0.257,0.239,0.226,0.218,0.214,0.210,0.206,0.206,0.216,0.239,0.270,0.296,0.307,0.298,0.273,0.242,0.218,0.209,0.215,0.225,0.235,0.240,0.238,0.229,0.220,0.216,0.221,0.233,0.243,0.240,0.221,0.193,0.168,0.158,0.165,0.188,0.218,0.247,0.270,0.285,0.287,0.283,0.280,0.284,0.300,0.323,0.345,0.360,0.366,0.368,0.370,0.370,0.370,0.366,0.354,0.335,0.308,0.277,0.248,0.192,0.142,0.192
0.327,0.303,0.281,0.267,0.261,0.263,0.268,0.274,0.279,0.285,0.295,0.303,0.303,0.295,0.278,0.258,0.241,0.230,0.223,0.218,0.214,0.215,0.223,0.241,0.267,0.290,0.301,0.295,0.275,0.252,0.234,0.229,0.235,0.245,0.256,0.262,0.263,0.257,0.250,0.247,0.253,0.264,0.273,0.268,0.248,0.220,0.195,0.183,0.185,0.201,0.224,0.249,0.271,0.286,0.289,0.288,0.289,0.298,0.318,0.344,0.370,0.390,0.401,0.406,0.406,0.401,0.395,0.387,0.374,0.357,0.333,0.305,0.274,0.212,0.156,0.212
0.318,0.295,0.275,0.260,0.252,0.252,0.257,0.265,0.273,0.281,0.292,0.301,0.304,0.298,0.284,0.266,0.250,0.240,0.234,0.229,0.225,0.224,0.227,0.239,0.258,0.278,0.288,0.286,0.274,0.258,0.245,0.240,0.244,0.251,0.260,0.267,0.271,0.271,0.269,0.270,0.277,0.290,0.300,0.297,0.278,0.252,0.227,0.212,0.211,0.222,0.241,0.263,0.283,0.297,0.300,0.300,0.302,0.313,0.334,0.361,0.389,0.413,0.428,0.434,0.431,0.421,0.409,0.396,0.383,0.368,0.350,0.327,0.301,0.234,0.173,0.234
0.298,0.281,0.265,0.251,0.242,0.238,0.241,0.249,0.259,0.269,0.277,0.283,0.284,0.280,0.271,0.259,0.249,0.243,0.241,0.239,0.236,0.233,0.230,0.234,0.245,0.259,0.269,0.271,0.265,0.256,0.246,0.241,0.241,0.242,0.247,0.253,0.258,0.262,0.267,0.274,0.285,0.300,0.313,0.314,0.301,0.279,0.256,0.241,0.237,0.246,0.264,0.286,0.305,0.318,0.318,0.315,0.315,0.323,0.340,0.366,0.395,0.422,0.440,0.447,0.443,0.429,0.411,0.393,0.375,0.359,0.345,0.330,0.313,0.249,0.185,0.249
0.269,0.257,0.247,0.237,0.228,0.221,0.220,0.225,0.236,0.248,0.256,0.259,0.255,0.249,0.243,0.238,0.235,0.237,0.241,0.245,0.247,0.245,0.239,0.235,0.236,0.242,0.247,0.248,0.246,0.243,0.239,0.235,0.232,0.227,0.227,0.228,0.231,0.236,0.244,0.256,0.271,0.287,0.301,0.306,0.300,0.287,0.271,0.259,0.256,0.264,0.281,0.303,0.325,0.340,0.341,0.334,0.326,0.325,0.334,0.354,0.381,0.409,0.432,0.443,0.440,0.423,0.402,0.378,0.355,0.335,0.318,0.308,0.301,0.296,0.298,0.279
0.235,0.226,0.219,0.213,0.208,0.202,0.199,0.200,0.209,0.223,0.235,0.239,0.233,0.224,0.217,0.214,0.217,0.224,0.234,0.244,0.253,0.258,0.256,0.250,0.244,0.239,0.234,0.228,0.224,0.222,0.224,0.227,0.228,0.222,0.216,0.212,0.210,0.210,0.214,0.224,0.239,0.255,0.268,0.272,0.269,0.264,0.259,0.257,0.260,0.269,0.285,0.305,0.329,0.348,0.355,0.351,0.339,0.328,0.323,0.329,0.348,0.374,0.400,0.417,0.419,0.404,0.381,0.354,0.328,0.304,0.284,0.272,0.269,0.274,0.282,0.257
0.208,0.199,0.193,0.187,0.183,0.179,0.176,0.178,0.187,0.201,0.216,0.224,0.220,0.211,0.202,0.200,0.206,0.216,0.228,0.240,0.251,0.262,0.269,0.270,0.266,0.256,0.241,0.225,0.211,0.206,0.210,0.219,0.228,0.227,0.220,0.213,0.206,0.201,0.200,0.203,0.212,0.223,0.231,0.231,0.225,0.222,0.224,0.233,0.247,0.262,0.278,0.296,0.315,0.336,0.347,0.351,0.345,0.332,0.319,0.312,0.316,0.333,0.355,0.375,0.382,0.370,0.348,0.320,0.293,0.268,0.248,0.235,0.234,0.245,0.257,0.230
0.189,0.182,0.176,0.169,0.162,0.155,0.153,0.156,0.167,0.184,0.201,0.211,0.211,0.203,0.195,0.194,0.203,0.216,0.229,0.239,0.247,0.258,0.269,0.279,0.283,0.277,0.260,0.236,0.213,0.201,0.203,0.217,0.232,0.237,0.233,0.224,0.215,0.209,0.205,0.204,0.206,0.210,0.211,0.205,0.194,0.187,0.191,0.207,0.229,0.251,0.269,0.282,0.295,0.310,0.321,0.329,0.331,0.327,0.317,0.307,0.302,0.306,0.319,0.334,0.341,0.332,0.311,0.283,0.254,0.230,0.213,0.203,0.206,0.221,0.237,0.207
0.181,0.176,0.171,0.164,0.153,0.141,0.134,0.136,0.149,0.168,0.188,0.201,0.202,0.196,0.189,0.191,0.203,0.220,0.234,0.241,0.243,0.247,0.256,0.269,0.280,0.282,0.269,0.245,0.220,0.204,0.205,0.220,0.239,0.249,0.247,0.237,0.225,0.218,0.216,0.216,0.217,0.216,0.211,0.200,0.185,0.176,0.180,0.197,0.223,0.247,0.263,0.272,0.278,0.284,0.289,0.297,0.305,0.310,0.311,0.307,0.302,0.300,0.303,0.310,0.312,0.303,0.282,0.255,0.226,0.201,0.186,0.180,0.187,0.207,0.225,0.194
0.182,0.178,0.174,0.167,0.154,0.139,0.127,0.125,0.136,0.157,0.180,0.194,0.196,0.189,0.184,0.188,0.203,0.224,0.240,0.245,0.240,0.235,0.234,0.242,0.254,0.262,0.257,0.240,0.219,0.206,0.208,0.225,0.247,0.260,0.258,0.244,0.229,0.219,0.218,0.222,0.226,0.226,0.220,0.207,0.193,0.184,0.187,0.203,0.226,0.249,0.263,0.269,0.269,0.268,0.266,0.269,0.277,0.289,0.300,0.306,0.307,0.304,0.301,0.300,0.297,0.287,0.268,0.241,0.213,0.188,0.172,0.168,0.178,0.201,0.220,0.188
0.191,0.186,0.182,0.175,0.163,0.145,0.130,0.125,0.134,0.155,0.178,0.193,0.195,0.188,0.183,0.188,0.206,0.229,0.247,0.251,0.241,0.226,0.214,0.212,0.219,0.227,0.227,0.218,0.207,0.201,0.208,0.228,0.252,0.266,0.263,0.247,0.227,0.213,0.212,0.219,0.227,0.231,0.228,0.218,0.205,0.197,0.199,0.212,0.231,0.250,0.262,0.267,0.266,0.262,0.256,0.254,0.259,0.272,0.290,0.304,0.310,0.308,0.301,0.293,0.287,0.276,0.260,0.236,0.209,0.183,0.167,0.164,0.175,0.200,0.220,0.186
0.202,0.195,0.190,0.183,0.171,0.156,0.142,0.136,0.143,0.161,0.184,0.199,0.199,0.191,0.186,0.192,0.213,0.239,0.259,0.262,0.248,0.226,0.205,0.194,0.194,0.197,0.198,0.194,0.190,0.192,0.206,0.229,0.255,0.268,0.265,0.247,0.224,0.208,0.205,0.213,0.225,0.235,0.236,0.229,0.217,0.209,0.208,0.216,0.230,0.245,0.256,0.263,0.264,0.262,0.254,0.249,0.252,0.265,0.285,0.302,0.310,0.306,0.296,0.285,0.276,0.267,0.253,0.232,0.205,0.179,0.161,0.157,0.169,0.195,0.216,0.180
0.211,0.201,0.194,0.187,0.178,0.167,0.157,0.153,0.160,0.177,0.197,0.210,0.208,0.199,0.193,0.202,0.226,0.256,0.277,0.279,0.263,0.238,0.213,0.196,0.189,0.187,0.185,0.182,0.181,0.189,0.207,0.234,0.260,0.272,0.268,0.250,0.228,0.212,0.209,0.217,0.230,0.242,0.248,0.243,0.231,0.220,0.214,0.216,0.225,0.238,0.249,0.257,0.262,0.261,0.255,0.250,0.252,0.266,0.287,0.305,0.312,0.306,0.293,0.281,0.273,0.264,0.251,0.229,0.200,0.172,0.151,0.145,0.156,0.183,0.205,0.167
0.217,0.205,0.196,0.189,0.183,0.177,0.173,0.174,0.183,0.200,0.218,0.227,0.221,0.209,0.204,0.217,0.246,0.280,0.302,0.304,0.288,0.262,0.235,0.215,0.205,0.199,0.194,0.189,0.188,0.197,0.217,0.244,0.269,0.278,0.273,0.257,0.239,0.227,0.225,0.233,0.246,0.258,0.263,0.259,0.245,0.229,0.217,0.215,0.221,0.233,0.245,0.254,0.259,0.260,0.255,0.253,0.259,0.276,0.299,0.317,0.322,0.315,0.303,0.292,0.285,0.275,0.258,0.232,0.198,0.165,0.139,0.129,0.139,0.166,0.189,0.150
0.225,0.209,0.196,0.188,0.184,0.185,0.188,0.196,0.208,0.226,0.242,0.246,0.236,0.221,0.218,0.235,0.270,0.308,0.333,0.336,0.319,0.293,0.264,0.244,0.233,0.226,0.219,0.210,0.206,0.212,0.230,0.255,0.276,0.283,0.278,0.265,0.253,0.247,0.249,0.257,0.268,0.277,0.279,0.271,0.252,0.231,0.216,0.213,0.221,0.234,0.246,0.254,0.259,0.261,0.260,0.262,0.275,0.297,0.323,0.342,0.347,0.341,0.329,0.319,0.309,0.294,0.272,0.239,0.199,0.158,0.127,0.113,0.121,0.148,0.172,0.133
0.234,0.213,0.195,0.183,0.182,0.188,0.199,0.213,0.229,0.248,0.263,0.265,0.250,0.233,0.230,0.250,0.290,0.332,0.360,0.364,0.348,0.320,0.291,0.272,0.262,0.256,0.247,0.234,0.223,0.224,0.237,0.258,0.276,0.282,0.278,0.270,0.264,0.263,0.269,0.278,0.287,0.290,0.287,0.271,0.246,0.222,0.209,0.210,0.222,0.237,0.248,0.255,0.261,0.267,0.271,0.280,0.297,0.323,0.352,0.374,0.382,0.377,0.365,0.351,0.336,0.314,0.285,0.247,0.201,0.154,0.117,0.099,0.104,0.132,0.156,0.118
0.245,0.218,0.194,0.180,0.179,0.189,0.205,0.223,0.243,0.264,0.279,0.279,0.263,0.243,0.238,0.259,0.300,0.345,0.375,0.381,0.365,0.338,0.309,0.290,0.283,0.278,0.267,0.249,0.232,0.226,0.235,0.254,0.271,0.276,0.273,0.267,0.264,0.267,0.276,0.287,0.294,0.293,0.282,0.259,0.229,0.204,0.194,0.201,0.218,0.236,0.247,0.255,0.262,0.273,0.283,0.295,0.314,0.341,0.372,0.399,0.414,0.413,0.400,0.381,0.357,0.328,0.295,0.253,0.205,0.156,0.114,0.092,0.094,0.120,0.143,0.107
0.257,0.227,0.201,0.185,0.184,0.194,0.210,0.230,0.252,0.274,0.290,0.292,0.275,0.255,0.246,0.262,0.299,0.343,0.373,0.381,0.368,0.342,0.315,0.296,0.289,0.285,0.274,0.255,0.235,0.225,0.230,0.248,0.266,0.272,0.269,0.261,0.255,0.257,0.267,0.280,0.288,0.285,0.270,0.242,0.208,0.183,0.174,0.184,0.205,0.225,0.239,0.248,0.258,0.272,0.284,0.298,0.314,0.339,0.371,0.404,0.428,0.435,0.425,0.403,0.373,0.338,0.300,0.258,0.211,0.163,0.122,0.097,0.096,0.118,0.139,0.107
0.268,0.239,0.215,0.200,0.197,0.205,0.221,0.241,0.263,0.286,0.303,0.307,0.293,0.273,0.260,0.266,0.292,0.328,0.356,0.365,0.356,0.336,0.312,0.294,0.285,0.280,0.271,0.255,0.237,0.225,0.228,0.245,0.265,0.274,0.273,0.262,0.250,0.246,0.252,0.264,0.274,0.273,0.259,0.231,0.197,0.170,0.159,0.167,0.186,0.207,0.222,0.232,0.242,0.258,0.272,0.286,0.299,0.319,0.347,0.383,0.416,0.435,0.434,0.415,0.384,0.343,0.302,0.259,0.215,0.172,0.137,0.115,0.113,0.130,0.148,0.120
0.272,0.248,0.228,0.216,0.213,0.219,0.232,0.251,0.275,0.300,0.320,0.327,0.317,0.299,0.282,0.276,0.286,0.306,0.326,0.336,0.333,0.322,0.305,0.290,0.280,0.272,0.263,0.251,0.238,0.228,0.229,0.244,0.265,0.280,0.284,0.275,0.260,0.248,0.245,0.251,0.260,0.262,0.254,0.232,0.203,0.177,0.163,0.163,0.174,0.189,0.202,0.212,0.222,0.236,0.251,0.267,0.280,0.294,0.315,0.346,0.381,0.410,0.423,0.415,0.388,0.347,0.302,0.256,0.214,0.177,0.150,0.134,0.134,0.151,0.167,0.140
0.260,0.244,0.231,0.224,0.223,0.227,0.237,0.253,0.277,0.306,0.331,0.345,0.341,0.326,0.309,0.296,0.290,0.292,0.298,0.301,0.302,0.300,0.294,0.286,0.278,0.268,0.256,0.245,0.234,0.228,0.229,0.240,0.260,0.277,0.288,0.288,0.278,0.263,0.252,0.249,0.251,0.253,0.249,0.234,0.214,0.196,0.184,0.180,0.182,0.187,0.193,0.199,0.205,0.217,0.231,0.247,0.264,0.278,0.293,0.315,0.344,0.374,0.397,0.402,0.387,0.351,0.304,0.254,0.208,0.173,0.150,0.142,0.147,0.165,0.182,0.154
0.239,0.226,0.220,0.220,0.222,0.226,0.232,0.243,0.264,0.294,0.326,0.348,0.352,0.344,0.331,0.319,0.309,0.300,0.290,0.282,0.278,0.278,0.279,0.281,0.278,0.269,0.254,0.239,0.227,0.221,0.223,0.232,0.248,0.263,0.277,0.285,0.283,0.273,0.262,0.253,0.249,0.246,0.241,0.229,0.216,0.207,0.203,0.204,0.205,0.205,0.203,0.201,0.203,0.210,0.219,0.234,0.252,0.269,0.285,0.303,0.324,0.349,0.371,0.384,0.380,0.353,0.310,0.257,0.205,0.163,0.139,0.133,0.142,0.164,0.182,0.152
0.225,0.209,0.205,0.208,0.215,0.220,0.222,0.227,0.241,0.266,0.300,0.329,0.343,0.344,0.338,0.334,0.330,0.322,0.307,0.289,0.275,0.270,0.271,0.275,0.276,0.269,0.253,0.235,0.220,0.213,0.213,0.221,0.233,0.244,0.256,0.265,0.269,0.268,0.262,0.255,0.249,0.243,0.234,0.221,0.209,0.205,0.209,0.218,0.226,0.228,0.224,0.218,0.215,0.219,0.225,0.235,0.249,0.264,0.280,0.298,0.318,0.338,0.358,0.371,0.372,0.352,0.314,0.262,0.204,0.154,0.123,0.114,0.124,0.147,0.165,0.136
0.226,0.205,0.197,0.200,0.208,0.214,0.214,0.213,0.218,0.236,0.266,0.298,0.318,0.327,0.330,0.336,0.344,0.345,0.334,0.313,0.291,0.278,0.272,0.272,0.271,0.263,0.247,0.228,0.212,0.204,0.204,0.209,0.218,0.226,0.234,0.241,0.248,0.251,0.252,0.252,0.250,0.244,0.234,0.219,0.207,0.203,0.210,0.223,0.234,0.240,0.239,0.235,0.234,0.238,0.244,0.251,0.257,0.265,0.276,0.292,0.312,0.333,0.351,0.364,0.365,0.348,0.314,0.263,0.204,0.150,0.112,0.097,0.103,0.124,0.141,0.115
0.230,0.207,0.196,0.199,0.207,0.212,0.211,0.204,0.203,0.214,0.239,0.269,0.292,0.305,0.316,0.331,0.349,0.359,0.355,0.335,0.309,0.290,0.277,0.271,0.265,0.254,0.237,0.218,0.203,0.195,0.193,0.197,0.204,0.209,0.215,0.221,0.228,0.235,0.242,0.248,0.252,0.251,0.242,0.228,0.214,0.209,0.214,0.224,0.234,0.239,0.241,0.242,0.247,0.257,0.266,0.271,0.272,0.271,0.273,0.283,0.302,0.324,0.344,0.357,0.358,0.340,0.307,0.258,0.201,0.147,0.107,0.088,0.090,0.107,0.121,0.100
0.225,0.204,0.195,0.199,0.207,0.213,0.210,0.201,0.196,0.204,0.227,0.255,0.277,0.292,0.306,0.324,0.347,0.362,0.361,0.343,0.316,0.294,0.277,0.267,0.259,0.248,0.231,0.212,0.196,0.186,0.182,0.184,0.190,0.196,0.201,0.207,0.213,0.222,0.234,0.247,0.257,0.259,0.252,0.238,0.225,0.219,0.220,0.225,0.230,0.232,0.233,0.238,0.250,0.268,0.281,0.287,0.284,0.276,0.271,0.277,0.292,0.314,0.335,0.348,0.347,0.327,0.292,0.245,0.193,0.143,0.106,0.088,0.087,0.100,0.113,0.094
0.209,0.195,0.191,0.198,0.207,0.212,0.208,0.199,0.196,0.207,0.231,0.258,0.277,0.289,0.301,0.318,0.339,0.354,0.353,0.335,0.310,0.288,0.271,0.262,0.256,0.248,0.234,0.216,0.197,0.182,0.173,0.174,0.181,0.188,0.193,0.197,0.203,0.214,0.230,0.247,0.260,0.262,0.256,0.243,0.230,0.225,0.225,0.226,0.226,0.225,0.226,0.234,0.250,0.272,0.287,0.293,0.288,0.278,0.271,0.275,0.289,0.308,0.327,0.337,0.332,0.309,0.274,0.231,0.184,0.141,0.109,0.092,0.092,0.104,0.116,0.096
0.196,0.189,0.191,0.200,0.208,0.210,0.206,0.201,0.204,0.222,0.250,0.275,0.288,0.294,0.299,0.311,0.326,0.336,0.334,0.318,0.296,0.276,0.262,0.257,0.258,0.257,0.248,0.229,0.205,0.184,0.172,0.173,0.182,0.190,0.195,0.197,0.202,0.214,0.232,0.250,0.260,0.260,0.252,0.241,0.232,0.230,0.230,0.230,0.228,0.225,0.226,0.235,0.252,0.274,0.288,0.292,0.288,0.280,0.276,0.281,0.293,0.309,0.322,0.325,0.315,0.291,0.259,0.222,0.183,0.145,0.117,0.102,0.103,0.116,0.129,0.106
0.200,0.197,0.201,0.208,0.214,0.215,0.212,0.214,0.226,0.250,0.279,0.300,0.304,0.299,0.296,0.299,0.307,0.313,0.310,0.296,0.277,0.261,0.252,0.256,0.267,0.275,0.269,0.248,0.218,0.193,0.181,0.186,0.198,0.206,0.209,0.210,0.215,0.227,0.243,0.258,0.263,0.260,0.252,0.244,0.240,0.239,0.240,0.238,0.235,0.232,0.233,0.242,0.259,0.278,0.290,0.295,0.293,0.289,0.289,0.294,0.303,0.313,0.318,0.315,0.303,0.282,0.258,0.230,0.198,0.165,0.137,0.123,0.123,0.137,0.151,0.125
0.221,0.217,0.218,0.223,0.228,0.231,0.234,0.242,0.261,0.287,0.313,0.326,0.320,0.305,0.291,0.285,0.286,0.287,0.283,0.272,0.256,0.247,0.247,0.261,0.283,0.297,0.292,0.266,0.233,0.208,0.200,0.210,0.226,0.235,0.237,0.236,0.240,0.250,0.263,0.274,0.276,0.272,0.265,0.259,0.254,0.251,0.249,0.246,0.244,0.244,0.247,0.257,0.273,0.290,0.299,0.303,0.304,0.304,0.305,0.309,0.315,0.318,0.317,0.312,0.303,0.291,0.278,0.259,0.231,0.200,0.171,0.154,0.152,0.164,0.177,0.151
0.248,0.240,0.238,0.243,0.251,0.259,0.268,0.280,0.299,0.323,0.343,0.348,0.333,0.309,0.286,0.271,0.266,0.264,0.260,0.252,0.242,0.240,0.249,0.272,0.300,0.317,0.310,0.283,0.249,0.226,0.225,0.240,0.260,0.270,0.271,0.269,0.271,0.278,0.288,0.296,0.297,0.292,0.284,0.274,0.264,0.255,0.250,0.249,0.252,0.259,0.268,0.280,0.294,0.306,0.311,0.314,0.316,0.318,0.322,0.326,0.329,0.329,0.326,0.322,0.320,0.316,0.311,0.298,0.273,0.241,0.209,0.189,0.184,0.192,0.203,0.181
0.272,0.261,0.259,0.266,0.279,0.291,0.302,0.313,0.327,0.344,0.358,0.358,0.338,0.309,0.281,0.261,0.253,0.251,0.249,0.244,0.239,0.241,0.255,0.281,0.311,0.327,0.320,0.292,0.261,0.243,0.246,0.267,0.289,0.300,0.301,0.298,0.296,0.301,0.309,0.315,0.315,0.307,0.295,0.278,0.261,0.247,0.242,0.246,0.259,0.275,0.291,0.305,0.316,0.323,0.322,0.322,0.324,0.330,0.338,0.345,0.349,0.348,0.345,0.343,0.343,0.343,0.341,0.329,0.305,0.273,0.242,0.221,0.215,0.220,0.227,0.211
0.292,0.281,0.280,0.289,0.304,0.317,0.326,0.330,0.335,0.344,0.352,0.350,0.331,0.303,0.275,0.258,0.251,0.251,0.252,0.248,0.243,0.245,0.256,0.281,0.309,0.324,0.317,0.292,0.264,0.250,0.259,0.283,0.308,0.321,0.321,0.316,0.311,0.312,0.317,0.322,0.320,0.310,0.293,0.270,0.246,0.230,0.228,0.240,0.262,0.288,0.309,0.324,0.331,0.333,0.328,0.326,0.330,0.339,0.352,0.363,0.370,0.370,0.366,0.362,0.361,0.357,0.352,0.338,0.316,0.287,0.261,0.245,0.241,0.244,0.249,0.236
0.309,0.298,0.297,0.305,0.318,0.327,0.329,0.324,0.319,0.320,0.325,0.325,0.311,0.291,0.271,0.260,0.259,0.262,0.263,0.257,0.248,0.244,0.251,0.271,0.295,0.309,0.303,0.280,0.256,0.247,0.260,0.288,0.317,0.331,0.331,0.322,0.313,0.309,0.311,0.314,0.311,0.299,0.280,0.254,0.228,0.213,0.214,0.232,0.261,0.292,0.315,0.329,0.334,0.334,0.329,0.328,0.334,0.346,0.362,0.376,0.384,0.384,0.379,0.372,0.364,0.353,0.341,0.326,0.306,0.284,0.267,0.258,0.257,0.260,0.264,0.253
0.321,0.309,0.304,0.307,0.314,0.316,0.310,0.295,0.283,0.280,0.285,0.291,0.286,0.277,0.267,0.265,0.269,0.275,0.275,0.265,0.251,0.241,0.242,0.256,0.277,0.288,0.281,0.262,0.243,0.239,0.256,0.287,0.318,0.332,0.330,0.316,0.302,0.293,0.292,0.293,0.291,0.281,0.263,0.239,0.214,0.202,0.206,0.226,0.257,0.287,0.309,0.322,0.327,0.329,0.327,0.330,0.339,0.352,0.367,0.379,0.387,0.387,0.381,0.370,0.355,0.337,0.320,0.304,0.287,0.271,0.260,0.257,0.260,0.265,0.269,0.256
0.325,0.307,0.296,0.293,0.292,0.288,0.275,0.257,0.242,0.240,0.249,0.260,0.263,0.262,0.261,0.265,0.274,0.281,0.281,0.269,0.251,0.238,0.235,0.244,0.260,0.268,0.263,0.248,0.234,0.234,0.253,0.284,0.313,0.323,0.316,0.297,0.278,0.265,0.263,0.266,0.267,0.262,0.249,0.228,0.209,0.200,0.205,0.225,0.251,0.277,0.297,0.309,0.317,0.323,0.326,0.333,0.342,0.353,0.365,0.374,0.380,0.380,0.373,0.360,0.342,0.321,0.301,0.284,0.267,0.252,0.243,0.242,0.248,0.256,0.263,0.247
0.315,0.291,0.275,0.267,0.264,0.259,0.246,0.229,0.218,0.219,0.229,0.240,0.244,0.244,0.246,0.254,0.266,0.277,0.278,0.268,0.251,0.236,0.230,0.236,0.249,0.258,0.256,0.246,0.236,0.237,0.252,0.277,0.298,0.301,0.289,0.267,0.245,0.232,0.231,0.237,0.244,0.245,0.238,0.224,0.210,0.204,0.209,0.224,0.245,0.267,0.286,0.300,0.312,0.322,0.328,0.333,0.340,0.346,0.353,0.360,0.365,0.365,0.358,0.345,0.328,0.307,0.288,0.268,0.248,0.229,0.216,0.215,0.223,0.236,0.246,0.226
0.296,0.269,0.252,0.247,0.247,0.245,0.238,0.227,0.220,0.220,0.226,0.229,0.225,0.220,0.220,0.229,0.246,0.263,0.270,0.263,0.248,0.234,0.226,0.232,0.246,0.259,0.262,0.255,0.245,0.240,0.246,0.259,0.271,0.270,0.256,0.235,0.216,0.205,0.206,0.216,0.227,0.233,0.232,0.224,0.215,0.211,0.214,0.224,0.240,0.260,0.282,0.301,0.316,0.326,0.328,0.328,0.327,0.328,0.331,0.336,0.340,0.340,0.335,0.325,0.312,0.294,0.274,0.250,0.223,0.199,0.183,0.180,0.189,0.207,0.221,0.197
0.281,0.256,0.244,0.244,0.251,0.256,0.254,0.247,0.239,0.233,0.228,0.218,0.203,0.191,0.187,0.198,0.221,0.244,0.256,0.254,0.241,0.228,0.223,0.231,0.250,0.268,0.275,0.268,0.251,0.235,0.228,0.232,0.239,0.238,0.230,0.216,0.201,0.192,0.194,0.205,0.219,0.228,0.231,0.227,0.220,0.216,0.216,0.222,0.237,0.259,0.284,0.307,0.323,0.330,0.324,0.313,0.304,0.299,0.300,0.304,0.308,0.309,0.307,0.302,0.293,0.277,0.255,0.227,0.196,0.167,0.148,0.143,0.153,0.175,0.193,0.164
0.280,0.260,0.254,0.260,0.272,0.281,0.281,0.274,0.261,0.246,0.229,0.208,0.183,0.164,0.158,0.170,0.196,0.223,0.240,0.241,0.230,0.221,0.219,0.232,0.255,0.276,0.285,0.275,0.251,0.224,0.207,0.204,0.212,0.218,0.220,0.214,0.204,0.196,0.197,0.206,0.218,0.227,0.232,0.230,0.224,0.218,0.215,0.219,0.233,0.258,0.287,0.312,0.327,0.328,0.314,0.294,0.277,0.267,0.266,0.271,0.278,0.283,0.286,0.285,0.278,0.262,0.239,0.209,0.175,0.143,0.122,0.114,0.123,0.147,0.166,0.135
0.289,0.276,0.275,0.285,0.299,0.310,0.309,0.297,0.278,0.254,0.229,0.201,0.171,0.148,0.140,0.151,0.176,0.204,0.222,0.226,0.219,0.213,0.215,0.230,0.254,0.276,0.284,0.273,0.246,0.215,0.193,0.188,0.197,0.210,0.221,0.223,0.219,0.212,0.210,0.215,0.223,0.230,0.233,0.230,0.223,0.215,0.209,0.212,0.227,0.252,0.283,0.308,0.322,0.321,0.302,0.277,0.255,0.242,0.242,0.250,0.262,0.274,0.282,0.284,0.278,0.260,0.235,0.203,0.168,0.136,0.112,0.101,0.107,0.129,0.148,0.117
0.299,0.293,0.295,0.306,0.322,0.332,0.330,0.315,0.290,0.262,0.233,0.202,0.170,0.146,0.136,0.144,0.166,0.191,0.209,0.215,0.211,0.208,0.211,0.224,0.246,0.266,0.273,0.264,0.239,0.211,0.190,0.185,0.194,0.209,0.225,0.233,0.234,0.230,0.228,0.229,0.232,0.234,0.232,0.225,0.215,0.206,0.200,0.202,0.216,0.240,0.269,0.295,0.309,0.310,0.292,0.266,0.243,0.230,0.231,0.244,0.264,0.283,0.297,0.302,0.295,0.275,0.247,0.213,0.177,0.143,0.118,0.105,0.107,0.126,0.143,0.114
0.302,0.300,0.304,0.316,0.331,0.340,0.339,0.324,0.300,0.272,0.243,0.212,0.181,0.158,0.148,0.152,0.167,0.187,0.203,0.210,0.210,0.209,0.211,0.220,0.237,0.252,0.258,0.250,0.232,0.212,0.196,0.192,0.199,0.211,0.225,0.235,0.240,0.240,0.240,0.240,0.239,0.235,0.227,0.215,0.202,0.191,0.186,0.188,0.201,0.223,0.250,0.274,0.290,0.295,0.283,0.262,0.241,0.229,0.232,0.249,0.274,0.300,0.320,0.329,0.324,0.302,0.270,0.233,0.195,0.160,0.135,0.122,0.123,0.138,0.152,0.127
0.298,0.297,0.302,0.312,0.325,0.334,0.334,0.323,0.305,0.282,0.258,0.230,0.203,0.183,0.173,0.175,0.184,0.197,0.207,0.214,0.215,0.216,0.216,0.221,0.231,0.241,0.245,0.238,0.225,0.212,0.203,0.202,0.207,0.212,0.220,0.228,0.234,0.239,0.241,0.241,0.238,0.230,0.218,0.202,0.186,0.175,0.171,0.175,0.187,0.207,0.231,0.253,0.270,0.279,0.274,0.261,0.245,0.235,0.237,0.254,0.282,0.312,0.338,0.352,0.349,0.329,0.297,0.258,0.218,0.182,0.157,0.145,0.147,0.160,0.171,0.150
0.294,0.292,0.295,0.303,0.313,0.320,0.321,0.315,0.304,0.291,0.275,0.255,0.232,0.216,0.208,0.209,0.214,0.219,0.221,0.222,0.221,0.222,0.222,0.225,0.231,0.236,0.236,0.229,0.219,0.210,0.207,0.208,0.211,0.211,0.212,0.216,0.221,0.226,0.231,0.232,0.228,0.218,0.205,0.188,0.171,0.161,0.158,0.164,0.177,0.197,0.218,0.237,0.254,0.265,0.266,0.259,0.249,0.240,0.241,0.257,0.283,0.314,0.341,0.358,0.360,0.344,0.315,0.278,0.239,0.204,0.179,0.168,0.170,0.181,0.191,0.171
0.293,0.290,0.291,0.296,0.303,0.308,0.309,0.306,0.302,0.298,0.293,0.281,0.264,0.251,0.245,0.246,0.249,0.248,0.243,0.235,0.228,0.226,0.226,0.229,0.233,0.235,0.232,0.224,0.214,0.207,0.206,0.208,0.209,0.205,0.201,0.200,0.203,0.209,0.215,0.218,0.213,0.203,0.190,0.175,0.161,0.152,0.151,0.158,0.173,0.192,0.212,0.231,0.246,0.257,0.259,0.255,0.247,0.240,0.241,0.254,0.279,0.308,0.333,0.349,0.353,0.341,0.317,0.285,0.249,0.217,0.194,0.182,0.183,0.191,0.200,0.182
0.295,0.290,0.290,0.294,0.299,0.302,0.302,0.301,0.302,0.305,0.308,0.304,0.291,0.280,0.274,0.275,0.278,0.276,0.266,0.251,0.238,0.231,0.230,0.234,0.238,0.239,0.233,0.223,0.212,0.204,0.203,0.205,0.204,0.197,0.188,0.184,0.186,0.192,0.200,0.203,0.199,0.190,0.177,0.163,0.151,0.146,0.148,0.156,0.172,0.192,0.214,0.233,0.247,0.257,0.257,0.252,0.243,0.236,0.237,0.248,0.271,0.298,0.321,0.334,0.335,0.323,0.302,0.274,0.244,0.217,0.197,0.187,0.185,0.190,0.197,0.182
0.296,0.290,0.290,0.294,0.298,0.301,0.300,0.299,0.302,0.309,0.317,0.318,0.309,0.297,0.289,0.288,0.291,0.291,0.282,0.266,0.249,0.239,0.237,0.241,0.247,0.247,0.238,0.224,0.210,0.202,0.200,0.203,0.202,0.193,0.182,0.174,0.175,0.181,0.190,0.194,0.191,0.180,0.167,0.152,0.141,0.137,0.143,0.155,0.174,0.196,0.220,0.241,0.256,0.265,0.264,0.256,0.245,0.236,0.235,0.244,0.264,0.289,0.309,0.318,0.316,0.301,0.279,0.252,0.225,0.203,0.189,0.181,0.181,0.185,0.190,0.178
0.300,0.291,0.289,0.292,0.298,0.301,0.301,0.300,0.303,0.311,0.320,0.322,0.312,0.297,0.286,0.282,0.286,0.290,0.286,0.273,0.258,0.248,0.246,0.251,0.258,0.257,0.245,0.226,0.207,0.196,0.196,0.202,0.206,0.200,0.189,0.180,0.177,0.182,0.190,0.194,0.190,0.178,0.161,0.142,0.129,0.126,0.134,0.151,0.175,0.202,0.229,0.252,0.270,0.280,0.279,0.270,0.258,0.248,0.243,0.249,0.264,0.283,0.299,0.306,0.299,0.280,0.254,0.225,0.199,0.180,0.172,0.171,0.175,0.182,0.188,0.176
0.309,0.297,0.292,0.293,0.298,0.301,0.301,0.300,0.302,0.308,0.315,0.315,0.301,0.283,0.268,0.263,0.268,0.277,0.280,0.274,0.263,0.255,0.254,0.261,0.268,0.266,0.251,0.225,0.200,0.187,0.188,0.200,0.213,0.215,0.210,0.201,0.196,0.197,0.201,0.203,0.197,0.182,0.161,0.137,0.119,0.114,0.124,0.147,0.177,0.209,0.239,0.265,0.286,0.299,0.300,0.293,0.282,0.270,0.263,0.264,0.272,0.286,0.297,0.299,0.288,0.265,0.235,0.204,0.177,0.160,0.155,0.161,0.174,0.187,0.195,0.179
0.323,0.310,0.302,0.299,0.300,0.301,0.301,0.299,0.300,0.304,0.306,0.300,0.282,0.259,0.243,0.240,0.249,0.264,0.273,0.273,0.266,0.262,0.263,0.271,0.279,0.275,0.256,0.225,0.193,0.175,0.178,0.196,0.219,0.233,0.236,0.230,0.223,0.220,0.220,0.219,0.210,0.192,0.167,0.139,0.117,0.110,0.121,0.147,0.181,0.216,0.249,0.278,0.303,0.321,0.325,0.320,0.310,0.299,0.289,0.286,0.288,0.296,0.302,0.300,0.287,0.260,0.228,0.196,0.170,0.154,0.151,0.161,0.179,0.198,0.210,0.189
0.341,0.327,0.315,0.308,0.303,0.300,0.298,0.296,0.297,0.298,0.296,0.284,0.260,0.235,0.220,0.222,0.237,0.257,0.270,0.272,0.269,0.268,0.271,0.280,0.288,0.284,0.262,0.226,0.190,0.168,0.171,0.194,0.226,0.249,0.258,0.255,0.247,0.242,0.239,0.236,0.226,0.206,0.179,0.148,0.123,0.114,0.125,0.152,0.188,0.225,0.260,0.292,0.320,0.341,0.349,0.346,0.336,0.325,0.314,0.308,0.308,0.311,0.313,0.309,0.293,0.267,0.236,0.208,0.184,0.168,0.164,0.173,0.191,0.212,0.224,0.202
0.360,0.344,0.327,0.313,0.303,0.296,0.292,0.292,0.293,0.294,0.289,0.272,0.244,0.218,0.206,0.213,0.233,0.256,0.270,0.273,0.270,0.271,0.276,0.286,0.294,0.289,0.265,0.226,0.188,0.167,0.171,0.198,0.234,0.261,0.272,0.270,0.261,0.254,0.251,0.248,0.239,0.220,0.192,0.161,0.134,0.124,0.133,0.160,0.195,0.232,0.267,0.301,0.332,0.355,0.364,0.362,0.353,0.343,0.334,0.328,0.326,0.327,0.325,0.319,0.304,0.280,0.255,0.232,0.211,0.194,0.185,0.188,0.203,0.222,0.233,0.212
0.377,0.356,0.333,0.311,0.296,0.286,0.282,0.283,0.287,0.289,0.284,0.265,0.236,0.210,0.200,0.210,0.233,0.257,0.270,0.271,0.268,0.270,0.277,0.288,0.296,0.289,0.262,0.223,0.186,0.168,0.176,0.206,0.243,0.270,0.280,0.275,0.264,0.257,0.255,0.254,0.247,0.230,0.204,0.173,0.147,0.136,0.143,0.166,0.197,0.231,0.265,0.300,0.331,0.355,0.363,0.361,0.354,0.347,0.343,0.341,0.340,0.339,0.335,0.326,0.311,0.291,0.272,0.253,0.234,0.214,0.199,0.196,0.206,0.222,0.233,0.212
0.384,0.360,0.330,0.302,0.282,0.271,0.268,0.270,0.275,0.279,0.275,0.258,0.230,0.206,0.198,0.209,0.233,0.256,0.267,0.267,0.264,0.266,0.274,0.286,0.292,0.282,0.255,0.217,0.184,0.171,0.183,0.215,0.251,0.275,0.281,0.273,0.261,0.252,0.251,0.252,0.247,0.234,0.212,0.185,0.160,0.148,0.151,0.167,0.191,0.219,0.249,0.282,0.312,0.335,0.343,0.341,0.337,0.336,0.339,0.344,0.347,0.347,0.342,0.331,0.315,0.296,0.278,0.261,0.240,0.216,0.195,0.187,0.195,0.212,0.225,0.202
0.381,0.356,0.324,0.294,0.271,0.258,0.253,0.254,0.258,0.262,0.261,0.247,0.223,0.203,0.197,0.209,0.232,0.254,0.264,0.263,0.258,0.260,0.267,0.278,0.282,0.272,0.246,0.213,0.186,0.179,0.193,0.222,0.255,0.274,0.277,0.266,0.252,0.243,0.241,0.243,0.241,0.233,0.216,0.192,0.170,0.157,0.155,0.163,0.177,0.196,0.221,0.250,0.280,0.303,0.311,0.311,0.311,0.315,0.326,0.338,0.349,0.352,0.348,0.336,0.318,0.297,0.275,0.253,0.227,0.198,0.175,0.166,0.174,0.195,0.211,0.184
0.370,0.350,0.321,0.294,0.271,0.256,0.246,0.241,0.240,0.242,0.241,0.231,0.213,0.198,0.195,0.209,0.234,0.256,0.267,0.264,0.257,0.254,0.257,0.264,0.268,0.261,0.240,0.215,0.195,0.190,0.203,0.227,0.253,0.267,0.267,0.256,0.242,0.232,0.229,0.231,0.231,0.225,0.212,0.193,0.172,0.158,0.152,0.152,0.158,0.170,0.190,0.217,0.246,0.270,0.282,0.286,0.291,0.301,0.317,0.336,0.351,0.358,0.354,0.342,0.323,0.296,0.268,0.238,0.206,0.174,0.151,0.143,0.154,0.180,0.199,0.168
0.355,0.345,0.325,0.303,0.282,0.263,0.246,0.233,0.225,0.222,0.221,0.215,0.202,0.192,0.194,0.212,0.241,0.267,0.278,0.272,0.258,0.246,0.241,0.245,0.249,0.247,0.234,0.217,0.204,0.201,0.209,0.227,0.247,0.258,0.257,0.247,0.233,0.223,0.219,0.219,0.219,0.214,0.202,0.185,0.165,0.151,0.143,0.140,0.143,0.152,0.170,0.195,0.224,0.251,0.267,0.277,0.287,0.301,0.321,0.342,0.359,0.366,0.362,0.349,0.328,0.298,0.264,0.228,0.191,0.158,0.135,0.129,0.142,0.170,0.191,0.158
0.342,0.341,0.330,0.313,0.293,0.269,0.246,0.224,0.211,0.205,0.205,0.202,0.193,0.186,0.192,0.214,0.248,0.278,0.291,0.282,0.258,0.235,0.221,0.219,0.224,0.226,0.223,0.214,0.207,0.205,0.211,0.226,0.244,0.253,0.252,0.241,0.227,0.217,0.214,0.213,0.212,0.205,0.193,0.175,0.156,0.142,0.135,0.134,0.139,0.150,0.168,0.193,0.221,0.248,0.267,0.281,0.295,0.313,0.334,0.355,0.370,0.374,0.369,0.356,0.335,0.305,0.269,0.230,0.191,0.157,0.134,0.127,0.139,0.165,0.187,0.154
0.331,0.337,0.331,0.316,0.294,0.266,0.237,0.212,0.197,0.193,0.196,0.195,0.187,0.180,0.185,0.209,0.246,0.280,0.294,0.283,0.253,0.220,0.197,0.189,0.193,0.200,0.204,0.203,0.202,0.204,0.213,0.229,0.247,0.256,0.253,0.241,0.226,0.217,0.214,0.215,0.213,0.205,0.191,0.173,0.155,0.142,0.138,0.141,0.151,0.166,0.185,0.206,0.230,0.254,0.271,0.286,0.303,0.322,0.344,0.363,0.375,0.378,0.373,0.362,0.344,0.316,0.282,0.243,0.203,0.168,0.144,0.135,0.144,0.167,0.187,0.156
0.318,0.328,0.324,0.309,0.285,0.254,0.223,0.197,0.183,0.183,0.190,0.192,0.183,0.173,0.173,0.193,0.229,0.264,0.280,0.271,0.240,0.204,0.175,0.162,0.163,0.172,0.182,0.188,0.194,0.203,0.217,0.238,0.258,0.265,0.259,0.244,0.228,0.219,0.218,0.220,0.219,0.211,0.198,0.181,0.165,0.155,0.153,0.160,0.174,0.193,0.211,0.228,0.243,0.259,0.270,0.283,0.300,0.320,0.341,0.359,0.370,0.373,0.371,0.364,0.351,0.327,0.297,0.260,0.221,0.186,0.161,0.150,0.156,0.175,0.192,0.165
0.303,0.313,0.311,0.296,0.271,0.241,0.209,0.184,0.172,0.174,0.183,0.187,0.179,0.166,0.160,0.172,0.201,0.233,0.252,0.247,0.223,0.190,0.160,0.143,0.140,0.148,0.160,0.172,0.184,0.200,0.221,0.245,0.267,0.272,0.264,0.245,0.227,0.219,0.219,0.223,0.224,0.218,0.207,0.193,0.179,0.172,0.173,0.182,0.198,0.216,0.233,0.245,0.253,0.259,0.263,0.271,0.285,0.303,0.324,0.342,0.354,0.360,0.361,0.360,0.352,0.333,0.307,0.274,0.238,0.203,0.178,0.166,0.170,0.185,0.201,0.176
0.290,0.298,0.296,0.282,0.260,0.232,0.204,0.181,0.168,0.168,0.176,0.182,0.175,0.162,0.151,0.156,0.176,0.202,0.220,0.221,0.205,0.179,0.152,0.134,0.127,0.131,0.140,0.154,0.170,0.190,0.214,0.241,0.263,0.268,0.257,0.237,0.219,0.210,0.212,0.218,0.222,0.219,0.211,0.200,0.189,0.184,0.186,0.195,0.210,0.227,0.242,0.250,0.252,0.253,0.251,0.254,0.263,0.278,0.296,0.314,0.329,0.338,0.343,0.344,0.340,0.326,0.305,0.277,0.244,0.211,0.185,0.172,0.175,0.190,0.205,0.181
0.284,0.288,0.285,0.273,0.254,0.231,0.208,0.189,0.176,0.173,0.177,0.181,0.176,0.165,0.154,0.154,0.167,0.188,0.203,0.206,0.196,0.177,0.155,0.138,0.128,0.125,0.129,0.139,0.153,0.172,0.197,0.223,0.244,0.249,0.239,0.220,0.202,0.195,0.200,0.209,0.216,0.216,0.211,0.201,0.190,0.184,0.186,0.195,0.210,0.225,0.237,0.241,0.241,0.239,0.235,0.235,0.240,0.251,0.266,0.283,0.300,0.311,0.317,0.319,0.315,0.304,0.287,0.264,0.234,0.203,0.177,0.163,0.166,0.182,0.197,0.172
0.283,0.284,0.279,0.267,0.251,0.233,0.216,0.201,0.191,0.186,0.188,0.191,0.187,0.179,0.170,0.168,0.179,0.195,0.208,0.211,0.203,0.188,0.170,0.154,0.143,0.135,0.132,0.135,0.143,0.159,0.180,0.203,0.221,0.226,0.218,0.202,0.187,0.182,0.189,0.202,0.214,0.218,0.214,0.203,0.189,0.179,0.178,0.186,0.201,0.216,0.226,0.229,0.227,0.224,0.221,0.221,0.225,0.231,0.242,0.257,0.273,0.286,0.291,0.290,0.283,0.272,0.258,0.238,0.211,0.182,0.156,0.142,0.145,0.163,0.180,0.153
0.281,0.281,0.276,0.264,0.249,0.233,0.219,0.208,0.200,0.197,0.201,0.205,0.205,0.200,0.192,0.191,0.200,0.215,0.228,0.230,0.222,0.208,0.192,0.177,0.166,0.157,0.150,0.145,0.147,0.156,0.171,0.189,0.205,0.211,0.206,0.194,0.182,0.179,0.188,0.204,0.219,0.226,0.222,0.209,0.191,0.176,0.170,0.176,0.191,0.207,0.217,0.220,0.218,0.216,0.214,0.215,0.218,0.222,0.229,0.240,0.255,0.267,0.271,0.266,0.255,0.241,0.227,0.209,0.185,0.157,0.132,0.120,0.125,0.146,0.164,0.135
0.275,0.278,0.273,0.260,0.244,0.228,0.213,0.202,0.195,0.195,0.203,0.213,0.218,0.216,0.210,0.208,0.217,0.233,0.247,0.251,0.242,0.227,0.211,0.199,0.191,0.184,0.175,0.166,0.160,0.161,0.168,0.182,0.196,0.204,0.204,0.196,0.187,0.186,0.196,0.213,0.228,0.234,0.228,0.211,0.190,0.173,0.165,0.170,0.185,0.201,0.212,0.215,0.214,0.214,0.214,0.215,0.216,0.217,0.221,0.230,0.243,0.255,0.258,0.252,0.238,0.221,0.205,0.188,0.165,0.140,0.118,0.108,0.116,0.140,0.159,0.131
0.272,0.278,0.272,0.258,0.238,0.218,0.200,0.186,0.178,0.180,0.192,0.207,0.218,0.219,0.215,0.214,0.224,0.242,0.259,0.264,0.255,0.240,0.226,0.218,0.215,0.211,0.202,0.189,0.176,0.167,0.166,0.174,0.189,0.200,0.205,0.201,0.195,0.195,0.205,0.220,0.232,0.232,0.220,0.199,0.178,0.163,0.159,0.166,0.181,0.197,0.208,0.212,0.213,0.214,0.214,0.214,0.212,0.209,0.211,0.219,0.233,0.246,0.252,0.247,0.233,0.214,0.196,0.178,0.156,0.133,0.114,0.109,0.121,0.148,0.168,0.142
0.278,0.285,0.278,0.260,0.236,0.210,0.187,0.168,0.158,0.160,0.174,0.193,0.207,0.212,0.210,0.212,0.224,0.246,0.266,0.273,0.265,0.252,0.242,0.240,0.242,0.240,0.230,0.210,0.187,0.169,0.160,0.165,0.180,0.196,0.206,0.205,0.201,0.201,0.209,0.221,0.226,0.218,0.198,0.173,0.153,0.145,0.149,0.162,0.179,0.195,0.205,0.210,0.212,0.214,0.212,0.209,0.202,0.195,0.194,0.203,0.219,0.237,0.248,0.249,0.238,0.220,0.201,0.180,0.156,0.134,0.119,0.118,0.134,0.163,0.183,0.158
0.287,0.296,0.289,0.268,0.240,0.209,0.180,0.157,0.144,0.145,0.159,0.179,0.194,0.200,0.202,0.208,0.224,0.249,0.272,0.281,0.277,0.269,0.265,0.268,0.274,0.271,0.255,0.227,0.195,0.167,0.153,0.157,0.175,0.195,0.209,0.211,0.206,0.205,0.211,0.219,0.217,0.200,0.173,0.145,0.128,0.127,0.140,0.158,0.178,0.194,0.204,0.210,0.212,0.214,0.210,0.202,0.191,0.180,0.176,0.185,0.204,0.226,0.244,0.252,0.247,0.232,0.211,0.187,0.161,0.137,0.123,0.126,0.146,0.177,0.196,0.173
0.290,0.303,0.298,0.279,0.249,0.215,0.182,0.155,0.140,0.139,0.152,0.170,0.184,0.191,0.195,0.205,0.224,0.251,0.274,0.286,0.287,0.286,0.288,0.296,0.302,0.297,0.275,0.240,0.200,0.167,0.150,0.155,0.176,0.200,0.216,0.220,0.215,0.212,0.216,0.219,0.213,0.193,0.163,0.135,0.119,0.120,0.135,0.156,0.178,0.195,0.206,0.213,0.216,0.216,0.210,0.199,0.184,0.170,0.164,0.171,0.190,0.215,0.237,0.250,0.251,0.238,0.218,0.192,0.162,0.136,0.123,0.129,0.152,0.184,0.205,0.180
0.283,0.299,0.300,0.284,0.256,0.222,0.188,0.160,0.144,0.141,0.151,0.166,0.176,0.183,0.189,0.201,0.222,0.247,0.269,0.281,0.286,0.291,0.298,0.308,0.314,0.306,0.282,0.245,0.204,0.171,0.155,0.161,0.184,0.209,0.226,0.231,0.226,0.222,0.222,0.223,0.216,0.197,0.170,0.144,0.127,0.126,0.138,0.158,0.180,0.199,0.212,0.219,0.222,0.222,0.215,0.203,0.187,0.171,0.161,0.163,0.179,0.202,0.225,0.240,0.243,0.232,0.212,0.185,0.156,0.131,0.119,0.127,0.152,0.187,0.208,0.182
0.267,0.285,0.291,0.282,0.258,0.227,0.194,0.167,0.151,0.146,0.151,0.160,0.167,0.173,0.181,0.195,0.215,0.237,0.255,0.266,0.271,0.277,0.284,0.294,0.300,0.294,0.273,0.241,0.206,0.179,0.167,0.174,0.195,0.218,0.234,0.238,0.234,0.228,0.225,0.224,0.218,0.203,0.183,0.161,0.145,0.141,0.148,0.164,0.184,0.204,0.218,0.227,0.230,0.230,0.223,0.212,0.197,0.179,0.165,0.161,0.169,0.186,0.206,0.220,0.223,0.211,0.192,0.168,0.142,0.121,0.112,0.121,0.148,0.184,0.206,0.179
0.246,0.264,0.275,0.272,0.255,0.228,0.199,0.175,0.159,0.151,0.150,0.152,0.154,0.158,0.166,0.182,0.203,0.223,0.239,0.246,0.247,0.248,0.252,0.259,0.266,0.263,0.249,0.227,0.204,0.187,0.182,0.190,0.208,0.225,0.238,0.241,0.236,0.229,0.224,0.219,0.213,0.201,0.186,0.171,0.160,0.156,0.161,0.173,0.189,0.207,0.223,0.233,0.237,0.236,0.231,0.222,0.208,0.189,0.171,0.159,0.158,0.168,0.182,0.194,0.196,0.185,0.166,0.144,0.123,0.108,0.103,0.114,0.141,0.177,0.199,0.171
0.225,0.241,0.256,0.259,0.248,0.227,0.204,0.183,0.168,0.159,0.153,0.147,0.140,0.138,0.145,0.162,0.185,0.208,0.224,0.229,0.226,0.221,0.218,0.221,0.227,0.229,0.222,0.209,0.196,0.191,0.195,0.207,0.222,0.234,0.241,0.241,0.236,0.228,0.220,0.212,0.203,0.190,0.178,0.168,0.163,0.165,0.171,0.180,0.192,0.207,0.221,0.232,0.237,0.239,0.234,0.227,0.215,0.196,0.174,0.156,0.146,0.148,0.157,0.167,0.170,0.160,0.142,0.121,0.103,0.092,0.092,0.105,0.130,0.164,0.187,0.158
0.209,0.221,0.235,0.242,0.238,0.224,0.206,0.190,0.178,0.169,0.161,0.150,0.135,0.125,0.126,0.140,0.166,0.194,0.214,0.222,0.217,0.207,0.197,0.195,0.199,0.203,0.202,0.195,0.189,0.190,0.201,0.218,0.235,0.244,0.247,0.244,0.237,0.228,0.219,0.209,0.198,0.183,0.169,0.159,0.156,0.163,0.173,0.183,0.192,0.202,0.213,0.222,0.230,0.234,0.232,0.228,0.218,0.201,0.178,0.155,0.139,0.134,0.137,0.145,0.148,0.141,0.125,0.105,0.086,0.077,0.080,0.095,0.121,0.153,0.174,0.148
0.204,0.209,0.218,0.225,0.224,0.216,0.204,0.193,0.184,0.177,0.169,0.157,0.140,0.124,0.118,0.127,0.151,0.182,0.209,0.221,0.218,0.206,0.192,0.184,0.184,0.189,0.192,0.189,0.187,0.192,0.206,0.226,0.245,0.253,0.254,0.248,0.239,0.230,0.221,0.212,0.199,0.184,0.168,0.155,0.151,0.158,0.171,0.183,0.191,0.197,0.202,0.209,0.216,0.223,0.226,0.226,0.221,0.207,0.186,0.161,0.142,0.131,0.129,0.132,0.134,0.128,0.114,0.096,0.078,0.069,0.072,0.089,0.117,0.149,0.169,0.144
0.146,0.205,0.208,0.210,0.209,0.204,0.198,0.191,0.186,0.180,0.173,0.163,0.147,0.130,0.120,0.124,0.145,0.176,0.205,0.222,0.222,0.210,0.194,0.184,0.181,0.185,0.187,0.187,0.187,0.193,0.209,0.232,0.252,0.261,0.260,0.252,0.242,0.232,0.224,0.216,0.205,0.190,0.173,0.158,0.152,0.157,0.170,0.184,0.193,0.197,0.197,0.199,0.204,0.212,0.219,0.225,0.226,0.218,0.200,0.177,0.155,0.140,0.133,0.131,0.128,0.120,0.107,0.091,0.077,0.070,0.076,0.095,0.123,0.156,0.175,0.151
0.213,0.206,0.202,0.199,0.197,0.194,0.191,0.189,0.186,0.182,0.175,0.166,0.153,0.139,0.129,0.131,0.148,0.176,0.204,0.221,0.222,0.213,0.199,0.189,0.186,0.188,0.188,0.186,0.185,0.192,0.209,0.233,0.255,0.265,0.265,0.256,0.244,0.233,0.225,0.217,0.207,0.193,0.177,0.162,0.155,0.159,0.173,0.189,0.200,0.203,0.201,0.199,0.201,0.208,0.217,0.228,0.235,0.232,0.218,0.196,0.173,0.154,0.142,0.135,0.127,0.116,0.103,0.089,0.080,0.080,0.091,0.113,0.143,0.175,0.194,0.171
0.216,0.206,0.199,0.196,0.193,0.192,0.191,0.191,0.189,0.184,0.178,0.171,0.161,0.151,0.144,0.145,0.160,0.184,0.208,0.222,0.223,0.216,0.205,0.199,0.198,0.199,0.196,0.190,0.184,0.188,0.203,0.228,0.252,0.264,0.264,0.255,0.242,0.230,0.222,0.214,0.205,0.192,0.176,0.161,0.154,0.159,0.175,0.194,0.208,0.212,0.210,0.206,0.206,0.213,0.223,0.236,0.245,0.246,0.235,0.213,0.188,0.166,0.149,0.137,0.127,0.114,0.101,0.091,0.087,0.095,0.113,0.141,0.173,0.205,0.223,0.200
0.147,0.204,0.199,0.199,0.201,0.201,0.201,0.198,0.194,0.187,0.182,0.178,0.173,0.167,0.164,0.167,0.180,0.201,0.220,0.231,0.230,0.224,0.216,0.213,0.215,0.215,0.209,0.197,0.187,0.186,0.199,0.221,0.245,0.257,0.257,0.246,0.233,0.221,0.213,0.207,0.200,0.187,0.171,0.156,0.149,0.155,0.173,0.195,0.212,0.220,0.220,0.218,0.218,0.224,0.234,0.245,0.254,0.255,0.244,0.224,0.197,0.172,0.152,0.137,0.126,0.113,0.102,0.095,0.096,0.109,0.135,0.168,0.204,0.236,0.253,0.231
0.144,0.202,0.202,0.209,0.216,0.219,0.217,0.210,0.200,0.191,0.188,0.188,0.188,0.187,0.187,0.193,0.206,0.225,0.241,0.247,0.244,0.237,0.230,0.229,0.232,0.230,0.221,0.206,0.192,0.188,0.198,0.218,0.238,0.247,0.244,0.231,0.216,0.206,0.202,0.201,0.197,0.186,0.171,0.154,0.146,0.151,0.168,0.190,0.211,0.224,0.230,0.231,0.233,0.239,0.244,0.251,0.256,0.255,0.245,0.227,0.202,0.176,0.154,0.139,0.127,0.115,0.105,0.099,0.103,0.119,0.148,0.185,0.224,0.258,0.275,0.253
0.143,0.204,0.209,0.221,0.233,0.238,0.235,0.223,0.209,0.199,0.197,0.200,0.204,0.206,0.209,0.218,0.232,0.250,0.263,0.266,0.261,0.252,0.245,0.244,0.244,0.241,0.229,0.212,0.198,0.194,0.203,0.221,0.238,0.241,0.232,0.216,0.201,0.194,0.195,0.200,0.201,0.194,0.179,0.161,0.149,0.150,0.162,0.183,0.205,0.224,0.238,0.245,0.249,0.251,0.250,0.249,0.248,0.245,0.238,0.225,0.205,0.183,0.163,0.147,0.133,0.120,0.108,0.102,0.105,0.121,0.150,0.189,0.230,0.266,0.284,0.261
0.146,0.211,0.219,0.234,0.247,0.253,0.248,0.236,0.222,0.213,0.213,0.216,0.219,0.222,0.226,0.237,0.253,0.270,0.281,0.282,0.274,0.265,0.257,0.254,0.253,0.247,0.234,0.216,0.203,0.201,0.212,0.229,0.243,0.241,0.227,0.208,0.193,0.189,0.196,0.207,0.214,0.211,0.198,0.178,0.161,0.155,0.162,0.179,0.202,0.226,0.246,0.258,0.261,0.257,0.246,0.236,0.231,0.229,0.227,0.221,0.210,0.195,0.178,0.162,0.145,0.128,0.113,0.104,0.105,0.119,0.146,0.184,0.227,0.265,0.284,0.260
0.152,0.221,0.231,0.245,0.256,0.261,0.257,0.248,0.238,0.233,0.233,0.234,0.233,0.232,0.237,0.248,0.266,0.283,0.294,0.293,0.284,0.273,0.265,0.262,0.259,0.252,0.237,0.220,0.208,0.209,0.221,0.239,0.251,0.247,0.230,0.209,0.195,0.193,0.204,0.220,0.231,0.232,0.219,0.199,0.180,0.171,0.173,0.187,0.209,0.235,0.257,0.268,0.267,0.255,0.236,0.220,0.212,0.212,0.215,0.217,0.214,0.206,0.193,0.176,0.157,0.136,0.118,0.108,0.108,0.120,0.145,0.181,0.224,0.263,0.284,0.259
0.159,0.232,0.242,0.253,0.260,0.263,0.260,0.255,0.250,0.249,0.251,0.249,0.243,0.238,0.241,0.253,0.271,0.289,0.299,0.298,0.288,0.278,0.271,0.269,0.266,0.258,0.242,0.225,0.214,0.215,0.228,0.245,0.257,0.253,0.237,0.217,0.204,0.204,0.216,0.234,0.247,0.249,0.239,0.221,0.204,0.196,0.198,0.210,0.230,0.253,0.271,0.277,0.269,0.252,0.229,0.210,0.202,0.203,0.209,0.214,0.215,0.210,0.199,0.183,0.163,0.142,0.126,0.118,0.118,0.128,0.151,0.185,0.227,0.267,0.288,0.263
0.236,0.241,0.249,0.257,0.261,0.261,0.258,0.255,0.255,0.258,0.261,0.258,0.248,0.239,0.240,0.252,0.270,0.287,0.296,0.293,0.283,0.276,0.272,0.273,0.273,0.264,0.248,0.230,0.218,0.218,0.230,0.247,0.259,0.257,0.244,0.227,0.216,0.217,0.230,0.247,0.260,0.262,0.254,0.240,0.228,0.224,0.229,0.242,0.259,0.275,0.285,0.285,0.274,0.257,0.236,0.220,0.212,0.210,0.212,0.213,0.211,0.205,0.195,0.182,0.168,0.152,0.141,0.134,0.135,0.144,0.164,0.195,0.234,0.273,0.296,0.269
0.243,0.248,0.254,0.259,0.262,0.260,0.256,0.253,0.254,0.260,0.263,0.259,0.246,0.236,0.235,0.246,0.263,0.277,0.282,0.278,0.269,0.265,0.267,0.274,0.276,0.269,0.252,0.233,0.220,0.218,0.227,0.243,0.256,0.258,0.249,0.236,0.228,0.232,0.245,0.260,0.270,0.270,0.262,0.252,0.245,0.246,0.254,0.267,0.281,0.290,0.294,0.292,0.284,0.274,0.260,0.248,0.238,0.231,0.224,0.215,0.204,0.195,0.187,0.181,0.175,0.167,0.160,0.154,0.153,0.158,0.174,0.200,0.236,0.275,0.298,0.271
0.253,0.256,0.261,0.265,0.267,0.264,0.258,0.252,0.252,0.256,0.258,0.252,0.238,0.228,0.228,0.239,0.254,0.264,0.264,0.256,0.248,0.248,0.257,0.269,0.275,0.269,0.252,0.231,0.216,0.211,0.218,0.233,0.248,0.253,0.250,0.242,0.240,0.246,0.260,0.273,0.279,0.276,0.266,0.256,0.250,0.252,0.262,0.275,0.286,0.293,0.296,0.297,0.297,0.296,0.290,0.281,0.269,0.253,0.235,0.215,0.196,0.184,0.179,0.180,0.183,0.181,0.176,0.169,0.162,0.162,0.172,0.195,0.228,0.266,0.289,0.261
0.265,0.266,0.270,0.275,0.277,0.272,0.261,0.250,0.245,0.244,0.243,0.235,0.223,0.217,0.221,0.235,0.248,0.253,0.247,0.234,0.227,0.231,0.245,0.260,0.268,0.261,0.243,0.222,0.204,0.198,0.204,0.219,0.235,0.243,0.245,0.244,0.248,0.259,0.273,0.285,0.288,0.280,0.267,0.252,0.243,0.243,0.251,0.263,0.274,0.283,0.291,0.299,0.307,0.313,0.311,0.301,0.285,0.263,0.237,0.209,0.186,0.173,0.172,0.179,0.186,0.187,0.181,0.169,0.157,0.151,0.157,0.177,0.209,0.247,0.271,0.242
0.275,0.274,0.278,0.283,0.282,0.273,0.256,0.238,0.226,0.220,0.217,0.210,0.203,0.204,0.215,0.233,0.246,0.247,0.234,0.218,0.211,0.217,0.233,0.248,0.255,0.248,0.229,0.206,0.187,0.180,0.186,0.201,0.218,0.229,0.236,0.242,0.253,0.268,0.285,0.295,0.296,0.284,0.266,0.244,0.227,0.222,0.227,0.239,0.253,0.267,0.283,0.298,0.311,0.318,0.313,0.300,0.281,0.255,0.227,0.199,0.177,0.165,0.166,0.173,0.181,0.180,0.170,0.155,0.138,0.130,0.135,0.155,0.188,0.225,0.249,0.220
0.274,0.272,0.275,0.279,0.275,0.260,0.236,0.212,0.196,0.187,0.184,0.181,0.181,0.191,0.210,0.231,0.244,0.242,0.226,0.209,0.202,0.209,0.224,0.238,0.244,0.236,0.216,0.192,0.173,0.165,0.171,0.186,0.203,0.215,0.226,0.238,0.254,0.274,0.292,0.303,0.302,0.287,0.262,0.232,0.207,0.195,0.197,0.211,0.230,0.252,0.273,0.292,0.305,0.310,0.301,0.284,0.263,0.239,0.214,0.190,0.172,0.162,0.161,0.166,0.168,0.163,0.150,0.131,0.114,0.105,0.113,0.136,0.170,0.207,0.230,0.202
0.259,0.257,0.259,0.261,0.254,0.235,0.208,0.182,0.164,0.155,0.154,0.157,0.163,0.179,0.203,0.227,0.240,0.238,0.223,0.208,0.203,0.212,0.226,0.239,0.244,0.237,0.217,0.192,0.171,0.161,0.164,0.178,0.194,0.206,0.219,0.233,0.252,0.274,0.295,0.307,0.305,0.288,0.258,0.220,0.188,0.171,0.172,0.188,0.212,0.238,0.262,0.281,0.292,0.293,0.281,0.265,0.245,0.226,0.206,0.188,0.174,0.164,0.159,0.158,0.155,0.145,0.129,0.108,0.091,0.086,0.097,0.123,0.159,0.196,0.217,0.190
0.241,0.238,0.239,0.239,0.231,0.213,0.187,0.162,0.145,0.137,0.138,0.143,0.153,0.171,0.196,0.221,0.236,0.236,0.226,0.217,0.216,0.227,0.242,0.256,0.262,0.256,0.238,0.211,0.185,0.171,0.170,0.179,0.193,0.205,0.216,0.230,0.248,0.269,0.290,0.304,0.304,0.287,0.254,0.213,0.176,0.158,0.159,0.177,0.202,0.227,0.249,0.264,0.273,0.274,0.263,0.249,0.234,0.219,0.206,0.192,0.179,0.168,0.159,0.152,0.144,0.131,0.113,0.092,0.077,0.075,0.090,0.119,0.156,0.192,0.212,0.187
0.232,0.228,0.228,0.227,0.219,0.204,0.183,0.163,0.147,0.138,0.137,0.142,0.150,0.167,0.192,0.217,0.234,0.239,0.235,0.231,0.235,0.249,0.267,0.284,0.292,0.288,0.270,0.241,0.213,0.192,0.185,0.190,0.200,0.209,0.218,0.228,0.241,0.258,0.276,0.291,0.295,0.282,0.252,0.213,0.177,0.160,0.163,0.181,0.203,0.223,0.238,0.250,0.257,0.259,0.252,0.242,0.231,0.221,0.211,0.199,0.187,0.174,0.161,0.150,0.140,0.125,0.107,0.088,0.075,0.076,0.093,0.123,0.161,0.196,0.215,0.191
0.240,0.234,0.232,0.229,0.223,0.212,0.198,0.182,0.168,0.157,0.150,0.148,0.152,0.166,0.189,0.214,0.234,0.243,0.244,0.243,0.250,0.268,0.290,0.310,0.321,0.317,0.299,0.271,0.241,0.218,0.205,0.204,0.210,0.215,0.220,0.225,0.231,0.242,0.256,0.270,0.277,0.270,0.248,0.216,0.186,0.173,0.178,0.196,0.216,0.231,0.240,0.246,0.250,0.253,0.249,0.243,0.236,0.228,0.219,0.209,0.197,0.183,0.168,0.155,0.142,0.126,0.108,0.091,0.081,0.083,0.102,0.134,0.172,0.207,0.226,0.202
0.262,0.254,0.249,0.246,0.241,0.233,0.223,0.212,0.200,0.186,0.172,0.161,0.157,0.164,0.184,0.210,0.232,0.245,0.248,0.249,0.257,0.277,0.301,0.324,0.338,0.336,0.318,0.291,0.262,0.238,0.224,0.219,0.221,0.222,0.223,0.223,0.224,0.227,0.235,0.244,0.251,0.249,0.235,0.213,0.191,0.183,0.193,0.214,0.236,0.250,0.255,0.255,0.255,0.255,0.252,0.247,0.242,0.235,0.228,0.218,0.207,0.194,0.180,0.165,0.148,0.129,0.111,0.094,0.086,0.091,0.112,0.147,0.186,0.223,0.242,0.218
0.287,0.278,0.272,0.269,0.265,0.259,0.251,0.241,0.230,0.214,0.196,0.177,0.164,0.164,0.179,0.204,0.227,0.242,0.246,0.247,0.255,0.275,0.301,0.328,0.344,0.343,0.326,0.299,0.271,0.249,0.236,0.231,0.230,0.227,0.225,0.223,0.221,0.220,0.221,0.224,0.225,0.223,0.213,0.197,0.183,0.181,0.196,0.222,0.249,0.268,0.274,0.271,0.266,0.260,0.254,0.248,0.243,0.238,0.231,0.222,0.212,0.201,0.189,0.174,0.155,0.131,0.107,0.089,0.081,0.090,0.116,0.156,0.200,0.240,0.260,0.234
0.307,0.297,0.292,0.289,0.286,0.281,0.272,0.260,0.247,0.229,0.209,0.187,0.170,0.166,0.177,0.200,0.223,0.238,0.241,0.241,0.247,0.266,0.294,0.323,0.343,0.345,0.328,0.300,0.272,0.251,0.240,0.235,0.234,0.230,0.227,0.224,0.221,0.219,0.217,0.214,0.209,0.201,0.190,0.177,0.168,0.171,0.190,0.220,0.252,0.275,0.284,0.281,0.272,0.261,0.250,0.243,0.239,0.234,0.227,0.217,0.206,0.197,0.187,0.174,0.153,0.125,0.096,0.074,0.066,0.078,0.111,0.158,0.209,0.252,0.274,0.246
0.314,0.307,0.303,0.301,0.298,0.291,0.279,0.263,0.245,0.225,0.204,0.184,0.168,0.166,0.178,0.202,0.225,0.238,0.239,0.235,0.238,0.256,0.284,0.315,0.339,0.344,0.329,0.300,0.271,0.249,0.237,0.233,0.233,0.230,0.228,0.226,0.224,0.223,0.220,0.213,0.202,0.188,0.173,0.160,0.154,0.160,0.181,0.213,0.247,0.273,0.284,0.281,0.270,0.256,0.243,0.235,0.230,0.226,0.217,0.205,0.192,0.182,0.174,0.161,0.141,0.111,0.080,0.056,0.048,0.063,0.101,0.154,0.210,0.255,0.277,0.249
0.311,0.308,0.305,0.302,0.297,0.286,0.271,0.251,0.229,0.207,0.187,0.170,0.159,0.161,0.179,0.207,0.233,0.246,0.244,0.236,0.237,0.253,0.282,0.315,0.340,0.346,0.332,0.302,0.270,0.246,0.232,0.228,0.228,0.228,0.228,0.228,0.230,0.231,0.229,0.221,0.205,0.186,0.167,0.153,0.148,0.155,0.176,0.208,0.242,0.268,0.279,0.277,0.265,0.251,0.236,0.227,0.223,0.217,0.207,0.191,0.175,0.163,0.155,0.144,0.126,0.099,0.068,0.045,0.037,0.052,0.090,0.145,0.202,0.246,0.267,0.241
0.305,0.303,0.301,0.297,0.288,0.274,0.255,0.233,0.210,0.188,0.168,0.153,0.144,0.151,0.175,0.210,0.241,0.258,0.257,0.250,0.251,0.267,0.296,0.329,0.353,0.357,0.339,0.307,0.273,0.247,0.233,0.227,0.228,0.229,0.231,0.234,0.238,0.242,0.241,0.232,0.214,0.191,0.170,0.156,0.151,0.159,0.179,0.208,0.239,0.263,0.275,0.274,0.263,0.249,0.234,0.224,0.219,0.212,0.200,0.181,0.162,0.149,0.141,0.134,0.121,0.097,0.070,0.047,0.038,0.050,0.085,0.136,0.189,0.229,0.247,0.226
0.298,0.297,0.295,0.290,0.279,0.262,0.241,0.218,0.197,0.177,0.158,0.141,0.132,0.139,0.167,0.208,0.247,0.271,0.278,0.276,0.279,0.297,0.325,0.355,0.374,0.372,0.350,0.316,0.282,0.257,0.242,0.237,0.238,0.238,0.240,0.243,0.246,0.249,0.248,0.239,0.221,0.199,0.180,0.167,0.163,0.170,0.187,0.213,0.240,0.262,0.273,0.273,0.264,0.249,0.233,0.222,0.216,0.209,0.197,0.178,0.159,0.146,0.141,0.137,0.128,0.109,0.084,0.061,0.050,0.059,0.089,0.134,0.181,0.214,0.228,0.212
0.291,0.290,0.288,0.284,0.274,0.256,0.234,0.212,0.194,0.178,0.161,0.142,0.128,0.132,0.159,0.204,0.250,0.284,0.300,0.305,0.312,0.331,0.357,0.382,0.395,0.387,0.361,0.326,0.295,0.273,0.262,0.259,0.260,0.259,0.258,0.255,0.253,0.252,0.250,0.243,0.229,0.211,0.196,0.185,0.182,0.187,0.201,0.221,0.243,0.260,0.269,0.269,0.259,0.245,0.228,0.216,0.210,0.205,0.195,0.180,0.165,0.155,0.152,0.151,0.144,0.127,0.103,0.081,0.069,0.076,0.103,0.143,0.183,0.210,0.220,0.207
0.283,0.282,0.283,0.283,0.276,0.259,0.238,0.218,0.203,0.189,0.172,0.152,0.135,0.135,0.159,0.203,0.252,0.292,0.315,0.325,0.335,0.352,0.374,0.394,0.402,0.390,0.363,0.331,0.304,0.289,0.285,0.288,0.292,0.290,0.283,0.272,0.263,0.258,0.255,0.251,0.242,0.230,0.219,0.211,0.206,0.208,0.217,0.231,0.246,0.257,0.262,0.258,0.247,0.232,0.215,0.204,0.199,0.197,0.192,0.184,0.173,0.166,0.164,0.163,0.155,0.138,0.115,0.094,0.085,0.094,0.121,0.158,0.192,0.212,0.219,0.209
0.273,0.275,0.281,0.286,0.283,0.269,0.249,0.231,0.216,0.202,0.186,0.166,0.149,0.148,0.169,0.210,0.256,0.295,0.318,0.329,0.338,0.352,0.368,0.381,0.383,0.372,0.348,0.322,0.304,0.299,0.305,0.317,0.326,0.323,0.310,0.293,0.280,0.273,0.271,0.271,0.267,0.259,0.250,0.240,0.232,0.228,0.231,0.238,0.247,0.252,0.251,0.243,0.230,0.214,0.198,0.187,0.185,0.186,0.187,0.183,0.177,0.172,0.169,0.164,0.154,0.134,0.111,0.094,0.091,0.107,0.136,0.172,0.200,0.213,0.216,0.210
0.264,0.270,0.280,0.289,0.288,0.276,0.257,0.238,0.222,0.207,0.192,0.177,0.166,0.168,0.187,0.222,0.260,0.290,0.308,0.316,0.321,0.330,0.337,0.343,0.342,0.332,0.316,0.301,0.294,0.301,0.317,0.336,0.349,0.345,0.331,0.313,0.300,0.296,0.297,0.300,0.298,0.291,0.280,0.264,0.249,0.239,0.237,0.241,0.246,0.247,0.241,0.229,0.213,0.198,0.182,0.174,0.173,0.177,0.180,0.178,0.173,0.167,0.161,0.152,0.137,0.115,0.094,0.083,0.088,0.110,0.143,0.176,0.200,0.208,0.209,0.205
0.259,0.266,0.276,0.283,0.281,0.269,0.249,0.229,0.212,0.200,0.192,0.187,0.184,0.189,0.206,0.230,0.255,0.274,0.285,0.290,0.292,0.294,0.294,0.292,0.290,0.286,0.280,0.277,0.282,0.297,0.320,0.342,0.355,0.352,0.340,0.328,0.321,0.322,0.327,0.330,0.326,0.314,0.295,0.272,0.251,0.238,0.236,0.239,0.243,0.242,0.234,0.220,0.203,0.188,0.174,0.168,0.169,0.172,0.173,0.170,0.162,0.153,0.144,0.131,0.113,0.091,0.075,0.071,0.083,0.110,0.143,0.175,0.196,0.203,0.204,0.199
0.255,0.258,0.264,0.267,0.262,0.248,0.228,0.208,0.196,0.192,0.194,0.198,0.200,0.205,0.214,0.227,0.241,0.252,0.260,0.262,0.261,0.258,0.251,0.247,0.247,0.249,0.252,0.257,0.268,0.287,0.311,0.332,0.345,0.346,0.342,0.339,0.341,0.348,0.353,0.353,0.342,0.320,0.293,0.264,0.242,0.232,0.233,0.238,0.243,0.242,0.233,0.219,0.202,0.186,0.174,0.168,0.169,0.171,0.168,0.160,0.149,0.138,0.127,0.114,0.097,0.079,0.068,0.069,0.084,0.111,0.144,0.175,0.197,0.204,0.206,0.200
0.248,0.245,0.246,0.246,0.240,0.225,0.207,0.192,0.186,0.190,0.200,0.208,0.210,0.211,0.213,0.218,0.225,0.234,0.240,0.242,0.237,0.229,0.218,0.214,0.217,0.224,0.231,0.239,0.251,0.269,0.290,0.311,0.327,0.335,0.340,0.348,0.357,0.366,0.370,0.363,0.344,0.315,0.283,0.254,0.236,0.231,0.235,0.244,0.249,0.248,0.239,0.224,0.207,0.191,0.178,0.173,0.173,0.171,0.164,0.152,0.139,0.129,0.120,0.111,0.099,0.085,0.076,0.078,0.092,0.118,0.151,0.182,0.204,0.210,0.211,0.207
0.237,0.231,0.230,0.230,0.224,0.212,0.197,0.186,0.184,0.191,0.202,0.210,0.211,0.209,0.208,0.209,0.214,0.222,0.229,0.229,0.221,0.208,0.196,0.193,0.197,0.206,0.214,0.221,0.231,0.246,0.266,0.287,0.307,0.321,0.335,0.350,0.365,0.375,0.376,0.364,0.339,0.306,0.275,0.251,0.238,0.238,0.244,0.253,0.257,0.256,0.246,0.231,0.212,0.197,0.185,0.180,0.178,0.173,0.163,0.149,0.137,0.129,0.124,0.119,0.111,0.099,0.091,0.091,0.103,0.128,0.161,0.192,0.211,0.215,0.214,0.213
0.221,0.216,0.217,0.219,0.217,0.208,0.197,0.187,0.185,0.190,0.198,0.205,0.206,0.204,0.202,0.203,0.208,0.216,0.221,0.219,0.208,0.193,0.180,0.177,0.183,0.194,0.202,0.209,0.216,0.228,0.245,0.266,0.287,0.305,0.324,0.344,0.362,0.372,0.371,0.356,0.330,0.299,0.272,0.254,0.245,0.247,0.253,0.259,0.261,0.257,0.247,0.231,0.215,0.200,0.190,0.185,0.182,0.176,0.165,0.151,0.141,0.136,0.134,0.132,0.124,0.113,0.103,0.101,0.111,0.134,0.166,0.195,0.213,0.214,0.212,0.214
0.201,0.199,0.204,0.210,0.213,0.209,0.200,0.191,0.185,0.184,0.188,0.192,0.193,0.193,0.194,0.196,0.202,0.209,0.213,0.210,0.197,0.179,0.165,0.162,0.171,0.184,0.195,0.202,0.208,0.217,0.231,0.249,0.270,0.290,0.312,0.333,0.350,0.359,0.355,0.340,0.317,0.291,0.269,0.255,0.249,0.251,0.255,0.257,0.255,0.249,0.239,0.226,0.212,0.201,0.192,0.187,0.184,0.178,0.169,0.159,0.152,0.149,0.147,0.143,0.134,0.119,0.105,0.099,0.107,0.129,0.160,0.189,0.207,0.210,0.208,0.210
0.180,0.181,0.190,0.203,0.211,0.212,0.204,0.193,0.182,0.176,0.174,0.174,0.175,0.176,0.179,0.184,0.192,0.200,0.204,0.200,0.186,0.168,0.153,0.150,0.160,0.176,0.190,0.199,0.205,0.212,0.223,0.238,0.257,0.277,0.300,0.321,0.336,0.341,0.335,0.320,0.301,0.280,0.263,0.250,0.244,0.245,0.248,0.249,0.246,0.240,0.231,0.221,0.210,0.200,0.192,0.187,0.183,0.180,0.176,0.171,0.168,0.167,0.164,0.155,0.140,0.119,0.100,0.090,0.094,0.114,0.145,0.177,0.198,0.204,0.205,0.204
0.163,0.167,0.180,0.198,0.212,0.215,0.207,0.192,0.176,0.165,0.159,0.155,0.153,0.155,0.160,0.168,0.178,0.187,0.192,0.189,0.177,0.161,0.147,0.143,0.153,0.170,0.185,0.196,0.203,0.209,0.217,0.229,0.246,0.267,0.290,0.311,0.324,0.326,0.319,0.306,0.289,0.270,0.252,0.237,0.229,0.228,0.233,0.238,0.239,0.236,0.230,0.222,0.213,0.203,0.193,0.186,0.181,0.180,0.181,0.183,0.185,0.185,0.180,0.167,0.146,0.119,0.094,0.079,0.079,0.097,0.128,0.162,0.187,0.199,0.203,0.198
0.154,0.159,0.175,0.196,0.212,0.216,0.206,0.186,0.167,0.151,0.142,0.137,0.133,0.135,0.141,0.151,0.162,0.172,0.178,0.179,0.171,0.159,0.147,0.143,0.151,0.164,0.179,0.190,0.198,0.203,0.210,0.220,0.235,0.256,0.280,0.301,0.314,0.317,0.312,0.299,0.282,0.261,0.238,0.217,0.205,0.205,0.215,0.227,0.235,0.237,0.234,0.228,0.220,0.210,0.197,0.186,0.180,0.179,0.184,0.191,0.197,0.200,0.195,0.180,0.155,0.123,0.093,0.072,0.067,0.081,0.110,0.146,0.177,0.195,0.201,0.191
0.152,0.156,0.171,0.192,0.209,0.212,0.200,0.177,0.154,0.137,0.126,0.120,0.117,0.118,0.125,0.137,0.149,0.159,0.167,0.170,0.168,0.161,0.153,0.148,0.151,0.160,0.170,0.179,0.187,0.195,0.202,0.211,0.224,0.243,0.266,0.288,0.303,0.308,0.305,0.294,0.276,0.251,0.222,0.194,0.176,0.177,0.192,0.212,0.227,0.234,0.234,0.230,0.223,0.213,0.200,0.187,0.179,0.178,0.183,0.192,0.202,0.208,0.206,0.193,0.168,0.133,0.098,0.070,0.058,0.065,0.091,0.128,0.163,0.187,0.198,0.182
0.153,0.153,0.164,0.182,0.198,0.202,0.191,0.168,0.144,0.126,0.115,0.109,0.106,0.107,0.115,0.127,0.140,0.152,0.160,0.166,0.167,0.165,0.159,0.155,0.153,0.154,0.158,0.164,0.172,0.183,0.193,0.203,0.214,0.229,0.248,0.267,0.283,0.291,0.291,0.283,0.264,0.236,0.202,0.169,0.149,0.150,0.168,0.192,0.211,0.221,0.223,0.220,0.214,0.207,0.196,0.184,0.176,0.174,0.178,0.188,0.199,0.208,0.210,0.201,0.178,0.142,0.102,0.068,0.048,0.048,0.070,0.106,0.145,0.175,0.189,0.167
0.157,0.153,0.157,0.169,0.183,0.189,0.183,0.166,0.144,0.125,0.113,0.106,0.102,0.103,0.110,0.122,0.137,0.150,0.160,0.167,0.170,0.171,0.167,0.162,0.156,0.150,0.146,0.147,0.154,0.167,0.182,0.194,0.205,0.215,0.228,0.243,0.256,0.265,0.267,0.261,0.243,0.215,0.180,0.147,0.128,0.129,0.147,0.173,0.193,0.204,0.206,0.202,0.197,0.190,0.181,0.171,0.164,0.163,0.167,0.176,0.187,0.198,0.203,0.198,0.177,0.141,0.098,0.060,0.034,0.030,0.048,0.082,0.123,0.158,0.176,0.148
0.165,0.158,0.156,0.161,0.171,0.179,0.179,0.169,0.153,0.135,0.121,0.111,0.103,0.101,0.106,0.118,0.135,0.151,0.163,0.171,0.176,0.178,0.176,0.170,0.162,0.150,0.139,0.133,0.137,0.150,0.168,0.183,0.195,0.202,0.210,0.219,0.228,0.235,0.237,0.232,0.217,0.191,0.158,0.129,0.113,0.117,0.137,0.163,0.184,0.195,0.196,0.191,0.183,0.173,0.161,0.150,0.144,0.142,0.147,0.155,0.166,0.177,0.183,0.180,0.161,0.126,0.083,0.043,0.017,0.012,0.029,0.063,0.104,0.141,0.161,0.131
0.176,0.169,0.163,0.162,0.167,0.175,0.178,0.174,0.162,0.148,0.133,0.119,0.107,0.100,0.101,0.112,0.129,0.147,0.163,0.174,0.182,0.187,0.187,0.183,0.171,0.155,0.137,0.125,0.124,0.135,0.152,0.169,0.182,0.189,0.194,0.199,0.204,0.207,0.208,0.203,0.189,0.167,0.139,0.115,0.105,0.113,0.136,0.164,0.186,0.198,0.199,0.193,0.181,0.166,0.149,0.133,0.123,0.120,0.123,0.131,0.141,0.151,0.157,0.153,0.135,0.101,0.059,0.022,-0.001,-0.003,0.016,0.052,0.093,0.130,0.151,0.121
0.190,0.182,0.175,0.171,0.173,0.178,0.180,0.177,0.168,0.156,0.142,0.127,0.110,0.098,0.095,0.103,0.120,0.140,0.159,0.173,0.185,0.195,0.199,0.196,0.184,0.164,0.141,0.123,0.116,0.121,0.134,0.151,0.165,0.174,0.179,0.182,0.183,0.184,0.182,0.176,0.165,0.147,0.126,0.109,0.104,0.116,0.142,0.171,0.194,0.207,0.210,0.204,0.191,0.173,0.151,0.131,0.116,0.109,0.109,0.115,0.123,0.131,0.135,0.129,0.110,0.076,0.037,0.003,-0.014,-0.010,0.015,0.052,0.093,0.130,0.150,0.122
0.203,0.197,0.191,0.187,0.186,0.188,0.187,0.182,0.173,0.162,0.151,0.136,0.118,0.102,0.096,0.101,0.117,0.136,0.154,0.170,0.185,0.199,0.208,0.207,0.194,0.171,0.144,0.122,0.109,0.108,0.117,0.132,0.148,0.159,0.165,0.167,0.166,0.163,0.159,0.153,0.145,0.133,0.119,0.108,0.108,0.124,0.150,0.179,0.203,0.217,0.222,0.217,0.206,0.189,0.167,0.145,0.128,0.117,0.114,0.117,0.123,0.129,0.128,0.119,0.096,0.061,0.025,-0.004,-0.015,-0.005,0.024,0.064,0.105,0.140,0.158,0.133
0.212,0.209,0.206,0.204,0.204,0.203,0.199,0.191,0.181,0.172,0.164,0.152,0.134,0.118,0.110,0.113,0.125,0.141,0.156,0.171,0.186,0.202,0.212,0.211,0.197,0.173,0.144,0.119,0.102,0.096,0.103,0.118,0.135,0.148,0.155,0.155,0.151,0.145,0.139,0.134,0.129,0.122,0.115,0.109,0.112,0.130,0.158,0.187,0.211,0.225,0.230,0.228,0.218,0.204,0.186,0.167,0.151,0.140,0.135,0.137,0.140,0.142,0.137,0.123,0.097,0.063,0.029,0.004,-0.003,0.012,0.044,0.084,0.123,0.155,0.171,0.149
0.208,0.210,0.214,0.217,0.219,0.218,0.213,0.204,0.194,0.186,0.181,0.172,0.157,0.141,0.132,0.133,0.143,0.156,0.168,0.180,0.194,0.209,0.216,0.212,0.196,0.170,0.141,0.115,0.097,0.091,0.098,0.113,0.131,0.143,0.149,0.146,0.139,0.130,0.123,0.119,0.118,0.115,0.110,0.108,0.114,0.135,0.165,0.196,0.220,0.233,0.238,0.234,0.225,0.214,0.200,0.186,0.174,0.165,0.161,0.161,0.163,0.161,0.153,0.136,0.111,0.078,0.047,0.025,0.021,0.036,0.066,0.102,0.137,0.165,0.178,0.160
0.191,0.199,0.211,0.222,0.229,0.231,0.225,0.215,0.206,0.200,0.197,0.190,0.175,0.159,0.149,0.150,0.160,0.173,0.186,0.198,0.211,0.222,0.225,0.216,0.196,0.169,0.141,0.116,0.100,0.096,0.103,0.118,0.134,0.143,0.145,0.140,0.130,0.120,0.114,0.112,0.112,0.110,0.107,0.108,0.119,0.145,0.178,0.209,0.232,0.243,0.243,0.237,0.228,0.219,0.209,0.200,0.191,0.184,0.180,0.180,0.179,0.175,0.165,0.149,0.126,0.098,0.070,0.051,0.047,0.059,0.083,0.113,0.142,0.166,0.178,0.162
0.171,0.184,0.202,0.219,0.232,0.236,0.231,0.221,0.213,0.208,0.206,0.197,0.180,0.161,0.151,0.154,0.169,0.188,0.207,0.223,0.235,0.242,0.239,0.225,0.203,0.177,0.150,0.127,0.113,0.109,0.115,0.127,0.139,0.144,0.144,0.138,0.128,0.119,0.114,0.113,0.113,0.111,0.110,0.115,0.132,0.161,0.196,0.226,0.244,0.249,0.246,0.238,0.230,0.224,0.217,0.209,0.201,0.193,0.188,0.186,0.183,0.178,0.168,0.154,0.135,0.111,0.089,0.072,0.066,0.073,0.090,0.114,0.138,0.160,0.172,0.155
0.156,0.171,0.192,0.213,0.228,0.233,0.229,0.220,0.212,0.208,0.203,0.191,0.171,0.152,0.143,0.151,0.173,0.202,0.229,0.248,0.259,0.262,0.255,0.240,0.220,0.197,0.173,0.151,0.135,0.127,0.128,0.135,0.143,0.148,0.148,0.142,0.134,0.127,0.124,0.122,0.121,0.118,0.119,0.127,0.148,0.179,0.212,0.238,0.250,0.250,0.245,0.238,0.234,0.232,0.227,0.218,0.207,0.196,0.187,0.181,0.176,0.169,0.160,0.147,0.132,0.113,0.095,0.079,0.071,0.073,0.085,0.105,0.128,0.151,0.165,0.145
0.150,0.166,0.186,0.206,0.221,0.227,0.223,0.214,0.205,0.198,0.190,0.177,0.157,0.141,0.137,0.152,0.182,0.217,0.248,0.268,0.276,0.275,0.267,0.255,0.241,0.224,0.203,0.180,0.160,0.145,0.139,0.142,0.150,0.156,0.159,0.156,0.149,0.144,0.140,0.137,0.133,0.129,0.129,0.137,0.158,0.187,0.216,0.236,0.244,0.243,0.240,0.239,0.241,0.242,0.237,0.226,0.210,0.195,0.182,0.172,0.164,0.156,0.147,0.136,0.124,0.107,0.090,0.073,0.063,0.061,0.071,0.090,0.116,0.142,0.157,0.135
0.153,0.167,0.185,0.203,0.217,0.220,0.215,0.204,0.193,0.183,0.173,0.161,0.148,0.140,0.145,0.166,0.199,0.236,0.265,0.281,0.284,0.280,0.273,0.266,0.258,0.246,0.229,0.206,0.181,0.160,0.149,0.150,0.160,0.170,0.175,0.174,0.169,0.164,0.160,0.155,0.149,0.141,0.137,0.140,0.155,0.178,0.202,0.220,0.228,0.230,0.232,0.237,0.244,0.248,0.242,0.229,0.212,0.193,0.177,0.164,0.154,0.146,0.138,0.129,0.118,0.101,0.082,0.063,0.049,0.045,0.054,0.076,0.104,0.133,0.150,0.125
0.161,0.173,0.188,0.203,0.214,0.215,0.208,0.194,0.179,0.167,0.159,0.152,0.147,0.151,0.165,0.190,0.223,0.254,0.276,0.285,0.282,0.276,0.270,0.266,0.262,0.255,0.241,0.219,0.194,0.171,0.158,0.159,0.171,0.184,0.192,0.193,0.189,0.185,0.181,0.176,0.167,0.154,0.143,0.138,0.142,0.157,0.177,0.194,0.206,0.215,0.223,0.233,0.243,0.246,0.241,0.228,0.211,0.193,0.176,0.162,0.151,0.143,0.137,0.131,0.120,0.101,0.079,0.058,0.042,0.038,0.046,0.068,0.097,0.127,0.144,0.120
0.170,0.179,0.191,0.202,0.210,0.210,0.202,0.187,0.171,0.158,0.151,0.148,0.152,0.164,0.185,0.212,0.240,0.264,0.276,0.276,0.269,0.261,0.255,0.253,0.251,0.246,0.235,0.217,0.195,0.175,0.164,0.166,0.178,0.192,0.203,0.207,0.206,0.204,0.202,0.197,0.186,0.169,0.150,0.136,0.131,0.137,0.151,0.168,0.184,0.199,0.214,0.228,0.238,0.241,0.235,0.223,0.209,0.194,0.178,0.164,0.153,0.146,0.143,0.138,0.127,0.107,0.083,0.061,0.047,0.044,0.053,0.073,0.100,0.126,0.141,0.121
0.177,0.181,0.188,0.196,0.203,0.204,0.197,0.185,0.170,0.158,0.150,0.149,0.154,0.168,0.191,0.217,0.240,0.255,0.258,0.251,0.241,0.233,0.228,0.227,0.227,0.224,0.215,0.203,0.188,0.174,0.167,0.170,0.182,0.195,0.206,0.212,0.216,0.218,0.218,0.214,0.202,0.183,0.160,0.139,0.126,0.125,0.133,0.148,0.166,0.185,0.205,0.223,0.235,0.239,0.234,0.223,0.211,0.199,0.185,0.171,0.160,0.154,0.150,0.145,0.134,0.113,0.089,0.069,0.058,0.058,0.069,0.089,0.113,0.135,0.147,0.132
0.179,0.178,0.179,0.184,0.190,0.195,0.194,0.188,0.178,0.166,0.157,0.151,0.151,0.161,0.180,0.203,0.222,0.231,0.228,0.216,0.204,0.196,0.193,0.194,0.196,0.196,0.191,0.183,0.175,0.169,0.168,0.172,0.182,0.192,0.202,0.210,0.216,0.222,0.225,0.223,0.212,0.191,0.167,0.145,0.130,0.125,0.130,0.140,0.156,0.176,0.199,0.222,0.239,0.247,0.243,0.234,0.222,0.209,0.195,0.181,0.169,0.162,0.157,0.151,0.139,0.118,0.093,0.073,0.065,0.068,0.082,0.104,0.128,0.150,0.162,0.147
0.182,0.176,0.172,0.174,0.179,0.186,0.190,0.192,0.189,0.182,0.171,0.159,0.150,0.150,0.161,0.180,0.197,0.204,0.199,0.185,0.170,0.161,0.159,0.163,0.169,0.172,0.171,0.168,0.165,0.164,0.168,0.174,0.182,0.187,0.193,0.200,0.207,0.216,0.223,0.222,0.211,0.191,0.168,0.148,0.136,0.134,0.138,0.146,0.158,0.174,0.197,0.223,0.246,0.260,0.261,0.253,0.240,0.225,0.208,0.192,0.179,0.170,0.164,0.156,0.143,0.120,0.094,0.073,0.064,0.069,0.084,0.108,0.136,0.162,0.176,0.158
0.192,0.183,0.178,0.177,0.180,0.185,0.191,0.196,0.199,0.196,0.187,0.171,0.155,0.146,0.149,0.162,0.178,0.187,0.184,0.170,0.155,0.145,0.142,0.146,0.154,0.160,0.163,0.163,0.163,0.166,0.171,0.178,0.184,0.185,0.186,0.189,0.195,0.206,0.215,0.216,0.205,0.184,0.162,0.145,0.139,0.143,0.152,0.161,0.170,0.182,0.200,0.225,0.251,0.270,0.275,0.269,0.255,0.237,0.217,0.199,0.184,0.175,0.169,0.161,0.147,0.123,0.096,0.074,0.064,0.066,0.081,0.105,0.134,0.165,0.182,0.160
0.207,0.202,0.198,0.197,0.197,0.198,0.199,0.202,0.204,0.204,0.197,0.182,0.163,0.151,0.149,0.159,0.175,0.187,0.187,0.176,0.161,0.151,0.147,0.150,0.158,0.166,0.171,0.172,0.172,0.174,0.179,0.185,0.188,0.186,0.182,0.182,0.188,0.199,0.209,0.211,0.199,0.177,0.154,0.140,0.139,0.150,0.165,0.177,0.185,0.193,0.206,0.225,0.248,0.268,0.275,0.270,0.256,0.237,0.216,0.197,0.184,0.176,0.172,0.166,0.151,0.127,0.101,0.080,0.069,0.070,0.082,0.104,0.134,0.166,0.185,0.160
0.223,0.222,0.222,0.221,0.219,0.215,0.210,0.206,0.203,0.200,0.194,0.183,0.169,0.159,0.159,0.169,0.185,0.198,0.202,0.194,0.182,0.172,0.167,0.169,0.177,0.185,0.189,0.189,0.187,0.185,0.186,0.189,0.190,0.186,0.182,0.182,0.188,0.199,0.208,0.207,0.193,0.170,0.148,0.136,0.138,0.154,0.173,0.188,0.195,0.200,0.207,0.221,0.237,0.251,0.256,0.251,0.238,0.221,0.203,0.188,0.179,0.176,0.175,0.170,0.156,0.133,0.108,0.089,0.080,0.081,0.091,0.112,0.141,0.173,0.191,0.168
0.232,0.233,0.233,0.233,0.229,0.222,0.212,0.202,0.194,0.188,0.184,0.180,0.174,0.171,0.174,0.184,0.199,0.213,0.218,0.213,0.202,0.192,0.187,0.191,0.199,0.206,0.208,0.204,0.196,0.188,0.183,0.182,0.182,0.180,0.180,0.184,0.193,0.203,0.207,0.201,0.184,0.162,0.142,0.134,0.140,0.157,0.177,0.191,0.197,0.200,0.204,0.211,0.220,0.227,0.227,0.220,0.209,0.196,0.184,0.176,0.174,0.177,0.179,0.174,0.159,0.137,0.115,0.099,0.091,0.093,0.104,0.126,0.155,0.185,0.201,0.181
0.230,0.230,0.230,0.229,0.226,0.218,0.206,0.193,0.184,0.180,0.183,0.187,0.188,0.188,0.189,0.196,0.207,0.219,0.223,0.218,0.208,0.199,0.197,0.202,0.211,0.217,0.214,0.203,0.187,0.173,0.164,0.162,0.164,0.168,0.177,0.188,0.199,0.203,0.200,0.189,0.172,0.153,0.139,0.136,0.144,0.162,0.179,0.191,0.196,0.199,0.202,0.205,0.208,0.207,0.200,0.189,0.178,0.169,0.163,0.165,0.172,0.180,0.183,0.176,0.161,0.140,0.121,0.107,0.100,0.103,0.117,0.141,0.170,0.195,0.207,0.193
0.227,0.225,0.225,0.224,0.221,0.214,0.204,0.194,0.191,0.195,0.203,0.210,0.208,0.200,0.193,0.194,0.201,0.210,0.213,0.207,0.198,0.192,0.192,0.199,0.206,0.208,0.199,0.183,0.164,0.148,0.140,0.140,0.147,0.161,0.178,0.193,0.200,0.198,0.190,0.178,0.165,0.153,0.146,0.147,0.156,0.170,0.183,0.194,0.202,0.207,0.210,0.211,0.206,0.196,0.181,0.166,0.154,0.148,0.151,0.161,0.174,0.184,0.186,0.178,0.163,0.144,0.128,0.116,0.112,0.118,0.134,0.157,0.182,0.200,0.206,0.199
0.229,0.224,0.222,0.221,0.221,0.218,0.215,0.213,0.216,0.224,0.230,0.228,0.214,0.196,0.181,0.178,0.183,0.190,0.192,0.187,0.179,0.175,0.177,0.182,0.187,0.185,0.174,0.158,0.141,0.128,0.121,0.123,0.136,0.156,0.177,0.191,0.196,0.192,0.185,0.177,0.170,0.164,0.161,0.163,0.169,0.180,0.193,0.207,0.218,0.226,0.228,0.222,0.210,0.191,0.169,0.150,0.140,0.140,0.150,0.165,0.179,0.187,0.187,0.180,0.167,0.153,0.140,0.133,0.132,0.139,0.154,0.173,0.191,0.202,0.205,0.202
0.221,0.213,0.211,0.214,0.220,0.225,0.229,0.233,0.238,0.242,0.239,0.224,0.200,0.174,0.157,0.153,0.157,0.164,0.166,0.161,0.155,0.152,0.153,0.158,0.162,0.161,0.154,0.142,0.127,0.112,0.104,0.108,0.124,0.147,0.170,0.185,0.189,0.186,0.181,0.176,0.172,0.170,0.169,0.170,0.176,0.188,0.205,0.222,0.236,0.243,0.242,0.231,0.212,0.187,0.162,0.144,0.138,0.144,0.158,0.173,0.185,0.192,0.192,0.186,0.177,0.167,0.159,0.154,0.153,0.158,0.169,0.184,0.197,0.202,0.203,0.200
0.198,0.190,0.192,0.203,0.216,0.228,0.235,0.239,0.241,0.239,0.228,0.206,0.176,0.149,0.132,0.128,0.133,0.141,0.143,0.139,0.133,0.131,0.133,0.140,0.147,0.152,0.149,0.138,0.118,0.099,0.090,0.097,0.119,0.146,0.170,0.182,0.183,0.176,0.168,0.163,0.163,0.164,0.166,0.169,0.177,0.191,0.210,0.230,0.246,0.254,0.252,0.239,0.217,0.190,0.166,0.152,0.151,0.161,0.175,0.189,0.200,0.206,0.206,0.202,0.196,0.189,0.182,0.174,0.168,0.168,0.175,0.187,0.199,0.203,0.204,0.199
0.173,0.167,0.175,0.191,0.209,0.222,0.228,0.231,0.231,0.226,0.212,0.188,0.157,0.131,0.115,0.114,0.122,0.131,0.135,0.131,0.126,0.125,0.130,0.141,0.153,0.161,0.158,0.142,0.117,0.096,0.090,0.104,0.132,0.161,0.180,0.184,0.176,0.161,0.150,0.148,0.152,0.158,0.163,0.166,0.173,0.187,0.207,0.229,0.249,0.262,0.263,0.251,0.230,0.207,0.187,0.178,0.180,0.189,0.203,0.215,0.225,0.229,0.228,0.225,0.220,0.214,0.203,0.189,0.175,0.168,0.173,0.186,0.201,0.210,0.215,0.202
0.157,0.152,0.161,0.177,0.195,0.207,0.213,0.217,0.217,0.212,0.199,0.176,0.148,0.125,0.112,0.114,0.126,0.139,0.144,0.142,0.137,0.137,0.144,0.158,0.172,0.179,0.172,0.151,0.124,0.105,0.105,0.124,0.154,0.179,0.191,0.186,0.168,0.149,0.137,0.137,0.146,0.157,0.163,0.165,0.168,0.178,0.198,0.223,0.248,0.265,0.271,0.265,0.252,0.237,0.223,0.215,0.215,0.220,0.229,0.239,0.246,0.247,0.245,0.243,0.240,0.233,0.218,0.196,0.174,0.161,0.165,0.181,0.204,0.221,0.230,0.208
0.155,0.144,0.148,0.160,0.174,0.185,0.194,0.200,0.203,0.200,0.189,0.170,0.146,0.126,0.117,0.122,0.137,0.154,0.163,0.163,0.159,0.160,0.167,0.181,0.193,0.196,0.184,0.160,0.133,0.116,0.120,0.141,0.169,0.189,0.195,0.185,0.164,0.143,0.133,0.136,0.149,0.162,0.169,0.169,0.167,0.172,0.189,0.214,0.241,0.262,0.274,0.277,0.275,0.270,0.260,0.250,0.243,0.239,0.241,0.245,0.248,0.247,0.245,0.245,0.246,0.240,0.224,0.198,0.169,0.151,0.152,0.172,0.201,0.226,0.240,0.209
0.165,0.147,0.142,0.145,0.153,0.162,0.173,0.183,0.190,0.189,0.180,0.163,0.143,0.126,0.119,0.125,0.142,0.162,0.176,0.180,0.179,0.180,0.188,0.200,0.209,0.208,0.191,0.164,0.136,0.120,0.123,0.143,0.168,0.186,0.191,0.181,0.163,0.147,0.139,0.145,0.158,0.172,0.178,0.175,0.170,0.171,0.184,0.207,0.233,0.256,0.272,0.283,0.290,0.293,0.286,0.273,0.256,0.241,0.233,0.230,0.229,0.227,0.227,0.230,0.234,0.233,0.219,0.193,0.162,0.140,0.139,0.160,0.193,0.224,0.241,0.205
0.185,0.160,0.146,0.139,0.139,0.145,0.156,0.169,0.177,0.178,0.169,0.153,0.133,0.117,0.110,0.116,0.133,0.156,0.175,0.184,0.187,0.189,0.196,0.207,0.215,0.210,0.190,0.160,0.131,0.115,0.117,0.135,0.159,0.176,0.183,0.178,0.167,0.156,0.152,0.157,0.169,0.179,0.183,0.179,0.172,0.171,0.182,0.204,0.230,0.252,0.269,0.283,0.294,0.301,0.296,0.280,0.256,0.232,0.214,0.204,0.199,0.198,0.200,0.205,0.212,0.213,0.204,0.181,0.154,0.134,0.133,0.153,0.186,0.217,0.235,0.198
0.203,0.175,0.156,0.144,0.137,0.138,0.146,0.158,0.167,0.167,0.157,0.141,0.121,0.104,0.095,0.099,0.116,0.140,0.162,0.176,0.182,0.186,0.192,0.201,0.207,0.201,0.181,0.151,0.124,0.109,0.112,0.129,0.151,0.170,0.180,0.180,0.175,0.168,0.165,0.168,0.175,0.180,0.180,0.174,0.167,0.167,0.179,0.201,0.227,0.249,0.266,0.279,0.291,0.299,0.295,0.279,0.254,0.224,0.199,0.182,0.175,0.173,0.176,0.182,0.188,0.189,0.183,0.166,0.145,0.130,0.132,0.153,0.183,0.212,0.229,0.193
0.208,0.184,0.166,0.153,0.143,0.140,0.144,0.153,0.160,0.159,0.150,0.135,0.115,0.097,0.087,0.088,0.103,0.126,0.149,0.165,0.173,0.176,0.181,0.187,0.190,0.184,0.167,0.143,0.122,0.111,0.115,0.132,0.154,0.174,0.187,0.191,0.188,0.181,0.175,0.174,0.175,0.175,0.173,0.165,0.159,0.160,0.174,0.197,0.223,0.244,0.261,0.274,0.286,0.296,0.295,0.281,0.256,0.225,0.196,0.175,0.165,0.163,0.165,0.169,0.172,0.170,0.163,0.151,0.137,0.130,0.137,0.159,0.188,0.213,0.227,0.196
0.198,0.182,0.171,0.162,0.153,0.148,0.148,0.154,0.159,0.160,0.154,0.141,0.123,0.104,0.092,0.091,0.103,0.123,0.145,0.161,0.169,0.173,0.174,0.175,0.175,0.171,0.160,0.145,0.132,0.125,0.129,0.144,0.166,0.187,0.203,0.209,0.205,0.194,0.183,0.176,0.174,0.172,0.168,0.160,0.154,0.156,0.170,0.193,0.217,0.237,0.254,0.269,0.284,0.297,0.299,0.289,0.266,0.236,0.207,0.185,0.174,0.171,0.172,0.172,0.169,0.162,0.152,0.141,0.133,0.133,0.146,0.170,0.198,0.220,0.232,0.203
0.183,0.177,0.175,0.171,0.166,0.160,0.158,0.162,0.168,0.172,0.171,0.161,0.143,0.124,0.110,0.107,0.116,0.134,0.154,0.170,0.179,0.182,0.179,0.176,0.174,0.172,0.169,0.162,0.154,0.147,0.148,0.160,0.182,0.205,0.222,0.228,0.221,0.205,0.189,0.179,0.175,0.173,0.168,0.160,0.154,0.158,0.171,0.190,0.210,0.228,0.246,0.264,0.285,0.302,0.307,0.299,0.280,0.253,0.227,0.208,0.198,0.195,0.194,0.190,0.179,0.164,0.150,0.139,0.135,0.139,0.155,0.181,0.208,0.228,0.239,0.213
0.175,0.178,0.182,0.184,0.181,0.175,0.172,0.175,0.182,0.190,0.193,0.186,0.168,0.148,0.133,0.128,0.135,0.151,0.170,0.187,0.198,0.201,0.196,0.191,0.189,0.191,0.193,0.190,0.182,0.172,0.167,0.176,0.196,0.220,0.238,0.243,0.231,0.210,0.190,0.178,0.173,0.170,0.166,0.159,0.154,0.157,0.168,0.184,0.202,0.219,0.239,0.262,0.286,0.306,0.313,0.307,0.290,0.269,0.248,0.234,0.228,0.226,0.223,0.212,0.194,0.173,0.155,0.144,0.139,0.145,0.162,0.188,0.215,0.235,0.246,0.220
0.181,0.187,0.195,0.199,0.196,0.190,0.185,0.187,0.196,0.207,0.213,0.208,0.190,0.169,0.152,0.144,0.149,0.164,0.184,0.203,0.215,0.218,0.213,0.208,0.208,0.213,0.218,0.217,0.205,0.190,0.180,0.185,0.204,0.227,0.244,0.246,0.230,0.205,0.182,0.167,0.161,0.159,0.156,0.151,0.147,0.149,0.159,0.173,0.191,0.211,0.235,0.261,0.288,0.308,0.314,0.309,0.295,0.278,0.263,0.255,0.253,0.252,0.245,0.229,0.207,0.183,0.164,0.150,0.144,0.148,0.163,0.188,0.215,0.236,0.247,0.220
0.196,0.204,0.212,0.216,0.212,0.203,0.196,0.197,0.207,0.220,0.229,0.224,0.206,0.183,0.162,0.151,0.153,0.168,0.189,0.208,0.219,0.221,0.218,0.215,0.218,0.226,0.232,0.230,0.215,0.196,0.183,0.185,0.202,0.224,0.239,0.237,0.219,0.192,0.166,0.151,0.145,0.145,0.145,0.141,0.137,0.138,0.146,0.160,0.181,0.206,0.235,0.264,0.291,0.309,0.313,0.306,0.293,0.280,0.271,0.268,0.268,0.265,0.256,0.238,0.215,0.191,0.171,0.156,0.146,0.146,0.157,0.179,0.206,0.227,0.238,0.211
0.216,0.226,0.234,0.235,0.228,0.216,0.207,0.208,0.218,0.233,0.241,0.236,0.217,0.191,0.166,0.152,0.152,0.166,0.185,0.202,0.211,0.213,0.209,0.207,0.212,0.221,0.228,0.224,0.209,0.188,0.174,0.176,0.192,0.211,0.224,0.221,0.203,0.176,0.151,0.137,0.134,0.137,0.139,0.136,0.130,0.129,0.135,0.151,0.176,0.205,0.236,0.266,0.291,0.306,0.306,0.298,0.287,0.278,0.274,0.273,0.273,0.269,0.257,0.239,0.218,0.197,0.178,0.160,0.145,0.139,0.145,0.163,0.188,0.208,0.219,0.193
0.237,0.249,0.256,0.253,0.242,0.228,0.219,0.220,0.231,0.244,0.252,0.245,0.225,0.198,0.173,0.158,0.157,0.167,0.183,0.197,0.203,0.202,0.196,0.192,0.195,0.203,0.208,0.203,0.188,0.169,0.157,0.160,0.175,0.193,0.204,0.201,0.184,0.161,0.141,0.131,0.131,0.135,0.137,0.133,0.126,0.123,0.129,0.147,0.173,0.204,0.235,0.262,0.282,0.294,0.293,0.286,0.278,0.274,0.273,0.274,0.273,0.266,0.254,0.237,0.219,0.201,0.181,0.159,0.139,0.127,0.128,0.144,0.167,0.185,0.195,0.170
0.255,0.268,0.272,0.265,0.251,0.237,0.228,0.230,0.241,0.254,0.260,0.254,0.236,0.212,0.190,0.176,0.174,0.181,0.192,0.201,0.203,0.198,0.188,0.180,0.179,0.182,0.184,0.178,0.164,0.148,0.139,0.143,0.158,0.174,0.184,0.181,0.168,0.149,0.135,0.129,0.130,0.133,0.134,0.129,0.122,0.121,0.129,0.148,0.174,0.202,0.228,0.250,0.266,0.275,0.273,0.269,0.266,0.266,0.269,0.272,0.270,0.263,0.250,0.235,0.219,0.201,0.179,0.153,0.129,0.113,0.113,0.128,0.149,0.166,0.175,0.149
0.267,0.278,0.280,0.271,0.255,0.240,0.233,0.236,0.248,0.261,0.269,0.265,0.252,0.234,0.217,0.205,0.201,0.204,0.212,0.217,0.216,0.206,0.191,0.178,0.172,0.171,0.170,0.163,0.150,0.135,0.126,0.130,0.145,0.161,0.171,0.170,0.158,0.143,0.132,0.128,0.130,0.132,0.132,0.128,0.124,0.126,0.136,0.156,0.179,0.202,0.222,0.237,0.248,0.253,0.252,0.250,0.252,0.257,0.264,0.268,0.267,0.259,0.246,0.231,0.214,0.193,0.169,0.142,0.117,0.103,0.105,0.120,0.139,0.154,0.162,0.136
0.275,0.283,0.283,0.273,0.256,0.241,0.234,0.239,0.252,0.267,0.276,0.277,0.267,0.255,0.243,0.233,0.229,0.231,0.237,0.241,0.236,0.223,0.203,0.186,0.177,0.175,0.173,0.166,0.152,0.135,0.124,0.127,0.143,0.162,0.174,0.173,0.161,0.147,0.137,0.134,0.135,0.137,0.137,0.134,0.133,0.138,0.150,0.169,0.189,0.208,0.222,0.231,0.237,0.239,0.237,0.237,0.242,0.251,0.260,0.265,0.264,0.256,0.242,0.225,0.204,0.180,0.155,0.130,0.111,0.102,0.106,0.121,0.139,0.151,0.159,0.132
0.283,0.288,0.287,0.276,0.260,0.245,0.238,0.242,0.254,0.269,0.279,0.279,0.272,0.263,0.254,0.249,0.248,0.252,0.260,0.264,0.258,0.241,0.218,0.199,0.190,0.189,0.189,0.184,0.169,0.150,0.136,0.137,0.154,0.175,0.190,0.191,0.179,0.163,0.151,0.147,0.148,0.149,0.149,0.147,0.146,0.152,0.164,0.181,0.200,0.216,0.228,0.234,0.237,0.237,0.234,0.234,0.240,0.249,0.258,0.263,0.261,0.252,0.237,0.218,0.195,0.169,0.145,0.124,0.111,0.107,0.114,0.128,0.145,0.157,0.165,0.136
0.291,0.293,0.291,0.282,0.268,0.254,0.246,0.247,0.256,0.267,0.274,0.271,0.262,0.252,0.246,0.245,0.250,0.260,0.273,0.281,0.276,0.257,0.231,0.210,0.201,0.203,0.207,0.205,0.192,0.172,0.155,0.153,0.170,0.193,0.212,0.215,0.203,0.185,0.170,0.164,0.164,0.165,0.163,0.159,0.156,0.159,0.169,0.186,0.204,0.222,0.234,0.242,0.244,0.244,0.240,0.238,0.241,0.247,0.254,0.257,0.254,0.246,0.233,0.215,0.191,0.166,0.142,0.125,0.114,0.113,0.121,0.135,0.152,0.165,0.174,0.144
0.295,0.293,0.291,0.283,0.272,0.261,0.254,0.253,0.258,0.264,0.266,0.260,0.245,0.232,0.225,0.226,0.236,0.253,0.273,0.287,0.286,0.268,0.240,0.216,0.207,0.211,0.220,0.222,0.211,0.191,0.172,0.168,0.182,0.205,0.225,0.231,0.221,0.202,0.186,0.178,0.178,0.178,0.174,0.167,0.159,0.158,0.166,0.182,0.202,0.222,0.238,0.248,0.253,0.253,0.247,0.242,0.241,0.242,0.244,0.244,0.240,0.233,0.223,0.209,0.189,0.166,0.144,0.126,0.116,0.114,0.121,0.136,0.154,0.169,0.180,0.149
0.286,0.283,0.278,0.271,0.263,0.256,0.253,0.253,0.256,0.259,0.259,0.250,0.233,0.217,0.208,0.208,0.219,0.239,0.263,0.282,0.285,0.270,0.243,0.220,0.211,0.216,0.226,0.231,0.222,0.202,0.182,0.174,0.185,0.206,0.225,0.232,0.223,0.207,0.192,0.185,0.185,0.186,0.182,0.171,0.159,0.154,0.160,0.177,0.200,0.222,0.241,0.253,0.259,0.259,0.253,0.245,0.239,0.235,0.232,0.226,0.219,0.211,0.202,0.192,0.178,0.160,0.141,0.124,0.113,0.110,0.118,0.133,0.153,0.170,0.181,0.151
0.264,0.258,0.252,0.244,0.239,0.237,0.237,0.239,0.243,0.246,0.247,0.241,0.228,0.213,0.203,0.201,0.209,0.227,0.250,0.268,0.273,0.262,0.239,0.220,0.214,0.220,0.230,0.233,0.223,0.201,0.180,0.171,0.180,0.197,0.214,0.220,0.213,0.200,0.189,0.186,0.190,0.192,0.187,0.174,0.158,0.151,0.158,0.177,0.203,0.229,0.247,0.259,0.264,0.264,0.258,0.250,0.243,0.235,0.226,0.215,0.202,0.189,0.178,0.168,0.157,0.144,0.130,0.115,0.105,0.103,0.112,0.131,0.152,0.169,0.180,0.152
0.235,0.227,0.219,0.213,0.210,0.210,0.211,0.213,0.218,0.225,0.231,0.233,0.227,0.218,0.208,0.203,0.206,0.218,0.235,0.250,0.255,0.247,0.232,0.219,0.216,0.222,0.229,0.227,0.213,0.190,0.169,0.161,0.169,0.186,0.201,0.208,0.203,0.194,0.189,0.190,0.196,0.199,0.192,0.176,0.158,0.151,0.160,0.184,0.214,0.239,0.256,0.264,0.267,0.269,0.267,0.264,0.258,0.249,0.235,0.217,0.196,0.176,0.160,0.148,0.139,0.129,0.117,0.105,0.095,0.095,0.107,0.127,0.149,0.165,0.174,0.151
0.208,0.201,0.195,0.190,0.187,0.185,0.183,0.183,0.190,0.203,0.218,0.229,0.230,0.223,0.211,0.202,0.199,0.205,0.217,0.230,0.236,0.233,0.223,0.216,0.214,0.218,0.220,0.214,0.196,0.173,0.154,0.149,0.158,0.177,0.195,0.204,0.204,0.200,0.198,0.202,0.208,0.206,0.194,0.174,0.155,0.151,0.165,0.194,0.224,0.248,0.260,0.265,0.269,0.276,0.281,0.285,0.283,0.272,0.253,0.228,0.201,0.175,0.155,0.142,0.133,0.124,0.112,0.098,0.087,0.086,0.098,0.117,0.137,0.151,0.159,0.140
0.194,0.192,0.189,0.185,0.180,0.172,0.166,0.166,0.176,0.194,0.215,0.228,0.230,0.220,0.205,0.191,0.185,0.188,0.200,0.214,0.223,0.223,0.216,0.209,0.207,0.208,0.206,0.197,0.178,0.156,0.140,0.139,0.152,0.175,0.198,0.212,0.216,0.215,0.215,0.218,0.218,0.210,0.191,0.167,0.151,0.151,0.171,0.201,0.230,0.249,0.257,0.262,0.270,0.284,0.297,0.305,0.304,0.290,0.266,0.237,0.207,0.181,0.164,0.153,0.144,0.132,0.114,0.094,0.078,0.074,0.082,0.098,0.115,0.130,0.138,0.119
0.193,0.197,0.198,0.194,0.185,0.175,0.168,0.168,0.179,0.197,0.215,0.224,0.221,0.209,0.191,0.176,0.169,0.174,0.189,0.205,0.215,0.214,0.206,0.198,0.194,0.193,0.189,0.179,0.161,0.142,0.131,0.135,0.154,0.181,0.207,0.224,0.230,0.230,0.229,0.227,0.221,0.205,0.182,0.159,0.146,0.151,0.174,0.204,0.230,0.245,0.252,0.259,0.271,0.290,0.307,0.315,0.311,0.293,0.266,0.236,0.209,0.191,0.180,0.173,0.163,0.144,0.118,0.090,0.069,0.061,0.065,0.079,0.096,0.112,0.121,0.100
0.199,0.207,0.208,0.203,0.194,0.185,0.179,0.181,0.189,0.201,0.210,0.213,0.206,0.193,0.177,0.164,0.159,0.166,0.182,0.199,0.207,0.205,0.195,0.186,0.182,0.180,0.176,0.166,0.151,0.138,0.133,0.142,0.164,0.191,0.216,0.232,0.238,0.237,0.233,0.226,0.214,0.195,0.172,0.151,0.141,0.151,0.175,0.205,0.230,0.244,0.251,0.260,0.275,0.295,0.310,0.316,0.308,0.286,0.257,0.229,0.208,0.198,0.194,0.189,0.175,0.150,0.118,0.086,0.062,0.053,0.058,0.072,0.090,0.107,0.117,0.092
0.204,0.210,0.209,0.204,0.196,0.190,0.188,0.190,0.194,0.199,0.201,0.198,0.192,0.182,0.171,0.162,0.159,0.166,0.181,0.194,0.200,0.196,0.188,0.181,0.178,0.178,0.175,0.167,0.156,0.148,0.148,0.159,0.179,0.201,0.221,0.234,0.238,0.235,0.228,0.217,0.202,0.184,0.163,0.145,0.138,0.150,0.176,0.206,0.231,0.246,0.255,0.265,0.281,0.299,0.312,0.314,0.303,0.278,0.247,0.220,0.203,0.198,0.197,0.191,0.174,0.145,0.111,0.080,0.059,0.052,0.059,0.076,0.095,0.111,0.122,0.095
0.200,0.200,0.196,0.189,0.185,0.184,0.186,0.189,0.193,0.194,0.194,0.191,0.187,0.182,0.176,0.170,0.168,0.172,0.181,0.190,0.193,0.191,0.187,0.186,0.188,0.190,0.189,0.183,0.175,0.170,0.170,0.177,0.190,0.203,0.216,0.225,0.228,0.225,0.216,0.206,0.192,0.175,0.156,0.140,0.136,0.148,0.174,0.203,0.227,0.244,0.256,0.269,0.285,0.302,0.313,0.313,0.298,0.271,0.238,0.211,0.196,0.190,0.187,0.177,0.158,0.130,0.100,0.074,0.057,0.053,0.062,0.080,0.099,0.113,0.123,0.097
0.180,0.172,0.164,0.161,0.164,0.171,0.179,0.185,0.190,0.193,0.194,0.194,0.193,0.190,0.187,0.181,0.178,0.177,0.180,0.183,0.185,0.188,0.190,0.196,0.203,0.209,0.209,0.205,0.197,0.189,0.184,0.183,0.186,0.191,0.198,0.204,0.206,0.204,0.199,0.192,0.180,0.164,0.148,0.135,0.134,0.147,0.169,0.193,0.213,0.230,0.245,0.261,0.280,0.299,0.309,0.307,0.289,0.260,0.228,0.203,0.188,0.179,0.170,0.157,0.139,0.116,0.093,0.071,0.056,0.053,0.060,0.076,0.093,0.105,0.113,0.090
0.138,0.127,0.125,0.133,0.148,0.163,0.176,0.187,0.195,0.201,0.203,0.203,0.202,0.199,0.194,0.188,0.181,0.177,0.175,0.176,0.180,0.185,0.193,0.202,0.212,0.220,0.221,0.216,0.205,0.192,0.178,0.167,0.161,0.160,0.164,0.169,0.174,0.178,0.178,0.173,0.162,0.148,0.137,0.132,0.135,0.146,0.161,0.175,0.189,0.204,0.222,0.243,0.267,0.288,0.297,0.292,0.272,0.245,0.219,0.198,0.183,0.170,0.158,0.145,0.132,0.114,0.093,0.070,0.053,0.047,0.053,0.067,0.081,0.092,0.099,0.077
0.093,0.093,0.106,0.126,0.148,0.168,0.185,0.199,0.209,0.214,0.214,0.211,0.206,0.201,0.195,0.188,0.180,0.175,0.172,0.173,0.175,0.180,0.188,0.199,0.210,0.219,0.219,0.211,0.194,0.171,0.148,0.130,0.120,0.117,0.122,0.132,0.143,0.152,0.154,0.149,0.140,0.133,0.131,0.134,0.138,0.142,0.145,0.150,0.159,0.173,0.195,0.222,0.250,0.272,0.278,0.270,0.253,0.232,0.213,0.195,0.180,0.168,0.160,0.152,0.139,0.116,0.088,0.059,0.040,0.035,0.043,0.057,0.071,0.080,0.087,0.066
0.075,0.089,0.111,0.136,0.159,0.181,0.201,0.217,0.226,0.227,0.223,0.216,0.209,0.204,0.198,0.192,0.186,0.181,0.176,0.171,0.168,0.169,0.176,0.189,0.203,0.210,0.207,0.191,0.165,0.133,0.105,0.085,0.074,0.075,0.087,0.105,0.123,0.132,0.133,0.128,0.125,0.127,0.133,0.137,0.135,0.129,0.123,0.122,0.129,0.146,0.172,0.203,0.233,0.253,0.258,0.252,0.240,0.226,0.210,0.196,0.186,0.180,0.174,0.162,0.139,0.105,0.068,0.038,0.023,0.024,0.035,0.049,0.061,0.064,0.057,0.053
0.085,0.103,0.126,0.149,0.173,0.197,0.219,0.235,0.242,0.241,0.234,0.225,0.218,0.214,0.210,0.205,0.200,0.194,0.184,0.172,0.162,0.160,0.167,0.180,0.192,0.197,0.188,0.165,0.133,0.099,0.068,0.047,0.040,0.048,0.069,0.094,0.113,0.120,0.118,0.115,0.119,0.127,0.135,0.136,0.128,0.115,0.105,0.101,0.108,0.128,0.158,0.191,0.221,0.240,0.246,0.242,0.233,0.222,0.211,0.202,0.197,0.191,0.180,0.158,0.124,0.083,0.046,0.021,0.012,0.015,0.026,0.038,0.050,0.055,0.052,0.044
0.107,0.122,0.141,0.162,0.185,0.210,0.233,0.251,0.258,0.257,0.249,0.240,0.232,0.228,0.224,0.221,0.217,0.208,0.195,0.178,0.164,0.158,0.161,0.170,0.179,0.180,0.169,0.146,0.114,0.079,0.049,0.029,0.025,0.040,0.067,0.096,0.114,0.118,0.114,0.111,0.117,0.127,0.135,0.135,0.125,0.112,0.100,0.097,0.105,0.126,0.156,0.189,0.217,0.235,0.239,0.236,0.228,0.219,0.212,0.207,0.202,0.192,0.174,0.144,0.107,0.068,0.036,0.015,0.008,0.010,0.019,0.030,0.042,0.050,0.048,0.038
0.132,0.143,0.157,0.174,0.194,0.217,0.240,0.259,0.269,0.269,0.262,0.252,0.242,0.235,0.231,0.228,0.225,0.218,0.207,0.191,0.175,0.164,0.160,0.162,0.165,0.165,0.157,0.139,0.112,0.080,0.050,0.031,0.029,0.047,0.077,0.108,0.125,0.127,0.120,0.115,0.117,0.126,0.134,0.135,0.128,0.118,0.109,0.107,0.116,0.137,0.166,0.196,0.221,0.235,0.237,0.232,0.225,0.218,0.213,0.208,0.200,0.186,0.163,0.133,0.099,0.065,0.038,0.019,0.011,0.012,0.021,0.033,0.046,0.053,0.050,0.043
0.158,0.162,0.171,0.182,0.196,0.214,0.235,0.254,0.267,0.271,0.264,0.252,0.239,0.229,0.222,0.219,0.219,0.218,0.213,0.203,0.190,0.176,0.164,0.156,0.154,0.154,0.151,0.141,0.122,0.095,0.068,0.050,0.047,0.063,0.091,0.122,0.140,0.143,0.134,0.124,0.120,0.123,0.128,0.129,0.127,0.122,0.119,0.122,0.132,0.152,0.178,0.204,0.224,0.235,0.235,0.229,0.222,0.216,0.212,0.207,0.197,0.180,0.156,0.128,0.098,0.070,0.047,0.029,0.020,0.021,0.030,0.044,0.059,0.062,0.055,0.054
0.181,0.181,0.182,0.186,0.193,0.205,0.222,0.240,0.255,0.260,0.255,0.241,0.225,0.210,0.201,0.197,0.199,0.205,0.209,0.210,0.205,0.193,0.176,0.159,0.148,0.144,0.145,0.143,0.132,0.113,0.092,0.076,0.072,0.082,0.104,0.130,0.149,0.153,0.145,0.133,0.122,0.117,0.115,0.114,0.112,0.113,0.117,0.127,0.142,0.161,0.184,0.205,0.221,0.229,0.228,0.222,0.215,0.210,0.208,0.204,0.195,0.178,0.154,0.127,0.100,0.077,0.056,0.040,0.031,0.031,0.040,0.055,0.071,0.085,0.094,0.074
0.197,0.195,0.194,0.194,0.195,0.200,0.211,0.226,0.240,0.245,0.241,0.227,0.208,0.190,0.178,0.173,0.176,0.186,0.198,0.209,0.214,0.209,0.193,0.171,0.152,0.141,0.138,0.138,0.133,0.121,0.107,0.095,0.092,0.098,0.113,0.131,0.145,0.150,0.145,0.134,0.123,0.112,0.103,0.094,0.087,0.089,0.099,0.117,0.139,0.162,0.183,0.200,0.212,0.217,0.214,0.208,0.201,0.196,0.195,0.194,0.188,0.173,0.151,0.126,0.102,0.081,0.064,0.049,0.039,0.038,0.046,0.061,0.078,0.091,0.100,0.081
0.200,0.202,0.204,0.204,0.205,0.207,0.213,0.222,0.232,0.236,0.232,0.218,0.198,0.179,0.166,0.160,0.163,0.174,0.189,0.205,0.217,0.219,0.209,0.188,0.165,0.147,0.138,0.135,0.129,0.120,0.108,0.100,0.099,0.104,0.115,0.126,0.133,0.134,0.130,0.124,0.117,0.108,0.096,0.081,0.068,0.066,0.078,0.102,0.131,0.160,0.183,0.198,0.206,0.208,0.202,0.193,0.183,0.176,0.173,0.173,0.169,0.159,0.142,0.122,0.102,0.085,0.070,0.056,0.046,0.044,0.051,0.066,0.082,0.095,0.102,0.084
0.189,0.196,0.205,0.212,0.216,0.219,0.222,0.227,0.232,0.234,0.230,0.218,0.200,0.183,0.169,0.163,0.165,0.174,0.187,0.202,0.214,0.220,0.215,0.200,0.180,0.163,0.151,0.143,0.134,0.121,0.106,0.096,0.096,0.103,0.114,0.122,0.123,0.118,0.111,0.108,0.107,0.104,0.094,0.079,0.064,0.060,0.072,0.099,0.132,0.165,0.189,0.204,0.210,0.209,0.199,0.187,0.173,0.161,0.153,0.149,0.145,0.137,0.125,0.111,0.098,0.087,0.075,0.063,0.053,0.051,0.057,0.071,0.087,0.098,0.105,0.087
0.170,0.183,0.199,0.212,0.221,0.227,0.230,0.232,0.234,0.234,0.230,0.222,0.209,0.196,0.186,0.179,0.178,0.180,0.186,0.193,0.201,0.207,0.206,0.199,0.188,0.177,0.170,0.162,0.150,0.131,0.111,0.096,0.093,0.101,0.113,0.121,0.119,0.109,0.098,0.092,0.094,0.096,0.093,0.083,0.072,0.070,0.083,0.111,0.145,0.177,0.201,0.216,0.222,0.221,0.211,0.197,0.179,0.163,0.149,0.138,0.128,0.118,0.107,0.098,0.091,0.085,0.076,0.066,0.058,0.056,0.063,0.076,0.092,0.102,0.109,0.089
0.155,0.171,0.191,0.208,0.221,0.228,0.231,0.232,0.231,0.229,0.226,0.220,0.214,0.208,0.203,0.198,0.192,0.185,0.179,0.175,0.175,0.179,0.181,0.181,0.181,0.182,0.184,0.181,0.168,0.146,0.120,0.100,0.094,0.102,0.116,0.125,0.122,0.108,0.091,0.080,0.079,0.084,0.087,0.085,0.081,0.085,0.100,0.127,0.158,0.188,0.210,0.225,0.234,0.237,0.232,0.220,0.202,0.183,0.165,0.147,0.130,0.115,0.102,0.094,0.088,0.082,0.075,0.066,0.059,0.059,0.066,0.079,0.094,0.106,0.113,0.090
0.150,0.167,0.188,0.206,0.219,0.226,0.229,0.229,0.226,0.220,0.214,0.208,0.205,0.206,0.207,0.206,0.199,0.184,0.167,0.151,0.142,0.142,0.146,0.153,0.162,0.173,0.183,0.187,0.177,0.154,0.124,0.100,0.092,0.100,0.117,0.128,0.125,0.109,0.087,0.070,0.064,0.067,0.074,0.080,0.085,0.094,0.110,0.135,0.162,0.187,0.207,0.224,0.237,0.248,0.249,0.242,0.228,0.209,0.189,0.169,0.149,0.131,0.116,0.105,0.097,0.088,0.077,0.066,0.059,0.059,0.066,0.079,0.094,0.108,0.118,0.090
0.155,0.172,0.191,0.208,0.220,0.227,0.230,0.229,0.223,0.213,0.201,0.190,0.185,0.188,0.195,0.199,0.194,0.177,0.154,0.130,0.114,0.110,0.114,0.125,0.139,0.155,0.171,0.179,0.172,0.150,0.119,0.093,0.083,0.090,0.109,0.123,0.124,0.109,0.085,0.063,0.051,0.051,0.059,0.070,0.081,0.093,0.109,0.131,0.154,0.176,0.195,0.213,0.231,0.247,0.253,0.250,0.238,0.222,0.205,0.188,0.172,0.157,0.143,0.131,0.120,0.104,0.086,0.069,0.058,0.056,0.061,0.073,0.089,0.108,0.122,0.087
0.165,0.182,0.200,0.216,0.227,0.233,0.236,0.235,0.229,0.216,0.197,0.178,0.166,0.166,0.173,0.180,0.179,0.166,0.143,0.118,0.100,0.093,0.097,0.109,0.125,0.142,0.158,0.167,0.162,0.141,0.111,0.083,0.069,0.074,0.094,0.113,0.120,0.110,0.087,0.063,0.046,0.041,0.047,0.060,0.073,0.087,0.102,0.119,0.139,0.159,0.179,0.199,0.219,0.236,0.242,0.238,0.227,0.214,0.202,0.193,0.186,0.178,0.170,0.160,0.147,0.128,0.103,0.078,0.058,0.048,0.049,0.059,0.076,0.099,0.118,0.076
0.173,0.192,0.212,0.229,0.240,0.245,0.247,0.246,0.240,0.226,0.204,0.180,0.160,0.152,0.155,0.160,0.160,0.151,0.135,0.115,0.100,0.094,0.098,0.109,0.125,0.142,0.156,0.162,0.156,0.136,0.106,0.077,0.060,0.062,0.081,0.103,0.115,0.111,0.093,0.069,0.049,0.040,0.042,0.053,0.067,0.081,0.094,0.108,0.124,0.143,0.164,0.187,0.207,0.222,0.225,0.218,0.205,0.192,0.184,0.182,0.183,0.185,0.183,0.177,0.166,0.147,0.121,0.090,0.061,0.041,0.034,0.039,0.055,0.080,0.101,0.057
0.179,0.202,0.225,0.244,0.256,0.262,0.262,0.259,0.252,0.237,0.215,0.189,0.167,0.155,0.152,0.152,0.149,0.140,0.127,0.115,0.108,0.107,0.113,0.124,0.137,0.151,0.162,0.167,0.160,0.139,0.109,0.079,0.061,0.061,0.077,0.100,0.115,0.113,0.097,0.074,0.054,0.043,0.044,0.052,0.064,0.077,0.088,0.100,0.113,0.131,0.153,0.177,0.199,0.212,0.211,0.200,0.184,0.171,0.165,0.166,0.171,0.177,0.180,0.178,0.169,0.153,0.130,0.101,0.069,0.042,0.026,0.024,0.035,0.057,0.078,0.035
0.190,0.216,0.240,0.260,0.273,0.279,0.278,0.272,0.261,0.245,0.223,0.199,0.178,0.167,0.162,0.158,0.149,0.136,0.124,0.117,0.118,0.126,0.135,0.145,0.155,0.164,0.172,0.175,0.167,0.147,0.118,0.089,0.071,0.070,0.086,0.107,0.120,0.117,0.099,0.075,0.056,0.046,0.047,0.055,0.065,0.076,0.085,0.095,0.106,0.123,0.146,0.171,0.192,0.204,0.200,0.188,0.173,0.161,0.156,0.157,0.162,0.167,0.170,0.169,0.163,0.151,0.133,0.110,0.082,0.054,0.034,0.026,0.031,0.048,0.065,0.027
0.208,0.233,0.255,0.274,0.286,0.292,0.290,0.282,0.269,0.250,0.228,0.206,0.188,0.179,0.175,0.169,0.157,0.140,0.126,0.122,0.129,0.143,0.157,0.167,0.173,0.178,0.182,0.182,0.175,0.157,0.129,0.102,0.086,0.087,0.102,0.121,0.129,0.121,0.099,0.073,0.053,0.046,0.050,0.059,0.068,0.077,0.084,0.093,0.104,0.121,0.143,0.167,0.186,0.196,0.192,0.181,0.170,0.162,0.159,0.159,0.162,0.165,0.166,0.165,0.161,0.151,0.139,0.121,0.099,0.076,0.056,0.046,0.048,0.059,0.074,0.038
0.227,0.247,0.266,0.282,0.292,0.298,0.296,0.288,0.274,0.254,0.232,0.211,0.195,0.187,0.183,0.174,0.160,0.142,0.129,0.128,0.138,0.156,0.172,0.183,0.188,0.189,0.190,0.189,0.183,0.167,0.143,0.119,0.106,0.108,0.122,0.137,0.139,0.124,0.097,0.070,0.050,0.045,0.050,0.061,0.071,0.079,0.087,0.096,0.109,0.126,0.147,0.167,0.183,0.190,0.187,0.180,0.174,0.171,0.169,0.170,0.171,0.171,0.172,0.171,0.168,0.162,0.153,0.139,0.121,0.101,0.083,0.073,0.074,0.084,0.097,0.062
0.238,0.253,0.268,0.282,0.292,0.298,0.298,0.290,0.274,0.254,0.231,0.211,0.195,0.186,0.179,0.169,0.154,0.138,0.128,0.129,0.142,0.161,0.178,0.190,0.194,0.195,0.194,0.193,0.189,0.178,0.159,0.140,0.130,0.131,0.142,0.150,0.146,0.127,0.099,0.071,0.052,0.046,0.051,0.062,0.073,0.083,0.095,0.108,0.124,0.142,0.160,0.175,0.186,0.190,0.188,0.185,0.183,0.183,0.182,0.182,0.182,0.182,0.183,0.184,0.183,0.178,0.171,0.158,0.139,0.117,0.099,0.089,0.092,0.105,0.120,0.082
0.237,0.249,0.263,0.276,0.288,0.294,0.294,0.286,0.269,0.247,0.224,0.204,0.187,0.176,0.166,0.155,0.142,0.129,0.123,0.126,0.139,0.158,0.175,0.187,0.192,0.192,0.192,0.194,0.195,0.189,0.177,0.162,0.153,0.152,0.158,0.161,0.155,0.136,0.109,0.082,0.061,0.053,0.055,0.064,0.076,0.091,0.108,0.129,0.149,0.167,0.182,0.192,0.197,0.199,0.196,0.193,0.192,0.190,0.189,0.189,0.189,0.191,0.193,0.195,0.195,0.190,0.179,0.162,0.137,0.112,0.092,0.085,0.093,0.114,0.134,0.089
0.228,0.239,0.251,0.264,0.276,0.283,0.283,0.273,0.255,0.233,0.211,0.191,0.174,0.162,0.153,0.144,0.134,0.125,0.120,0.122,0.134,0.150,0.165,0.176,0.180,0.181,0.184,0.191,0.198,0.199,0.191,0.178,0.169,0.166,0.169,0.172,0.168,0.153,0.129,0.101,0.078,0.065,0.062,0.068,0.081,0.101,0.127,0.154,0.179,0.198,0.209,0.214,0.215,0.212,0.204,0.197,0.192,0.188,0.186,0.186,0.188,0.191,0.195,0.198,0.196,0.187,0.169,0.142,0.112,0.083,0.065,0.064,0.080,0.111,0.137,0.085
0.214,0.221,0.231,0.242,0.254,0.262,0.262,0.252,0.236,0.216,0.197,0.178,0.163,0.154,0.147,0.141,0.133,0.126,0.120,0.120,0.128,0.140,0.153,0.161,0.164,0.166,0.172,0.185,0.197,0.202,0.196,0.184,0.175,0.172,0.176,0.183,0.184,0.175,0.154,0.127,0.100,0.080,0.071,0.074,0.089,0.114,0.147,0.181,0.209,0.226,0.235,0.235,0.229,0.220,0.206,0.193,0.183,0.176,0.173,0.173,0.176,0.181,0.186,0.188,0.182,0.165,0.140,0.107,0.073,0.046,0.033,0.038,0.063,0.101,0.130,0.075
0.194,0.198,0.204,0.213,0.226,0.235,0.237,0.230,0.217,0.202,0.186,0.171,0.159,0.151,0.147,0.142,0.136,0.127,0.120,0.117,0.120,0.130,0.140,0.147,0.150,0.153,0.163,0.178,0.193,0.198,0.193,0.181,0.172,0.171,0.179,0.192,0.200,0.197,0.178,0.149,0.118,0.094,0.082,0.084,0.101,0.131,0.167,0.202,0.229,0.244,0.248,0.244,0.233,0.218,0.199,0.181,0.168,0.160,0.156,0.157,0.161,0.167,0.172,0.171,0.161,0.139,0.108,0.073,0.040,0.016,0.007,0.018,0.045,0.085,0.114,0.060
0.173,0.174,0.178,0.187,0.200,0.211,0.215,0.211,0.203,0.192,0.180,0.168,0.157,0.150,0.145,0.140,0.132,0.123,0.114,0.109,0.112,0.121,0.131,0.138,0.141,0.145,0.157,0.174,0.188,0.192,0.185,0.172,0.164,0.166,0.179,0.198,0.211,0.210,0.192,0.162,0.130,0.106,0.095,0.099,0.118,0.147,0.181,0.212,0.234,0.245,0.247,0.240,0.227,0.210,0.190,0.172,0.158,0.150,0.147,0.149,0.155,0.161,0.165,0.162,0.149,0.124,0.091,0.056,0.023,-0.000,-0.007,0.003,0.027,0.062,0.088,0.038
0.157,0.158,0.162,0.170,0.183,0.193,0.198,0.197,0.193,0.185,0.176,0.165,0.153,0.143,0.136,0.130,0.123,0.114,0.106,0.101,0.105,0.114,0.124,0.131,0.135,0.142,0.154,0.170,0.183,0.184,0.175,0.161,0.154,0.158,0.176,0.198,0.213,0.212,0.193,0.164,0.136,0.117,0.110,0.116,0.132,0.156,0.182,0.207,0.225,0.235,0.236,0.231,0.222,0.209,0.191,0.175,0.162,0.154,0.153,0.158,0.166,0.174,0.177,0.173,0.157,0.130,0.096,0.059,0.024,-0.001,-0.012,-0.008,0.008,0.035,0.056,0.013
0.145,0.148,0.152,0.160,0.170,0.178,0.182,0.182,0.180,0.176,0.170,0.159,0.147,0.135,0.127,0.121,0.115,0.108,0.101,0.097,0.100,0.108,0.118,0.125,0.131,0.139,0.151,0.165,0.175,0.173,0.162,0.148,0.141,0.148,0.167,0.190,0.204,0.202,0.184,0.159,0.137,0.125,0.122,0.128,0.139,0.154,0.172,0.192,0.208,0.220,0.226,0.228,0.226,0.220,0.208,0.193,0.181,0.174,0.175,0.183,0.194,0.202,0.205,0.199,0.181,0.153,0.117,0.077,0.040,0.011,-0.006,-0.011,-0.003,0.013,0.030,-0.006
0.131,0.137,0.143,0.152,0.159,0.163,0.163,0.162,0.162,0.161,0.159,0.152,0.141,0.131,0.124,0.120,0.116,0.109,0.102,0.098,0.098,0.104,0.111,0.119,0.126,0.134,0.144,0.154,0.160,0.155,0.143,0.129,0.124,0.133,0.153,0.176,0.189,0.186,0.170,0.150,0.134,0.127,0.128,0.132,0.137,0.145,0.157,0.172,0.189,0.204,0.217,0.228,0.237,0.240,0.233,0.220,0.207,0.199,0.200,0.210,0.222,0.231,0.232,0.224,0.204,0.174,0.137,0.098,0.061,0.031,0.011,0.001,0.002,0.012,0.024,-0.006
0.113,0.122,0.132,0.142,0.149,0.149,0.145,0.141,0.140,0.142,0.144,0.143,0.139,0.134,0.130,0.128,0.124,0.116,0.108,0.101,0.099,0.101,0.107,0.113,0.120,0.126,0.133,0.138,0.138,0.130,0.116,0.104,0.102,0.114,0.136,0.159,0.171,0.168,0.154,0.138,0.127,0.124,0.126,0.128,0.130,0.133,0.140,0.154,0.171,0.189,0.207,0.225,0.242,0.254,0.253,0.243,0.229,0.218,0.217,0.225,0.236,0.245,0.245,0.235,0.213,0.180,0.143,0.106,0.074,0.048,0.032,0.024,0.024,0.031,0.042,0.013
0.098,0.109,0.122,0.134,0.140,0.139,0.132,0.124,0.120,0.122,0.128,0.134,0.138,0.140,0.141,0.140,0.135,0.125,0.114,0.104,0.099,0.100,0.104,0.110,0.116,0.120,0.123,0.123,0.118,0.106,0.090,0.077,0.078,0.094,0.120,0.145,0.158,0.155,0.141,0.125,0.116,0.115,0.118,0.119,0.119,0.120,0.126,0.139,0.157,0.176,0.196,0.216,0.237,0.255,0.260,0.255,0.242,0.229,0.222,0.225,0.233,0.241,0.241,0.231,0.207,0.173,0.134,0.098,0.069,0.050,0.040,0.039,0.046,0.057,0.069,0.037
0.097,0.106,0.119,0.130,0.136,0.135,0.126,0.115,0.108,0.108,0.115,0.125,0.136,0.145,0.151,0.152,0.145,0.132,0.118,0.105,0.099,0.099,0.102,0.109,0.115,0.119,0.121,0.119,0.110,0.094,0.075,0.061,0.061,0.079,0.109,0.139,0.155,0.153,0.137,0.119,0.107,0.104,0.106,0.108,0.106,0.106,0.113,0.128,0.148,0.169,0.187,0.205,0.224,0.244,0.255,0.255,0.247,0.233,0.223,0.219,0.221,0.227,0.229,0.220,0.198,0.163,0.123,0.085,0.056,0.039,0.034,0.040,0.054,0.072,0.089,0.051
0.112,0.116,0.125,0.134,0.137,0.134,0.124,0.113,0.105,0.103,0.109,0.120,0.134,0.148,0.158,0.160,0.152,0.137,0.119,0.105,0.098,0.098,0.103,0.111,0.119,0.125,0.128,0.127,0.118,0.101,0.079,0.063,0.060,0.076,0.108,0.142,0.162,0.163,0.145,0.122,0.104,0.097,0.097,0.097,0.095,0.095,0.102,0.120,0.145,0.168,0.186,0.199,0.214,0.230,0.243,0.249,0.246,0.236,0.224,0.214,0.211,0.213,0.216,0.212,0.194,0.160,0.120,0.080,0.049,0.031,0.026,0.034,0.052,0.076,0.096,0.054
0.133,0.132,0.137,0.141,0.140,0.135,0.126,0.116,0.109,0.107,0.111,0.120,0.133,0.148,0.160,0.163,0.155,0.139,0.120,0.105,0.099,0.101,0.108,0.118,0.129,0.138,0.144,0.145,0.138,0.121,0.099,0.080,0.075,0.088,0.119,0.155,0.179,0.181,0.163,0.136,0.112,0.099,0.094,0.092,0.089,0.090,0.099,0.120,0.148,0.174,0.192,0.203,0.212,0.223,0.233,0.241,0.243,0.238,0.226,0.214,0.206,0.205,0.208,0.207,0.194,0.166,0.127,0.088,0.055,0.034,0.027,0.034,0.052,0.079,0.101,0.055
0.147,0.142,0.142,0.143,0.141,0.136,0.130,0.123,0.119,0.118,0.121,0.127,0.136,0.149,0.160,0.162,0.154,0.138,0.120,0.107,0.103,0.108,0.118,0.130,0.143,0.154,0.164,0.168,0.163,0.147,0.125,0.105,0.098,0.110,0.139,0.175,0.200,0.203,0.185,0.155,0.127,0.109,0.101,0.097,0.094,0.097,0.109,0.131,0.160,0.187,0.205,0.214,0.219,0.225,0.230,0.236,0.240,0.237,0.227,0.214,0.203,0.199,0.202,0.205,0.197,0.174,0.140,0.101,0.067,0.043,0.033,0.037,0.055,0.082,0.105,0.059
0.151,0.142,0.138,0.137,0.137,0.136,0.135,0.135,0.135,0.135,0.136,0.138,0.143,0.151,0.159,0.160,0.151,0.136,0.121,0.112,0.111,0.118,0.129,0.142,0.155,0.168,0.180,0.187,0.185,0.170,0.148,0.128,0.121,0.132,0.161,0.195,0.221,0.225,0.206,0.176,0.145,0.125,0.115,0.110,0.110,0.115,0.129,0.152,0.179,0.203,0.220,0.229,0.232,0.234,0.234,0.237,0.238,0.236,0.226,0.211,0.198,0.191,0.194,0.199,0.196,0.178,0.148,0.111,0.075,0.048,0.033,0.035,0.052,0.081,0.105,0.058
0.151,0.138,0.130,0.127,0.128,0.133,0.139,0.146,0.151,0.153,0.152,0.150,0.150,0.154,0.158,0.157,0.148,0.134,0.122,0.118,0.121,0.130,0.140,0.150,0.160,0.172,0.185,0.193,0.193,0.180,0.160,0.142,0.136,0.148,0.176,0.210,0.235,0.240,0.223,0.193,0.163,0.142,0.132,0.129,0.130,0.138,0.153,0.174,0.197,0.217,0.233,0.242,0.246,0.248,0.245,0.244,0.243,0.239,0.228,0.211,0.194,0.183,0.182,0.186,0.185,0.171,0.144,0.109,0.072,0.042,0.024,0.023,0.039,0.070,0.095,0.048
0.154,0.139,0.128,0.123,0.124,0.132,0.144,0.156,0.165,0.168,0.166,0.162,0.158,0.158,0.160,0.156,0.145,0.132,0.123,0.123,0.130,0.139,0.146,0.151,0.156,0.164,0.174,0.181,0.182,0.173,0.158,0.144,0.142,0.155,0.182,0.215,0.240,0.246,0.232,0.204,0.176,0.157,0.147,0.145,0.148,0.157,0.171,0.190,0.210,0.227,0.241,0.253,0.261,0.265,0.263,0.259,0.255,0.249,0.236,0.217,0.196,0.180,0.173,0.170,0.166,0.151,0.125,0.092,0.056,0.025,0.006,0.004,0.020,0.051,0.077,0.030
0.162,0.148,0.137,0.130,0.131,0.140,0.155,0.169,0.179,0.182,0.179,0.173,0.168,0.166,0.165,0.158,0.146,0.132,0.126,0.130,0.139,0.147,0.150,0.149,0.148,0.150,0.154,0.158,0.158,0.151,0.142,0.135,0.138,0.153,0.181,0.211,0.235,0.242,0.231,0.208,0.183,0.166,0.158,0.156,0.158,0.167,0.181,0.198,0.216,0.233,0.248,0.263,0.276,0.285,0.283,0.278,0.270,0.260,0.245,0.225,0.203,0.184,0.169,0.158,0.145,0.125,0.097,0.065,0.032,0.003,-0.016,-0.018,-0.003,0.028,0.053,0.007
0.174,0.163,0.154,0.149,0.151,0.160,0.173,0.185,0.192,0.193,0.191,0.186,0.181,0.179,0.174,0.165,0.152,0.140,0.137,0.143,0.151,0.157,0.155,0.149,0.144,0.141,0.140,0.139,0.135,0.129,0.123,0.122,0.130,0.148,0.175,0.203,0.224,0.230,0.222,0.203,0.183,0.169,0.161,0.157,0.158,0.165,0.178,0.196,0.216,0.236,0.256,0.275,0.292,0.302,0.299,0.289,0.276,0.262,0.246,0.228,0.208,0.189,0.170,0.151,0.130,0.104,0.074,0.043,0.011,-0.017,-0.035,-0.038,-0.025,0.003,0.027,-0.017
0.186,0.178,0.173,0.171,0.174,0.180,0.188,0.195,0.199,0.200,0.199,0.197,0.194,0.191,0.184,0.173,0.161,0.153,0.153,0.159,0.166,0.169,0.165,0.158,0.151,0.145,0.140,0.134,0.126,0.118,0.113,0.114,0.125,0.144,0.169,0.194,0.212,0.216,0.208,0.193,0.177,0.165,0.156,0.151,0.149,0.155,0.168,0.188,0.212,0.238,0.263,0.285,0.302,0.309,0.301,0.285,0.267,0.249,0.234,0.220,0.205,0.189,0.170,0.148,0.123,0.095,0.066,0.034,0.002,-0.026,-0.046,-0.051,-0.041,-0.018,0.003,-0.038
0.190,0.187,0.186,0.187,0.188,0.190,0.192,0.194,0.195,0.197,0.200,0.201,0.200,0.195,0.187,0.176,0.167,0.162,0.165,0.172,0.179,0.183,0.180,0.174,0.168,0.162,0.155,0.146,0.133,0.121,0.113,0.113,0.123,0.142,0.167,0.190,0.203,0.204,0.195,0.181,0.167,0.156,0.147,0.139,0.135,0.140,0.155,0.179,0.209,0.239,0.266,0.288,0.302,0.304,0.290,0.267,0.245,0.226,0.213,0.204,0.194,0.182,0.166,0.146,0.123,0.097,0.070,0.039,0.007,-0.022,-0.043,-0.051,-0.045,-0.027,-0.009,-0.047
0.185,0.185,0.187,0.190,0.190,0.189,0.186,0.184,0.184,0.188,0.192,0.195,0.193,0.188,0.179,0.169,0.163,0.162,0.167,0.175,0.184,0.190,0.191,0.189,0.185,0.181,0.175,0.165,0.150,0.134,0.120,0.115,0.123,0.142,0.167,0.189,0.200,0.197,0.185,0.170,0.156,0.145,0.135,0.126,0.121,0.126,0.143,0.172,0.205,0.238,0.264,0.283,0.293,0.289,0.269,0.243,0.219,0.200,0.189,0.182,0.177,0.169,0.159,0.144,0.126,0.103,0.078,0.049,0.018,-0.009,-0.028,-0.035,-0.031,-0.018,-0.004,-0.038
0.175,0.176,0.180,0.183,0.184,0.181,0.177,0.173,0.172,0.174,0.177,0.178,0.175,0.169,0.161,0.155,0.151,0.153,0.160,0.169,0.179,0.187,0.191,0.191,0.190,0.189,0.187,0.179,0.165,0.146,0.128,0.118,0.122,0.139,0.166,0.189,0.199,0.194,0.178,0.160,0.144,0.131,0.120,0.110,0.106,0.112,0.132,0.163,0.200,0.232,0.257,0.271,0.274,0.266,0.244,0.217,0.192,0.174,0.164,0.159,0.157,0.154,0.149,0.140,0.126,0.106,0.080,0.051,0.024,0.002,-0.010,-0.012,-0.005,0.006,0.018,-0.013
0.167,0.168,0.171,0.174,0.175,0.173,0.169,0.165,0.162,0.161,0.160,0.157,0.152,0.146,0.141,0.138,0.139,0.143,0.151,0.159,0.167,0.175,0.178,0.179,0.180,0.181,0.183,0.179,0.168,0.150,0.128,0.113,0.113,0.130,0.157,0.183,0.195,0.190,0.172,0.149,0.129,0.113,0.100,0.090,0.086,0.094,0.117,0.151,0.189,0.222,0.243,0.251,0.248,0.236,0.213,0.188,0.164,0.147,0.138,0.134,0.134,0.136,0.137,0.133,0.122,0.101,0.074,0.044,0.019,0.003,-0.000,0.008,0.021,0.035,0.046,0.017
0.166,0.167,0.168,0.169,0.169,0.166,0.162,0.157,0.154,0.150,0.146,0.139,0.132,0.126,0.123,0.124,0.128,0.136,0.143,0.150,0.155,0.160,0.161,0.161,0.161,0.164,0.168,0.168,0.161,0.142,0.118,0.099,0.095,0.111,0.140,0.169,0.185,0.181,0.162,0.136,0.112,0.091,0.076,0.065,0.062,0.072,0.097,0.134,0.174,0.206,0.224,0.226,0.217,0.201,0.179,0.156,0.136,0.121,0.111,0.108,0.110,0.115,0.121,0.121,0.112,0.091,0.062,0.031,0.006,-0.007,-0.003,0.014,0.037,0.057,0.070,0.041
0.169,0.170,0.170,0.169,0.167,0.163,0.157,0.152,0.147,0.142,0.136,0.129,0.121,0.115,0.112,0.114,0.120,0.129,0.136,0.142,0.146,0.149,0.150,0.148,0.147,0.150,0.154,0.156,0.149,0.130,0.104,0.081,0.074,0.089,0.120,0.152,0.170,0.169,0.151,0.125,0.097,0.073,0.054,0.042,0.039,0.049,0.076,0.113,0.154,0.185,0.201,0.201,0.189,0.171,0.150,0.131,0.115,0.101,0.091,0.086,0.088,0.095,0.103,0.107,0.100,0.081,0.052,0.019,-0.007,-0.019,-0.012,0.010,0.040,0.065,0.080,0.051
0.169,0.171,0.172,0.172,0.169,0.164,0.157,0.150,0.144,0.138,0.132,0.125,0.118,0.111,0.107,0.107,0.112,0.120,0.128,0.134,0.140,0.144,0.146,0.146,0.145,0.145,0.148,0.149,0.141,0.121,0.093,0.070,0.062,0.076,0.106,0.137,0.156,0.156,0.140,0.115,0.087,0.062,0.040,0.026,0.021,0.031,0.056,0.092,0.131,0.163,0.179,0.179,0.167,0.151,0.134,0.119,0.107,0.095,0.084,0.077,0.077,0.083,0.091,0.095,0.091,0.074,0.047,0.015,-0.011,-0.024,-0.018,0.003,0.033,0.060,0.075,0.046
0.162,0.165,0.168,0.171,0.171,0.169,0.163,0.156,0.148,0.139,0.131,0.124,0.118,0.111,0.105,0.102,0.104,0.110,0.117,0.125,0.133,0.141,0.147,0.149,0.148,0.147,0.146,0.143,0.133,0.113,0.088,0.067,0.061,0.073,0.098,0.123,0.138,0.138,0.124,0.101,0.076,0.052,0.032,0.017,0.011,0.019,0.041,0.073,0.110,0.141,0.158,0.160,0.152,0.139,0.127,0.119,0.112,0.104,0.095,0.086,0.082,0.082,0.087,0.090,0.086,0.072,0.047,0.017,-0.008,-0.022,-0.019,-0.003,0.021,0.045,0.059,0.031
0.151,0.154,0.159,0.164,0.169,0.172,0.170,0.164,0.154,0.142,0.131,0.122,0.116,0.109,0.102,0.097,0.095,0.098,0.105,0.114,0.124,0.135,0.143,0.148,0.149,0.146,0.143,0.136,0.123,0.103,0.081,0.065,0.062,0.072,0.091,0.108,0.116,0.113,0.099,0.080,0.060,0.041,0.024,0.012,0.008,0.013,0.031,0.059,0.092,0.121,0.138,0.142,0.136,0.126,0.120,0.119,0.122,0.122,0.117,0.109,0.100,0.094,0.091,0.090,0.084,0.070,0.048,0.021,-0.003,-0.017,-0.018,-0.008,0.008,0.025,0.037,0.013
0.142,0.141,0.145,0.152,0.160,0.168,0.170,0.167,0.157,0.143,0.130,0.120,0.113,0.106,0.099,0.092,0.088,0.088,0.093,0.101,0.111,0.122,0.133,0.140,0.143,0.142,0.137,0.127,0.111,0.089,0.069,0.057,0.057,0.067,0.082,0.092,0.094,0.085,0.071,0.055,0.040,0.027,0.017,0.010,0.008,0.014,0.028,0.051,0.079,0.104,0.120,0.124,0.119,0.111,0.108,0.114,0.125,0.135,0.138,0.133,0.123,0.112,0.102,0.094,0.083,0.068,0.046,0.021,-0.002,-0.015,-0.020,-0.016,-0.007,0.004,0.013,-0.006
0.134,0.129,0.131,0.138,0.148,0.157,0.164,0.163,0.156,0.143,0.131,0.121,0.114,0.107,0.100,0.092,0.085,0.081,0.082,0.087,0.095,0.104,0.114,0.123,0.129,0.131,0.129,0.118,0.099,0.075,0.053,0.042,0.045,0.058,0.072,0.079,0.076,0.065,0.050,0.035,0.023,0.014,0.009,0.008,0.011,0.018,0.030,0.049,0.071,0.092,0.105,0.108,0.103,0.097,0.095,0.104,0.119,0.135,0.144,0.144,0.136,0.124,0.111,0.098,0.082,0.063,0.039,0.015,-0.007,-0.021,-0.028,-0.029,-0.024,-0.016,-0.009,-0.024
0.123,0.117,0.120,0.128,0.139,0.150,0.158,0.160,0.156,0.147,0.137,0.129,0.123,0.116,0.108,0.098,0.088,0.080,0.076,0.076,0.080,0.085,0.092,0.101,0.109,0.116,0.118,0.110,0.091,0.065,0.041,0.029,0.033,0.048,0.064,0.073,0.069,0.057,0.041,0.026,0.013,0.005,0.003,0.006,0.013,0.023,0.036,0.052,0.070,0.085,0.096,0.099,0.097,0.093,0.092,0.098,0.110,0.125,0.134,0.136,0.131,0.121,0.109,0.094,0.075,0.053,0.027,0.001,-0.020,-0.035,-0.044,-0.047,-0.043,-0.034,-0.025,-0.041
0.110,0.107,0.112,0.122,0.135,0.148,0.159,0.163,0.161,0.154,0.148,0.142,0.136,0.129,0.119,0.107,0.094,0.082,0.074,0.071,0.070,0.070,0.072,0.077,0.086,0.096,0.103,0.101,0.086,0.063,0.039,0.026,0.029,0.045,0.063,0.074,0.073,0.062,0.046,0.029,0.014,0.004,0.001,0.005,0.015,0.029,0.043,0.059,0.074,0.087,0.096,0.101,0.102,0.102,0.103,0.106,0.111,0.117,0.120,0.118,0.112,0.103,0.091,0.077,0.058,0.034,0.007,-0.019,-0.040,-0.056,-0.065,-0.066,-0.060,-0.046,-0.034,-0.054
0.103,0.103,0.110,0.120,0.133,0.148,0.161,0.168,0.168,0.163,0.157,0.151,0.144,0.135,0.124,0.111,0.096,0.083,0.074,0.069,0.064,0.059,0.056,0.057,0.064,0.076,0.088,0.093,0.086,0.069,0.049,0.036,0.037,0.051,0.069,0.082,0.084,0.075,0.059,0.040,0.023,0.011,0.006,0.009,0.020,0.034,0.050,0.067,0.081,0.092,0.099,0.105,0.111,0.116,0.119,0.121,0.121,0.117,0.111,0.101,0.090,0.079,0.066,0.052,0.033,0.011,-0.014,-0.038,-0.059,-0.074,-0.081,-0.081,-0.072,-0.054,-0.039,-0.064
0.107,0.109,0.113,0.121,0.132,0.147,0.162,0.170,0.172,0.168,0.161,0.152,0.141,0.129,0.117,0.104,0.092,0.082,0.074,0.067,0.060,0.052,0.045,0.044,0.050,0.064,0.080,0.092,0.094,0.084,0.067,0.053,0.050,0.061,0.079,0.094,0.099,0.092,0.075,0.055,0.036,0.023,0.016,0.018,0.026,0.039,0.056,0.072,0.085,0.093,0.098,0.104,0.112,0.122,0.130,0.133,0.130,0.121,0.108,0.092,0.076,0.061,0.047,0.032,0.016,-0.003,-0.025,-0.046,-0.066,-0.080,-0.087,-0.085,-0.075,-0.057,-0.042,-0.068
0.119,0.120,0.120,0.124,0.133,0.147,0.160,0.169,0.170,0.165,0.155,0.141,0.125,0.110,0.099,0.091,0.084,0.078,0.073,0.066,0.058,0.048,0.041,0.040,0.047,0.062,0.082,0.101,0.109,0.103,0.087,0.069,0.062,0.069,0.086,0.104,0.112,0.107,0.090,0.069,0.050,0.036,0.028,0.027,0.032,0.043,0.059,0.074,0.084,0.089,0.091,0.096,0.106,0.120,0.131,0.138,0.136,0.126,0.109,0.090,0.072,0.055,0.041,0.028,0.015,-0.000,-0.019,-0.039,-0.058,-0.071,-0.079,-0.079,-0.071,-0.056,-0.043,-0.067
0.133,0.132,0.131,0.132,0.139,0.150,0.161,0.167,0.166,0.159,0.144,0.125,0.104,0.088,0.079,0.077,0.077,0.077,0.074,0.067,0.059,0.050,0.045,0.045,0.052,0.068,0.089,0.110,0.121,0.116,0.098,0.076,0.064,0.069,0.087,0.107,0.119,0.116,0.100,0.079,0.061,0.047,0.038,0.034,0.036,0.045,0.058,0.071,0.079,0.082,0.084,0.089,0.100,0.115,0.130,0.139,0.140,0.130,0.114,0.095,0.077,0.062,0.051,0.042,0.032,0.018,0.000,-0.021,-0.040,-0.054,-0.063,-0.065,-0.061,-0.050,-0.039,-0.060
0.144,0.144,0.144,0.146,0.151,0.160,0.167,0.170,0.166,0.154,0.136,0.112,0.088,0.072,0.067,0.070,0.075,0.079,0.079,0.074,0.066,0.059,0.055,0.055,0.060,0.072,0.091,0.110,0.120,0.114,0.095,0.072,0.058,0.062,0.081,0.103,0.116,0.115,0.101,0.082,0.065,0.053,0.044,0.039,0.039,0.044,0.054,0.064,0.072,0.076,0.080,0.087,0.099,0.115,0.130,0.141,0.143,0.135,0.121,0.103,0.088,0.076,0.069,0.064,0.057,0.044,0.024,0.001,-0.020,-0.035,-0.044,-0.048,-0.046,-0.038,-0.029,-0.048
0.151,0.156,0.158,0.161,0.166,0.171,0.176,0.175,0.168,0.153,0.132,0.106,0.083,0.069,0.066,0.071,0.079,0.084,0.086,0.083,0.077,0.072,0.067,0.064,0.065,0.072,0.085,0.100,0.106,0.098,0.079,0.058,0.046,0.052,0.072,0.094,0.107,0.106,0.094,0.078,0.065,0.055,0.047,0.042,0.040,0.042,0.049,0.058,0.067,0.074,0.082,0.091,0.104,0.119,0.133,0.143,0.146,0.140,0.127,0.111,0.098,0.089,0.086,0.084,0.079,0.066,0.045,0.020,-0.002,-0.017,-0.026,-0.030,-0.029,-0.023,-0.016,-0.033
0.157,0.166,0.171,0.173,0.176,0.179,0.180,0.177,0.168,0.152,0.130,0.106,0.086,0.075,0.074,0.079,0.085,0.090,0.091,0.090,0.086,0.081,0.075,0.070,0.067,0.070,0.077,0.086,0.087,0.078,0.059,0.042,0.035,0.044,0.064,0.085,0.096,0.095,0.085,0.074,0.064,0.056,0.050,0.045,0.041,0.040,0.045,0.053,0.064,0.075,0.086,0.097,0.108,0.121,0.134,0.144,0.147,0.143,0.131,0.117,0.104,0.096,0.094,0.094,0.090,0.078,0.057,0.033,0.011,-0.003,-0.012,-0.016,-0.016,-0.011,-0.005,-0.021
0.162,0.173,0.179,0.180,0.179,0.178,0.176,0.170,0.160,0.144,0.124,0.104,0.089,0.083,0.083,0.087,0.090,0.091,0.090,0.089,0.086,0.082,0.076,0.070,0.067,0.069,0.075,0.079,0.076,0.063,0.045,0.030,0.027,0.039,0.060,0.080,0.090,0.090,0.083,0.075,0.068,0.062,0.056,0.049,0.042,0.039,0.042,0.051,0.063,0.077,0.090,0.099,0.108,0.118,0.129,0.139,0.145,0.143,0.133,0.118,0.103,0.093,0.089,0.088,0.085,0.075,0.057,0.036,0.017,0.004,-0.004,-0.009,-0.010,-0.006,0.001,-0.016
0.165,0.176,0.181,0.180,0.175,0.169,0.163,0.155,0.144,0.129,0.112,0.096,0.086,0.084,0.086,0.089,0.088,0.084,0.080,0.077,0.074,0.070,0.066,0.064,0.067,0.074,0.081,0.084,0.077,0.061,0.041,0.026,0.025,0.039,0.061,0.081,0.092,0.093,0.088,0.082,0.077,0.072,0.065,0.056,0.045,0.040,0.041,0.051,0.065,0.079,0.090,0.096,0.100,0.105,0.114,0.126,0.135,0.137,0.128,0.113,0.095,0.080,0.071,0.068,0.066,0.058,0.044,0.027,0.012,0.001,-0.006,-0.010,-0.011,-0.007,0.000,-0.018
0.164,0.174,0.177,0.174,0.166,0.157,0.148,0.139,0.126,0.111,0.095,0.083,0.077,0.078,0.081,0.082,0.077,0.069,0.062,0.056,0.052,0.049,0.049,0.054,0.065,0.080,0.092,0.097,0.089,0.071,0.048,0.031,0.029,0.042,0.065,0.086,0.099,0.102,0.098,0.093,0.088,0.083,0.074,0.062,0.050,0.042,0.043,0.052,0.066,0.080,0.088,0.090,0.088,0.088,0.094,0.107,0.119,0.124,0.119,0.103,0.082,0.062,0.048,0.042,0.039,0.033,0.022,0.008,-0.004,-0.011,-0.016,-0.019,-0.019,-0.013,-0.005,-0.024
0.160,0.166,0.168,0.164,0.155,0.145,0.136,0.126,0.113,0.097,0.082,0.071,0.067,0.069,0.071,0.069,0.060,0.050,0.041,0.034,0.030,0.028,0.032,0.044,0.063,0.085,0.102,0.109,0.102,0.083,0.059,0.040,0.036,0.048,0.071,0.092,0.106,0.110,0.107,0.102,0.096,0.088,0.078,0.065,0.052,0.044,0.045,0.054,0.068,0.081,0.088,0.086,0.079,0.075,0.078,0.090,0.103,0.111,0.108,0.093,0.071,0.048,0.032,0.023,0.019,0.013,0.002,-0.011,-0.021,-0.027,-0.030,-0.030,-0.027,-0.018,-0.008,-0.029
0.154,0.157,0.157,0.153,0.144,0.134,0.125,0.115,0.102,0.087,0.073,0.064,0.061,0.063,0.062,0.056,0.046,0.035,0.027,0.021,0.018,0.019,0.025,0.040,0.062,0.085,0.104,0.112,0.106,0.089,0.066,0.048,0.043,0.054,0.075,0.096,0.110,0.114,0.112,0.105,0.097,0.087,0.075,0.062,0.050,0.044,0.046,0.056,0.071,0.084,0.091,0.089,0.082,0.075,0.075,0.084,0.096,0.105,0.104,0.091,0.070,0.048,0.032,0.024,0.018,0.010,-0.004,-0.018,-0.030,-0.037,-0.039,-0.036,-0.030,-0.018,-0.007,-0.030
0.146,0.148,0.148,0.143,0.134,0.124,0.114,0.103,0.092,0.079,0.069,0.063,0.061,0.061,0.057,0.050,0.040,0.031,0.026,0.024,0.024,0.025,0.031,0.043,0.060,0.079,0.094,0.101,0.097,0.083,0.064,0.049,0.046,0.057,0.076,0.096,0.109,0.114,0.111,0.103,0.093,0.080,0.066,0.052,0.043,0.040,0.045,0.056,0.071,0.087,0.097,0.099,0.095,0.088,0.085,0.089,0.098,0.107,0.108,0.099,0.083,0.065,0.052,0.044,0.036,0.024,0.007,-0.011,-0.027,-0.035,-0.037,-0.034,-0.025,-0.011,0.002,-0.022
0.136,0.139,0.140,0.135,0.126,0.114,0.102,0.090,0.080,0.072,0.067,0.065,0.065,0.063,0.058,0.050,0.043,0.038,0.038,0.041,0.043,0.045,0.047,0.051,0.058,0.067,0.076,0.082,0.080,0.071,0.058,0.048,0.049,0.060,0.078,0.096,0.107,0.110,0.107,0.099,0.086,0.071,0.055,0.042,0.034,0.033,0.039,0.051,0.068,0.087,0.103,0.111,0.110,0.104,0.096,0.095,0.100,0.109,0.114,0.111,0.102,0.090,0.080,0.073,0.063,0.048,0.027,0.005,-0.013,-0.024,-0.026,-0.022,-0.012,0.002,0.014,-0.010
0.123,0.128,0.132,0.130,0.121,0.108,0.093,0.080,0.071,0.067,0.066,0.067,0.069,0.067,0.062,0.056,0.051,0.051,0.056,0.063,0.069,0.070,0.068,0.062,0.057,0.056,0.060,0.064,0.064,0.060,0.053,0.050,0.054,0.067,0.084,0.099,0.107,0.108,0.104,0.095,0.082,0.066,0.049,0.035,0.026,0.024,0.029,0.041,0.059,0.082,0.104,0.118,0.120,0.113,0.101,0.093,0.094,0.103,0.114,0.119,0.117,0.111,0.104,0.097,0.086,0.068,0.044,0.020,0.002,-0.008,-0.011,-0.007,0.002,0.014,0.024,0.001
0.107,0.115,0.123,0.126,0.121,0.109,0.094,0.079,0.069,0.065,0.065,0.068,0.071,0.070,0.066,0.061,0.059,0.062,0.070,0.082,0.091,0.095,0.090,0.079,0.066,0.058,0.056,0.058,0.059,0.058,0.055,0.057,0.065,0.080,0.096,0.107,0.112,0.110,0.104,0.094,0.082,0.066,0.048,0.032,0.020,0.014,0.016,0.026,0.045,0.070,0.096,0.115,0.121,0.114,0.098,0.084,0.081,0.088,0.103,0.116,0.122,0.121,0.117,0.109,0.095,0.076,0.052,0.029,0.013,0.005,0.004,0.008,0.014,0.021,0.029,0.009
0.096,0.105,0.116,0.125,0.126,0.118,0.103,0.087,0.074,0.067,0.065,0.067,0.069,0.070,0.068,0.064,0.062,0.065,0.076,0.090,0.104,0.112,0.110,0.100,0.086,0.075,0.069,0.068,0.067,0.065,0.064,0.069,0.080,0.097,0.113,0.122,0.123,0.116,0.107,0.096,0.084,0.069,0.052,0.034,0.018,0.007,0.005,0.012,0.030,0.056,0.083,0.105,0.115,0.110,0.093,0.075,0.065,0.070,0.085,0.103,0.117,0.121,0.118,0.109,0.093,0.072,0.049,0.028,0.015,0.011,0.013,0.019,0.024,0.029,0.034,0.015
0.094,0.103,0.115,0.126,0.132,0.130,0.120,0.103,0.086,0.074,0.067,0.065,0.066,0.068,0.066,0.063,0.061,0.063,0.073,0.088,0.104,0.117,0.121,0.118,0.109,0.101,0.094,0.089,0.084,0.079,0.077,0.082,0.095,0.114,0.130,0.139,0.137,0.126,0.111,0.097,0.085,0.072,0.057,0.040,0.022,0.009,0.002,0.007,0.022,0.046,0.073,0.096,0.108,0.106,0.092,0.073,0.059,0.057,0.069,0.088,0.106,0.115,0.115,0.105,0.087,0.064,0.039,0.018,0.006,0.005,0.013,0.024,0.032,0.038,0.043,0.023
0.100,0.108,0.119,0.130,0.139,0.141,0.136,0.122,0.104,0.086,0.073,0.066,0.065,0.065,0.064,0.061,0.059,0.059,0.067,0.079,0.095,0.109,0.118,0.122,0.122,0.120,0.117,0.111,0.102,0.092,0.087,0.091,0.106,0.126,0.144,0.152,0.148,0.134,0.114,0.096,0.081,0.069,0.057,0.045,0.030,0.017,0.010,0.012,0.026,0.048,0.072,0.093,0.106,0.108,0.098,0.083,0.068,0.060,0.064,0.078,0.095,0.108,0.111,0.102,0.083,0.057,0.029,0.005,-0.009,-0.010,0.001,0.018,0.034,0.045,0.053,0.029
0.108,0.114,0.123,0.132,0.140,0.146,0.146,0.138,0.121,0.102,0.085,0.074,0.070,0.068,0.066,0.062,0.058,0.057,0.061,0.070,0.082,0.093,0.103,0.112,0.119,0.125,0.127,0.124,0.113,0.101,0.093,0.095,0.109,0.130,0.149,0.157,0.152,0.134,0.111,0.089,0.071,0.058,0.049,0.042,0.034,0.027,0.024,0.028,0.040,0.060,0.082,0.101,0.113,0.117,0.111,0.100,0.087,0.077,0.074,0.079,0.091,0.103,0.109,0.103,0.084,0.057,0.025,-0.003,-0.022,-0.027,-0.016,0.004,0.026,0.044,0.055,0.026
0.114,0.117,0.121,0.127,0.133,0.141,0.146,0.144,0.134,0.118,0.102,0.089,0.081,0.076,0.071,0.066,0.060,0.057,0.058,0.062,0.068,0.076,0.084,0.094,0.106,0.118,0.126,0.125,0.116,0.103,0.093,0.094,0.106,0.126,0.144,0.152,0.146,0.127,0.102,0.077,0.056,0.041,0.033,0.030,0.030,0.032,0.036,0.045,0.060,0.079,0.098,0.115,0.127,0.131,0.128,0.120,0.109,0.097,0.089,0.088,0.094,0.104,0.111,0.107,0.089,0.060,0.027,-0.006,-0.029,-0.038,-0.031,-0.012,0.012,0.033,0.047,0.015
0.119,0.116,0.114,0.115,0.118,0.127,0.137,0.143,0.141,0.131,0.118,0.105,0.095,0.086,0.078,0.070,0.064,0.060,0.058,0.058,0.059,0.062,0.069,0.079,0.093,0.108,0.119,0.121,0.113,0.100,0.090,0.089,0.101,0.119,0.136,0.142,0.135,0.117,0.092,0.067,0.045,0.027,0.016,0.014,0.018,0.028,0.041,0.057,0.076,0.095,0.114,0.129,0.139,0.145,0.143,0.135,0.124,0.110,0.098,0.092,0.096,0.106,0.113,0.111,0.094,0.064,0.029,-0.005,-0.030,-0.042,-0.039,-0.025,-0.004,0.018,0.032,0.000
0.126,0.117,0.108,0.102,0.103,0.112,0.126,0.138,0.142,0.139,0.129,0.117,0.105,0.093,0.082,0.072,0.066,0.064,0.062,0.059,0.057,0.057,0.062,0.072,0.088,0.103,0.114,0.114,0.105,0.092,0.082,0.083,0.095,0.112,0.128,0.134,0.128,0.111,0.088,0.064,0.040,0.019,0.004,-0.001,0.004,0.017,0.037,0.059,0.082,0.103,0.122,0.136,0.147,0.153,0.151,0.142,0.127,0.109,0.095,0.088,0.092,0.103,0.113,0.111,0.094,0.064,0.027,-0.006,-0.031,-0.043,-0.042,-0.030,-0.012,0.007,0.022,-0.010
0.136,0.123,0.109,0.098,0.095,0.102,0.117,0.132,0.139,0.138,0.130,0.120,0.107,0.094,0.082,0.073,0.069,0.069,0.069,0.067,0.063,0.061,0.064,0.075,0.090,0.105,0.112,0.108,0.095,0.080,0.072,0.075,0.089,0.107,0.123,0.130,0.125,0.111,0.091,0.068,0.043,0.018,-0.002,-0.012,-0.011,0.003,0.024,0.050,0.076,0.100,0.120,0.136,0.148,0.154,0.152,0.140,0.123,0.103,0.086,0.079,0.084,0.096,0.106,0.106,0.088,0.057,0.021,-0.011,-0.032,-0.041,-0.038,-0.027,-0.010,0.009,0.024,-0.007
0.144,0.132,0.116,0.102,0.097,0.102,0.115,0.129,0.135,0.133,0.124,0.112,0.101,0.090,0.080,0.074,0.074,0.077,0.080,0.078,0.073,0.069,0.072,0.082,0.096,0.107,0.109,0.100,0.083,0.067,0.060,0.066,0.082,0.102,0.118,0.126,0.123,0.112,0.096,0.075,0.050,0.022,-0.003,-0.019,-0.022,-0.012,0.008,0.034,0.061,0.087,0.109,0.128,0.142,0.150,0.148,0.136,0.118,0.097,0.081,0.074,0.077,0.088,0.097,0.095,0.078,0.048,0.013,-0.017,-0.034,-0.038,-0.031,-0.016,0.004,0.025,0.040,0.008
0.147,0.140,0.126,0.113,0.107,0.111,0.121,0.132,0.135,0.129,0.117,0.104,0.094,0.087,0.082,0.082,0.086,0.092,0.095,0.092,0.084,0.077,0.077,0.085,0.098,0.106,0.103,0.089,0.071,0.056,0.051,0.059,0.076,0.095,0.110,0.117,0.116,0.109,0.097,0.080,0.057,0.029,0.001,-0.020,-0.028,-0.023,-0.007,0.017,0.044,0.070,0.095,0.117,0.134,0.143,0.143,0.132,0.116,0.097,0.082,0.074,0.074,0.080,0.085,0.082,0.065,0.036,0.003,-0.023,-0.036,-0.035,-0.022,-0.002,0.021,0.044,0.061,0.027
0.143,0.142,0.135,0.126,0.122,0.125,0.134,0.142,0.143,0.135,0.120,0.105,0.094,0.090,0.090,0.095,0.103,0.111,0.113,0.107,0.093,0.080,0.075,0.080,0.091,0.098,0.093,0.078,0.059,0.047,0.046,0.057,0.074,0.089,0.100,0.104,0.103,0.098,0.090,0.079,0.061,0.038,0.012,-0.011,-0.024,-0.025,-0.012,0.008,0.034,0.060,0.086,0.109,0.127,0.137,0.138,0.130,0.117,0.101,0.087,0.078,0.073,0.073,0.072,0.065,0.049,0.022,-0.007,-0.030,-0.040,-0.035,-0.018,0.005,0.032,0.058,0.076,0.040
0.134,0.138,0.138,0.135,0.135,0.139,0.147,0.154,0.155,0.147,0.134,0.118,0.107,0.102,0.103,0.110,0.121,0.130,0.131,0.121,0.101,0.081,0.068,0.069,0.078,0.086,0.082,0.067,0.049,0.038,0.042,0.058,0.078,0.092,0.097,0.096,0.090,0.084,0.078,0.071,0.060,0.044,0.023,0.003,-0.011,-0.015,-0.006,0.013,0.037,0.063,0.089,0.110,0.126,0.135,0.135,0.128,0.117,0.104,0.091,0.080,0.072,0.066,0.060,0.050,0.033,0.008,-0.018,-0.038,-0.046,-0.040,-0.022,0.004,0.032,0.060,0.079,0.043
0.128,0.133,0.136,0.138,0.143,0.149,0.156,0.162,0.163,0.157,0.147,0.135,0.126,0.121,0.121,0.128,0.137,0.144,0.143,0.130,0.106,0.079,0.060,0.056,0.064,0.073,0.073,0.060,0.042,0.032,0.039,0.061,0.086,0.103,0.107,0.099,0.086,0.074,0.066,0.059,0.052,0.042,0.029,0.015,0.005,0.002,0.010,0.028,0.052,0.078,0.102,0.120,0.130,0.134,0.131,0.123,0.114,0.103,0.092,0.081,0.071,0.062,0.052,0.039,0.021,-0.003,-0.028,-0.046,-0.053,-0.046,-0.028,-0.003,0.026,0.055,0.074,0.038
0.128,0.131,0.134,0.138,0.144,0.152,0.159,0.163,0.163,0.159,0.154,0.149,0.145,0.142,0.142,0.146,0.152,0.156,0.151,0.133,0.106,0.075,0.053,0.048,0.056,0.067,0.070,0.060,0.043,0.034,0.042,0.068,0.098,0.119,0.122,0.109,0.090,0.072,0.059,0.051,0.045,0.039,0.031,0.023,0.017,0.018,0.028,0.046,0.070,0.096,0.117,0.130,0.134,0.131,0.123,0.114,0.106,0.098,0.089,0.079,0.070,0.060,0.050,0.035,0.016,-0.009,-0.032,-0.049,-0.055,-0.048,-0.031,-0.007,0.021,0.050,0.068,0.032
0.132,0.133,0.134,0.136,0.141,0.148,0.153,0.156,0.157,0.156,0.158,0.160,0.162,0.162,0.163,0.165,0.168,0.168,0.158,0.136,0.105,0.073,0.052,0.048,0.059,0.073,0.079,0.071,0.055,0.046,0.055,0.081,0.112,0.133,0.134,0.118,0.095,0.073,0.058,0.050,0.045,0.041,0.035,0.030,0.027,0.030,0.041,0.060,0.085,0.109,0.127,0.134,0.132,0.124,0.113,0.105,0.098,0.092,0.085,0.078,0.071,0.063,0.054,0.039,0.019,-0.005,-0.028,-0.045,-0.050,-0.044,-0.028,-0.005,0.022,0.049,0.067,0.031
0.135,0.134,0.131,0.131,0.134,0.139,0.145,0.148,0.150,0.154,0.161,0.170,0.176,0.180,0.181,0.183,0.183,0.178,0.163,0.137,0.105,0.075,0.057,0.057,0.071,0.087,0.094,0.087,0.072,0.063,0.070,0.093,0.121,0.138,0.137,0.119,0.096,0.076,0.064,0.059,0.056,0.052,0.046,0.039,0.034,0.035,0.046,0.067,0.092,0.116,0.131,0.135,0.129,0.119,0.109,0.101,0.095,0.090,0.085,0.081,0.077,0.073,0.065,0.050,0.028,0.003,-0.019,-0.034,-0.040,-0.034,-0.018,0.006,0.033,0.056,0.071,0.039
0.132,0.130,0.125,0.122,0.125,0.131,0.137,0.142,0.148,0.156,0.168,0.180,0.188,0.192,0.192,0.191,0.188,0.180,0.162,0.135,0.105,0.080,0.067,0.072,0.088,0.104,0.110,0.101,0.084,0.073,0.077,0.096,0.119,0.132,0.129,0.113,0.093,0.079,0.074,0.075,0.074,0.069,0.059,0.047,0.036,0.034,0.044,0.066,0.094,0.119,0.134,0.137,0.131,0.123,0.114,0.107,0.102,0.098,0.094,0.092,0.091,0.088,0.079,0.061,0.038,0.012,-0.009,-0.022,-0.026,-0.018,0.001,0.026,0.051,0.071,0.082,0.053
0.124,0.122,0.116,0.113,0.116,0.123,0.132,0.141,0.151,0.163,0.177,0.188,0.195,0.195,0.192,0.186,0.179,0.168,0.151,0.130,0.107,0.090,0.084,0.091,0.107,0.119,0.120,0.106,0.086,0.071,0.072,0.087,0.106,0.118,0.116,0.103,0.088,0.081,0.083,0.088,0.090,0.084,0.070,0.051,0.036,0.030,0.040,0.065,0.095,0.122,0.138,0.141,0.137,0.130,0.124,0.120,0.116,0.112,0.110,0.109,0.108,0.103,0.089,0.068,0.042,0.017,-0.002,-0.012,-0.011,0.001,0.022,0.049,0.073,0.089,0.098,0.072
0.115,0.113,0.107,0.104,0.107,0.116,0.128,0.142,0.157,0.172,0.186,0.195,0.196,0.191,0.180,0.168,0.156,0.144,0.133,0.122,0.111,0.106,0.107,0.117,0.130,0.137,0.130,0.109,0.082,0.063,0.061,0.074,0.093,0.105,0.105,0.095,0.083,0.080,0.085,0.094,0.097,0.090,0.073,0.052,0.034,0.029,0.040,0.066,0.099,0.127,0.142,0.144,0.140,0.135,0.131,0.130,0.128,0.126,0.125,0.124,0.121,0.112,0.094,0.069,0.042,0.017,0.001,-0.005,0.001,0.017,0.040,0.067,0.091,0.105,0.113,0.088
0.110,0.108,0.103,0.100,0.102,0.110,0.125,0.143,0.163,0.181,0.194,0.198,0.193,0.180,0.162,0.142,0.126,0.115,0.111,0.112,0.116,0.124,0.134,0.147,0.157,0.157,0.142,0.114,0.081,0.058,0.054,0.067,0.087,0.102,0.104,0.096,0.086,0.082,0.086,0.094,0.096,0.087,0.069,0.048,0.033,0.031,0.045,0.073,0.107,0.134,0.147,0.147,0.140,0.133,0.129,0.130,0.131,0.131,0.130,0.129,0.125,0.114,0.095,0.069,0.042,0.019,0.005,0.001,0.008,0.024,0.047,0.073,0.095,0.108,0.116,0.092
0.113,0.112,0.108,0.103,0.103,0.110,0.126,0.148,0.170,0.189,0.198,0.197,0.185,0.165,0.140,0.115,0.097,0.089,0.092,0.104,0.121,0.140,0.157,0.171,0.178,0.173,0.153,0.120,0.085,0.060,0.055,0.069,0.092,0.110,0.116,0.110,0.100,0.093,0.093,0.095,0.092,0.080,0.061,0.043,0.032,0.036,0.054,0.084,0.117,0.143,0.154,0.151,0.140,0.129,0.122,0.120,0.122,0.123,0.125,0.125,0.121,0.111,0.094,0.071,0.047,0.026,0.011,0.006,0.009,0.021,0.041,0.063,0.083,0.095,0.102,0.080
0.126,0.125,0.120,0.114,0.112,0.118,0.134,0.156,0.178,0.193,0.198,0.190,0.173,0.148,0.120,0.095,0.077,0.073,0.083,0.103,0.127,0.151,0.170,0.182,0.186,0.176,0.154,0.122,0.090,0.068,0.065,0.081,0.107,0.128,0.137,0.133,0.122,0.112,0.105,0.099,0.089,0.072,0.053,0.038,0.033,0.042,0.064,0.095,0.127,0.151,0.160,0.155,0.141,0.126,0.114,0.108,0.107,0.109,0.112,0.115,0.114,0.107,0.093,0.074,0.054,0.034,0.018,0.008,0.005,0.010,0.023,0.041,0.059,0.070,0.077,0.056
0.142,0.141,0.135,0.127,0.123,0.129,0.145,0.166,0.183,0.192,0.190,0.177,0.157,0.133,0.108,0.086,0.074,0.074,0.087,0.108,0.132,0.153,0.169,0.177,0.177,0.167,0.147,0.120,0.094,0.078,0.080,0.099,0.127,0.151,0.162,0.158,0.144,0.129,0.115,0.101,0.085,0.067,0.049,0.037,0.036,0.048,0.072,0.103,0.134,0.157,0.165,0.160,0.144,0.125,0.108,0.098,0.094,0.096,0.101,0.106,0.107,0.102,0.091,0.075,0.057,0.038,0.020,0.004,-0.006,-0.008,0.001,0.017,0.033,0.045,0.052,0.030
0.153,0.153,0.147,0.138,0.133,0.138,0.152,0.168,0.180,0.181,0.174,0.160,0.142,0.123,0.105,0.091,0.085,0.088,0.098,0.114,0.130,0.145,0.156,0.162,0.162,0.154,0.138,0.118,0.100,0.090,0.096,0.118,0.146,0.170,0.179,0.173,0.156,0.135,0.117,0.099,0.081,0.063,0.047,0.038,0.038,0.050,0.074,0.104,0.134,0.157,0.167,0.163,0.148,0.128,0.108,0.094,0.088,0.089,0.094,0.099,0.102,0.098,0.088,0.073,0.055,0.035,0.016,-0.004,-0.019,-0.024,-0.019,-0.004,0.013,0.027,0.036,0.011
0.158,0.160,0.155,0.147,0.141,0.142,0.151,0.161,0.167,0.165,0.157,0.145,0.133,0.121,0.112,0.106,0.103,0.105,0.109,0.115,0.123,0.132,0.141,0.148,0.150,0.145,0.134,0.119,0.106,0.101,0.110,0.131,0.157,0.175,0.180,0.171,0.151,0.130,0.111,0.093,0.077,0.061,0.046,0.036,0.035,0.046,0.067,0.097,0.127,0.152,0.165,0.165,0.153,0.135,0.114,0.097,0.087,0.084,0.087,0.093,0.096,0.093,0.084,0.069,0.051,0.031,0.010,-0.010,-0.027,-0.035,-0.030,-0.017,0.001,0.018,0.030,0.001
0.160,0.164,0.163,0.156,0.148,0.144,0.146,0.150,0.152,0.150,0.145,0.139,0.132,0.127,0.124,0.124,0.124,0.123,0.120,0.118,0.118,0.123,0.132,0.141,0.146,0.143,0.133,0.120,0.111,0.109,0.118,0.136,0.155,0.166,0.165,0.153,0.135,0.117,0.102,0.088,0.075,0.060,0.045,0.033,0.029,0.037,0.056,0.083,0.114,0.141,0.160,0.166,0.160,0.145,0.125,0.106,0.091,0.082,0.080,0.084,0.087,0.086,0.078,0.064,0.046,0.026,0.006,-0.013,-0.028,-0.036,-0.033,-0.021,-0.003,0.015,0.028,-0.002
0.160,0.168,0.172,0.167,0.158,0.149,0.144,0.142,0.143,0.144,0.144,0.144,0.142,0.141,0.142,0.145,0.147,0.144,0.137,0.128,0.121,0.122,0.130,0.141,0.147,0.145,0.135,0.121,0.112,0.112,0.122,0.136,0.149,0.151,0.144,0.130,0.115,0.103,0.094,0.085,0.075,0.062,0.047,0.034,0.027,0.031,0.045,0.069,0.097,0.126,0.150,0.164,0.165,0.156,0.139,0.120,0.101,0.085,0.076,0.074,0.075,0.075,0.069,0.056,0.038,0.019,0.001,-0.014,-0.026,-0.031,-0.028,-0.016,-0.000,0.016,0.028,0.000
0.155,0.166,0.175,0.177,0.172,0.161,0.150,0.143,0.141,0.143,0.148,0.153,0.157,0.160,0.163,0.167,0.170,0.169,0.161,0.148,0.136,0.131,0.134,0.142,0.149,0.148,0.137,0.122,0.110,0.109,0.119,0.135,0.146,0.145,0.133,0.116,0.102,0.093,0.088,0.084,0.077,0.066,0.053,0.039,0.032,0.033,0.044,0.062,0.085,0.111,0.136,0.156,0.165,0.164,0.153,0.137,0.118,0.099,0.083,0.072,0.067,0.064,0.058,0.046,0.029,0.010,-0.005,-0.016,-0.023,-0.024,-0.018,-0.006,0.009,0.024,0.035,0.009
0.144,0.154,0.166,0.175,0.178,0.173,0.164,0.153,0.147,0.146,0.151,0.158,0.165,0.172,0.176,0.181,0.186,0.187,0.182,0.170,0.157,0.146,0.142,0.144,0.147,0.146,0.136,0.120,0.106,0.101,0.110,0.127,0.142,0.144,0.134,0.115,0.099,0.089,0.086,0.084,0.079,0.070,0.058,0.046,0.039,0.040,0.049,0.064,0.082,0.102,0.124,0.144,0.159,0.166,0.162,0.151,0.135,0.117,0.099,0.083,0.071,0.063,0.054,0.041,0.024,0.006,-0.009,-0.018,-0.021,-0.019,-0.010,0.005,0.022,0.038,0.049,0.022
0.133,0.137,0.146,0.157,0.167,0.172,0.170,0.164,0.157,0.152,0.152,0.156,0.163,0.171,0.177,0.182,0.187,0.189,0.187,0.180,0.169,0.158,0.150,0.146,0.143,0.138,0.127,0.112,0.098,0.092,0.099,0.115,0.132,0.139,0.132,0.116,0.099,0.088,0.085,0.085,0.081,0.073,0.061,0.051,0.046,0.048,0.058,0.071,0.087,0.102,0.117,0.134,0.149,0.159,0.162,0.156,0.146,0.131,0.115,0.098,0.084,0.071,0.059,0.045,0.028,0.010,-0.004,-0.013,-0.015,-0.010,-0.000,0.015,0.033,0.051,0.064,0.034
0.132,0.126,0.127,0.134,0.144,0.155,0.163,0.167,0.165,0.159,0.154,0.153,0.155,0.161,0.168,0.173,0.177,0.179,0.178,0.174,0.167,0.160,0.153,0.147,0.140,0.129,0.114,0.098,0.087,0.083,0.091,0.106,0.122,0.129,0.125,0.111,0.094,0.083,0.079,0.080,0.079,0.073,0.065,0.057,0.054,0.057,0.067,0.080,0.093,0.105,0.115,0.126,0.137,0.147,0.152,0.152,0.146,0.136,0.122,0.108,0.093,0.079,0.066,0.051,0.035,0.018,0.005,-0.002,-0.002,0.003,0.013,0.026,0.042,0.059,0.072,0.042
0.140,0.127,0.119,0.118,0.123,0.133,0.146,0.158,0.164,0.164,0.159,0.152,0.149,0.150,0.155,0.161,0.165,0.166,0.164,0.161,0.157,0.154,0.152,0.148,0.140,0.126,0.108,0.089,0.077,0.076,0.086,0.103,0.119,0.125,0.120,0.106,0.088,0.075,0.068,0.067,0.069,0.069,0.068,0.066,0.066,0.070,0.079,0.091,0.104,0.113,0.119,0.123,0.128,0.133,0.138,0.140,0.139,0.133,0.123,0.110,0.096,0.081,0.066,0.051,0.035,0.021,0.010,0.005,0.007,0.014,0.025,0.037,0.050,0.063,0.074,0.046
0.147,0.135,0.123,0.114,0.111,0.116,0.127,0.142,0.155,0.161,0.160,0.154,0.147,0.145,0.147,0.152,0.157,0.159,0.156,0.152,0.149,0.148,0.148,0.148,0.143,0.130,0.110,0.089,0.075,0.074,0.086,0.106,0.123,0.130,0.124,0.109,0.091,0.075,0.063,0.057,0.056,0.059,0.065,0.072,0.079,0.087,0.096,0.107,0.118,0.127,0.131,0.132,0.130,0.128,0.128,0.129,0.129,0.127,0.120,0.109,0.095,0.079,0.062,0.045,0.028,0.014,0.005,0.002,0.006,0.016,0.029,0.042,0.053,0.062,0.070,0.046
0.148,0.140,0.129,0.118,0.110,0.108,0.113,0.124,0.138,0.149,0.153,0.152,0.147,0.145,0.146,0.150,0.155,0.157,0.155,0.150,0.146,0.144,0.144,0.146,0.143,0.133,0.115,0.094,0.079,0.076,0.088,0.109,0.128,0.136,0.132,0.118,0.102,0.087,0.072,0.060,0.052,0.051,0.059,0.072,0.086,0.100,0.112,0.124,0.135,0.145,0.151,0.151,0.147,0.140,0.132,0.128,0.126,0.124,0.119,0.109,0.095,0.078,0.059,0.039,0.020,0.004,-0.005,-0.006,0.001,0.013,0.028,0.043,0.053,0.059,0.065,0.043
0.143,0.139,0.132,0.122,0.113,0.106,0.103,0.108,0.118,0.129,0.138,0.143,0.146,0.148,0.150,0.153,0.156,0.157,0.155,0.151,0.145,0.141,0.140,0.140,0.138,0.129,0.112,0.093,0.080,0.078,0.090,0.110,0.129,0.138,0.134,0.123,0.111,0.100,0.088,0.074,0.060,0.052,0.055,0.069,0.088,0.107,0.122,0.136,0.148,0.160,0.170,0.174,0.170,0.161,0.149,0.139,0.132,0.128,0.123,0.114,0.101,0.084,0.064,0.041,0.018,0.000,-0.010,-0.011,-0.002,0.013,0.030,0.045,0.053,0.057,0.060,0.042
0.138,0.136,0.132,0.125,0.117,0.109,0.102,0.099,0.102,0.109,0.119,0.130,0.140,0.149,0.155,0.159,0.160,0.160,0.157,0.152,0.146,0.140,0.137,0.135,0.130,0.119,0.103,0.085,0.074,0.075,0.087,0.107,0.125,0.132,0.129,0.120,0.111,0.106,0.100,0.088,0.073,0.060,0.059,0.069,0.088,0.108,0.126,0.141,0.155,0.168,0.180,0.188,0.187,0.179,0.164,0.150,0.140,0.134,0.129,0.124,0.115,0.101,0.082,0.057,0.029,0.006,-0.007,-0.008,0.003,0.021,0.039,0.053,0.059,0.059,0.061,0.045
0.134,0.132,0.131,0.129,0.125,0.119,0.112,0.104,0.099,0.100,0.107,0.119,0.133,0.147,0.159,0.165,0.167,0.166,0.163,0.158,0.151,0.145,0.140,0.136,0.129,0.114,0.094,0.076,0.065,0.068,0.083,0.102,0.119,0.125,0.122,0.114,0.107,0.103,0.100,0.093,0.081,0.069,0.067,0.075,0.092,0.112,0.130,0.145,0.157,0.170,0.181,0.189,0.190,0.183,0.169,0.153,0.142,0.136,0.135,0.136,0.135,0.128,0.111,0.085,0.053,0.024,0.005,0.002,0.014,0.034,0.054,0.067,0.070,0.067,0.067,0.055
0.130,0.129,0.130,0.133,0.136,0.137,0.133,0.124,0.114,0.108,0.110,0.119,0.133,0.149,0.163,0.174,0.179,0.180,0.177,0.172,0.165,0.159,0.154,0.150,0.141,0.123,0.098,0.075,0.063,0.066,0.082,0.102,0.118,0.124,0.121,0.113,0.104,0.098,0.093,0.087,0.078,0.073,0.075,0.086,0.104,0.123,0.141,0.153,0.163,0.171,0.178,0.183,0.183,0.178,0.165,0.152,0.141,0.138,0.142,0.150,0.158,0.159,0.147,0.121,0.086,0.051,0.027,0.021,0.031,0.051,0.072,0.085,0.087,0.081,0.079,0.071
0.124,0.124,0.128,0.136,0.146,0.154,0.156,0.150,0.140,0.131,0.128,0.132,0.142,0.157,0.173,0.187,0.196,0.200,0.199,0.194,0.186,0.180,0.177,0.173,0.164,0.145,0.118,0.091,0.076,0.078,0.093,0.113,0.128,0.133,0.130,0.121,0.110,0.098,0.087,0.077,0.070,0.069,0.078,0.095,0.117,0.139,0.158,0.170,0.177,0.181,0.182,0.181,0.179,0.175,0.166,0.158,0.151,0.151,0.157,0.169,0.182,0.188,0.180,0.156,0.120,0.083,0.055,0.045,0.053,0.071,0.091,0.102,0.103,0.095,0.092,0.086
0.121,0.122,0.127,0.137,0.150,0.163,0.170,0.169,0.162,0.153,0.147,0.148,0.154,0.167,0.184,0.201,0.214,0.222,0.222,0.217,0.210,0.204,0.200,0.197,0.188,0.171,0.146,0.120,0.104,0.104,0.118,0.135,0.148,0.152,0.147,0.137,0.124,0.107,0.089,0.074,0.065,0.065,0.077,0.098,0.124,0.150,0.173,0.189,0.198,0.200,0.198,0.193,0.187,0.183,0.180,0.178,0.176,0.178,0.182,0.191,0.202,0.208,0.203,0.183,0.150,0.113,0.084,0.071,0.075,0.090,0.106,0.115,0.113,0.105,0.101,0.096
0.128,0.128,0.131,0.137,0.148,0.161,0.171,0.173,0.169,0.161,0.155,0.154,0.159,0.170,0.187,0.206,0.223,0.232,0.235,0.232,0.226,0.221,0.217,0.212,0.204,0.189,0.169,0.149,0.136,0.136,0.148,0.162,0.172,0.173,0.168,0.158,0.143,0.123,0.100,0.080,0.067,0.065,0.075,0.094,0.120,0.148,0.175,0.196,0.211,0.218,0.218,0.212,0.205,0.201,0.201,0.204,0.208,0.209,0.209,0.209,0.211,0.212,0.208,0.193,0.167,0.136,0.109,0.095,0.095,0.105,0.117,0.123,0.119,0.110,0.106,0.100
0.145,0.143,0.142,0.144,0.149,0.158,0.167,0.172,0.171,0.165,0.159,0.157,0.160,0.170,0.186,0.204,0.219,0.229,0.232,0.231,0.230,0.229,0.226,0.220,0.211,0.198,0.184,0.171,0.164,0.165,0.173,0.184,0.191,0.190,0.185,0.175,0.161,0.142,0.117,0.093,0.076,0.069,0.074,0.088,0.109,0.135,0.162,0.187,0.208,0.223,0.231,0.231,0.226,0.222,0.222,0.227,0.233,0.235,0.229,0.219,0.209,0.201,0.194,0.185,0.171,0.150,0.131,0.118,0.116,0.121,0.129,0.133,0.128,0.117,0.113,0.108
0.165,0.162,0.159,0.158,0.160,0.165,0.173,0.178,0.179,0.176,0.172,0.168,0.169,0.176,0.189,0.204,0.216,0.221,0.220,0.219,0.221,0.226,0.229,0.226,0.217,0.206,0.197,0.192,0.190,0.191,0.195,0.200,0.202,0.199,0.193,0.186,0.175,0.158,0.134,0.107,0.085,0.074,0.074,0.083,0.099,0.119,0.143,0.167,0.191,0.213,0.231,0.241,0.244,0.244,0.243,0.246,0.251,0.252,0.243,0.226,0.204,0.185,0.173,0.165,0.160,0.153,0.146,0.141,0.140,0.144,0.149,0.151,0.147,0.136,0.132,0.127
0.186,0.181,0.176,0.175,0.177,0.182,0.189,0.195,0.197,0.196,0.192,0.188,0.185,0.189,0.200,0.212,0.221,0.222,0.217,0.212,0.213,0.221,0.227,0.228,0.222,0.214,0.210,0.212,0.218,0.223,0.223,0.219,0.212,0.203,0.195,0.190,0.183,0.171,0.150,0.123,0.097,0.080,0.075,0.081,0.094,0.111,0.130,0.150,0.173,0.197,0.222,0.243,0.256,0.264,0.265,0.266,0.268,0.266,0.255,0.234,0.206,0.177,0.156,0.145,0.143,0.147,0.153,0.160,0.166,0.171,0.174,0.176,0.173,0.165,0.163,0.156
0.203,0.195,0.189,0.187,0.191,0.198,0.208,0.215,0.218,0.216,0.211,0.204,0.197,0.198,0.206,0.218,0.229,0.232,0.227,0.221,0.220,0.226,0.232,0.233,0.228,0.221,0.221,0.230,0.245,0.255,0.257,0.248,0.231,0.212,0.198,0.191,0.188,0.180,0.164,0.139,0.111,0.090,0.081,0.085,0.096,0.111,0.127,0.143,0.162,0.185,0.213,0.240,0.262,0.277,0.282,0.283,0.282,0.276,0.263,0.239,0.209,0.176,0.149,0.132,0.129,0.136,0.151,0.169,0.183,0.192,0.195,0.196,0.195,0.191,0.191,0.181
0.215,0.204,0.195,0.192,0.197,0.208,0.220,0.229,0.231,0.228,0.220,0.208,0.198,0.194,0.200,0.214,0.230,0.239,0.241,0.239,0.240,0.245,0.248,0.246,0.237,0.228,0.228,0.240,0.261,0.279,0.285,0.275,0.253,0.226,0.205,0.193,0.189,0.185,0.174,0.153,0.128,0.105,0.095,0.096,0.106,0.120,0.133,0.146,0.161,0.183,0.210,0.240,0.266,0.284,0.292,0.293,0.289,0.279,0.262,0.237,0.206,0.173,0.143,0.124,0.118,0.125,0.144,0.167,0.188,0.199,0.202,0.202,0.201,0.200,0.202,0.190
0.219,0.206,0.195,0.191,0.196,0.208,0.222,0.232,0.233,0.227,0.216,0.202,0.190,0.184,0.189,0.205,0.224,0.240,0.249,0.254,0.260,0.268,0.271,0.264,0.250,0.235,0.230,0.240,0.262,0.285,0.296,0.290,0.268,0.237,0.211,0.194,0.188,0.186,0.180,0.166,0.147,0.128,0.117,0.118,0.127,0.140,0.151,0.160,0.172,0.192,0.218,0.246,0.271,0.289,0.295,0.295,0.288,0.274,0.254,0.228,0.197,0.164,0.135,0.115,0.108,0.114,0.133,0.159,0.181,0.193,0.195,0.192,0.189,0.188,0.190,0.178
0.214,0.202,0.191,0.185,0.190,0.202,0.216,0.224,0.223,0.215,0.204,0.192,0.181,0.177,0.183,0.198,0.217,0.235,0.247,0.256,0.267,0.278,0.283,0.277,0.260,0.240,0.227,0.231,0.250,0.273,0.290,0.290,0.272,0.242,0.213,0.194,0.185,0.184,0.184,0.179,0.169,0.156,0.149,0.150,0.158,0.170,0.179,0.187,0.196,0.213,0.235,0.259,0.279,0.293,0.296,0.292,0.282,0.266,0.244,0.218,0.187,0.156,0.128,0.107,0.099,0.104,0.123,0.148,0.169,0.180,0.179,0.171,0.163,0.159,0.161,0.150
0.204,0.195,0.185,0.179,0.181,0.191,0.203,0.210,0.208,0.200,0.191,0.185,0.180,0.180,0.186,0.198,0.212,0.225,0.234,0.243,0.254,0.269,0.278,0.275,0.258,0.235,0.216,0.213,0.227,0.250,0.271,0.277,0.267,0.242,0.214,0.193,0.183,0.182,0.187,0.191,0.190,0.185,0.182,0.184,0.192,0.202,0.211,0.218,0.227,0.241,0.258,0.276,0.290,0.298,0.298,0.292,0.280,0.262,0.240,0.214,0.185,0.154,0.124,0.102,0.093,0.097,0.114,0.137,0.157,0.165,0.160,0.147,0.133,0.126,0.127,0.119
0.190,0.186,0.179,0.173,0.173,0.180,0.190,0.196,0.196,0.191,0.187,0.186,0.187,0.191,0.197,0.203,0.208,0.212,0.214,0.220,0.232,0.248,0.259,0.258,0.242,0.216,0.194,0.187,0.198,0.222,0.247,0.261,0.259,0.240,0.216,0.195,0.183,0.182,0.188,0.197,0.203,0.204,0.206,0.209,0.216,0.225,0.233,0.241,0.250,0.262,0.276,0.290,0.300,0.306,0.304,0.298,0.286,0.268,0.246,0.220,0.190,0.157,0.125,0.099,0.086,0.088,0.103,0.124,0.142,0.148,0.141,0.125,0.108,0.101,0.103,0.094
0.177,0.176,0.172,0.165,0.163,0.167,0.176,0.186,0.191,0.192,0.192,0.195,0.199,0.205,0.209,0.208,0.203,0.196,0.192,0.197,0.210,0.228,0.239,0.235,0.215,0.186,0.160,0.151,0.163,0.191,0.222,0.244,0.251,0.240,0.220,0.200,0.186,0.182,0.186,0.194,0.202,0.207,0.213,0.218,0.224,0.229,0.234,0.240,0.249,0.263,0.279,0.295,0.308,0.316,0.317,0.313,0.301,0.284,0.260,0.233,0.200,0.164,0.127,0.096,0.077,0.073,0.084,0.103,0.120,0.126,0.121,0.107,0.094,0.093,0.099,0.083
0.169,0.168,0.163,0.155,0.150,0.152,0.163,0.178,0.191,0.199,0.203,0.206,0.210,0.214,0.214,0.206,0.191,0.176,0.169,0.176,0.194,0.214,0.223,0.212,0.183,0.145,0.116,0.107,0.122,0.155,0.195,0.227,0.244,0.241,0.226,0.207,0.191,0.182,0.181,0.185,0.192,0.199,0.206,0.213,0.216,0.216,0.214,0.215,0.223,0.241,0.265,0.290,0.313,0.330,0.337,0.335,0.325,0.306,0.279,0.247,0.211,0.170,0.128,0.090,0.063,0.051,0.055,0.070,0.087,0.098,0.100,0.095,0.092,0.103,0.117,0.090
0.166,0.162,0.154,0.143,0.135,0.137,0.151,0.173,0.193,0.206,0.212,0.213,0.214,0.215,0.211,0.196,0.173,0.152,0.145,0.157,0.182,0.207,0.213,0.193,0.151,0.102,0.067,0.058,0.078,0.118,0.166,0.209,0.236,0.242,0.232,0.215,0.197,0.183,0.177,0.177,0.181,0.188,0.197,0.203,0.203,0.195,0.183,0.176,0.182,0.205,0.240,0.280,0.317,0.345,0.359,0.361,0.350,0.328,0.296,0.259,0.219,0.175,0.129,0.085,0.048,0.024,0.019,0.030,0.049,0.068,0.080,0.088,0.099,0.125,0.148,0.107
